invoice_id,customer_id,invoice_date,due_date,amount_usd,payment_terms_days,status
HIST-000001,CUS-0017,2025-09-11,2025-10-11,14080.06,30,paid
HIST-000002,CUS-0085,2026-05-09,2026-06-08,80990.49,30,paid
HIST-000003,CUS-0122,2026-02-08,2026-03-25,7688.2,45,paid
HIST-000004,CUS-0021,2025-03-13,2025-04-27,68557.9,45,paid
HIST-000005,CUS-0059,2026-01-31,2026-04-01,80117.57,60,paid
HIST-000006,CUS-0030,2026-03-27,2026-05-26,83485.45,60,paid
HIST-000007,CUS-0157,2025-06-10,2025-07-25,95906.1,45,paid
HIST-000008,CUS-0008,2025-06-18,2025-08-17,8064.11,60,paid
HIST-000009,CUS-0008,2025-10-03,2025-11-17,14013.69,45,paid
HIST-000010,CUS-0022,2025-08-04,2025-09-18,86679.07,45,paid
HIST-000011,CUS-0081,2025-12-25,2026-01-24,44441.25,30,paid
HIST-000012,CUS-0049,2026-01-15,2026-02-14,41824.82,30,paid
HIST-000013,CUS-0059,2026-02-21,2026-03-23,39285.76,30,paid
HIST-000014,CUS-0118,2025-04-02,2025-05-17,28112.47,45,paid
HIST-000015,CUS-0008,2025-04-27,2025-05-12,52742.45,15,paid
HIST-000016,CUS-0120,2025-11-17,2025-12-17,12394.04,30,paid
HIST-000017,CUS-0019,2026-01-19,2026-03-05,69313.68,45,paid
HIST-000018,CUS-0101,2025-06-23,2025-07-08,37936.41,15,paid
HIST-000019,CUS-0026,2025-05-05,2025-06-19,31331.89,45,paid
HIST-000020,CUS-0073,2025-04-29,2025-05-29,130724.68,30,paid
HIST-000021,CUS-0081,2025-06-26,2025-07-26,59714.31,30,paid
HIST-000022,CUS-0133,2025-10-15,2025-11-29,19719.65,45,paid
HIST-000023,CUS-0154,2026-06-03,2026-07-18,22509.58,45,paid
HIST-000024,CUS-0078,2025-11-11,2025-12-26,77941.06,45,paid
HIST-000025,CUS-0003,2026-01-09,2026-03-10,24392.87,60,paid
HIST-000026,CUS-0078,2025-12-29,2026-01-28,156717.23,30,paid
HIST-000027,CUS-0141,2025-06-17,2025-08-01,31381.06,45,paid
HIST-000028,CUS-0010,2025-04-17,2025-06-16,35626.44,60,paid
HIST-000029,CUS-0071,2026-05-05,2026-06-04,31691.0,30,paid
HIST-000030,CUS-0106,2025-04-19,2025-05-19,28947.9,30,paid
HIST-000031,CUS-0054,2025-07-22,2025-09-05,17076.91,45,paid
HIST-000032,CUS-0050,2026-05-08,2026-06-07,48518.82,30,paid
HIST-000033,CUS-0107,2025-07-01,2025-08-30,4330.92,60,paid
HIST-000034,CUS-0059,2026-03-14,2026-04-13,20283.18,30,paid
HIST-000035,CUS-0061,2026-02-23,2026-03-25,38728.45,30,paid
HIST-000036,CUS-0060,2026-01-23,2026-02-22,44999.43,30,paid
HIST-000037,CUS-0014,2026-05-21,2026-07-05,57379.22,45,paid
HIST-000038,CUS-0125,2025-06-30,2025-08-14,23449.0,45,paid
HIST-000039,CUS-0078,2026-04-21,2026-06-05,38735.41,45,paid
HIST-000040,CUS-0010,2026-05-27,2026-06-26,26070.24,30,paid
HIST-000041,CUS-0123,2026-05-11,2026-06-10,58442.2,30,paid
HIST-000042,CUS-0149,2025-11-19,2025-12-19,47410.95,30,paid
HIST-000043,CUS-0008,2026-02-05,2026-03-22,81970.48,45,paid
HIST-000044,CUS-0114,2026-01-11,2026-02-10,66014.24,30,paid
HIST-000045,CUS-0105,2025-09-13,2025-10-13,17879.95,30,paid
HIST-000046,CUS-0074,2025-10-21,2025-12-20,155203.86,60,paid
HIST-000047,CUS-0140,2025-05-31,2025-07-15,20256.32,45,paid
HIST-000048,CUS-0025,2026-01-18,2026-02-17,62375.18,30,paid
HIST-000049,CUS-0118,2025-10-06,2025-11-20,91851.48,45,paid
HIST-000050,CUS-0011,2025-10-28,2025-11-12,50308.26,15,paid
HIST-000051,CUS-0141,2025-08-23,2025-09-07,31005.0,15,paid
HIST-000052,CUS-0082,2026-03-27,2026-04-11,33632.02,15,paid
HIST-000053,CUS-0143,2025-07-17,2025-08-31,82558.04,45,paid
HIST-000054,CUS-0071,2026-04-17,2026-06-01,39639.56,45,paid
HIST-000055,CUS-0092,2025-10-09,2025-11-23,14957.39,45,paid
HIST-000056,CUS-0101,2025-07-27,2025-09-25,23249.08,60,paid
HIST-000057,CUS-0026,2026-02-16,2026-03-18,171168.34,30,paid
HIST-000058,CUS-0034,2026-04-20,2026-05-20,21393.84,30,paid
HIST-000059,CUS-0101,2025-05-12,2025-06-11,157061.29,30,paid
HIST-000060,CUS-0091,2025-04-16,2025-05-16,35724.47,30,paid
HIST-000061,CUS-0121,2026-03-11,2026-04-10,29241.84,30,paid
HIST-000062,CUS-0081,2025-05-19,2025-06-03,25401.88,15,paid
HIST-000063,CUS-0115,2025-04-01,2025-05-01,73028.86,30,paid
HIST-000064,CUS-0059,2025-09-07,2025-11-06,53639.58,60,paid
HIST-000065,CUS-0024,2026-04-15,2026-05-30,63069.97,45,paid
HIST-000066,CUS-0135,2026-02-11,2026-03-13,78453.74,30,paid
HIST-000067,CUS-0148,2025-03-23,2025-04-07,62549.98,15,paid
HIST-000068,CUS-0101,2025-04-16,2025-05-31,42906.84,45,paid
HIST-000069,CUS-0006,2026-01-07,2026-02-21,24710.56,45,paid
HIST-000070,CUS-0117,2026-02-22,2026-03-24,45979.07,30,paid
HIST-000071,CUS-0008,2025-09-02,2025-10-17,21090.83,45,paid
HIST-000072,CUS-0041,2025-12-14,2026-01-13,73757.6,30,paid
HIST-000073,CUS-0040,2025-03-24,2025-04-23,38690.01,30,paid
HIST-000074,CUS-0072,2025-08-17,2025-09-16,200651.01,30,paid
HIST-000075,CUS-0129,2025-12-06,2025-12-21,40295.97,15,paid
HIST-000076,CUS-0138,2025-05-06,2025-06-20,37947.73,45,paid
HIST-000077,CUS-0127,2025-10-31,2025-12-15,34046.95,45,paid
HIST-000078,CUS-0069,2025-05-06,2025-06-05,30321.6,30,paid
HIST-000079,CUS-0068,2026-03-15,2026-04-14,77306.62,30,paid
HIST-000080,CUS-0064,2025-05-14,2025-06-13,55795.27,30,paid
HIST-000081,CUS-0026,2025-11-03,2025-12-03,38718.94,30,paid
HIST-000082,CUS-0059,2026-01-14,2026-02-13,63251.41,30,paid
HIST-000083,CUS-0043,2026-03-09,2026-05-08,53365.64,60,paid
HIST-000084,CUS-0032,2025-04-25,2025-05-25,30328.98,30,paid
HIST-000085,CUS-0029,2025-08-25,2025-09-24,33192.09,30,paid
HIST-000086,CUS-0122,2026-04-18,2026-05-18,25957.51,30,paid
HIST-000087,CUS-0020,2025-05-06,2025-06-20,105777.94,45,paid
HIST-000088,CUS-0102,2026-01-08,2026-02-22,48371.78,45,paid
HIST-000089,CUS-0075,2025-03-14,2025-04-13,153404.91,30,paid
HIST-000090,CUS-0007,2025-03-24,2025-04-23,128098.8,30,paid
HIST-000091,CUS-0051,2025-10-17,2025-11-16,30399.53,30,paid
HIST-000092,CUS-0072,2025-06-11,2025-07-26,172777.22,45,paid
HIST-000093,CUS-0081,2026-04-11,2026-04-26,118592.61,15,paid
HIST-000094,CUS-0158,2026-03-09,2026-04-23,24390.98,45,paid
HIST-000095,CUS-0134,2026-04-06,2026-05-21,179540.64,45,paid
HIST-000096,CUS-0009,2025-11-29,2026-01-13,5217.45,45,paid
HIST-000097,CUS-0085,2025-07-04,2025-08-18,32208.88,45,paid
HIST-000098,CUS-0122,2025-05-03,2025-07-02,66701.08,60,paid
HIST-000099,CUS-0085,2025-05-10,2025-06-09,12297.44,30,paid
HIST-000100,CUS-0061,2026-01-29,2026-02-28,71657.99,30,paid
HIST-000101,CUS-0115,2026-02-21,2026-04-07,8115.1,45,paid
HIST-000102,CUS-0048,2026-03-10,2026-04-09,63586.32,30,paid
HIST-000103,CUS-0125,2025-11-19,2026-01-18,256310.62,60,paid
HIST-000104,CUS-0008,2026-03-31,2026-04-30,58942.78,30,paid
HIST-000105,CUS-0030,2025-07-06,2025-08-20,30333.67,45,paid
HIST-000106,CUS-0121,2025-04-30,2025-05-30,119006.37,30,paid
HIST-000107,CUS-0072,2025-03-17,2025-04-16,102665.64,30,paid
HIST-000108,CUS-0032,2026-04-23,2026-05-23,73252.64,30,paid
HIST-000109,CUS-0101,2025-03-29,2025-05-13,72816.87,45,paid
HIST-000110,CUS-0078,2026-02-25,2026-03-27,29049.8,30,paid
HIST-000111,CUS-0066,2025-03-22,2025-04-21,24227.62,30,paid
HIST-000112,CUS-0113,2025-12-12,2025-12-27,36095.67,15,paid
HIST-000113,CUS-0083,2026-04-06,2026-06-05,23164.08,60,paid
HIST-000114,CUS-0149,2026-04-26,2026-05-26,52541.19,30,paid
HIST-000115,CUS-0107,2025-12-13,2026-01-27,19443.82,45,paid
HIST-000116,CUS-0005,2025-10-06,2025-11-05,118767.71,30,paid
HIST-000117,CUS-0160,2026-03-29,2026-05-13,43269.73,45,paid
HIST-000118,CUS-0088,2025-07-13,2025-08-12,23216.81,30,paid
HIST-000119,CUS-0055,2025-03-25,2025-04-24,40579.56,30,paid
HIST-000120,CUS-0082,2025-12-24,2026-02-07,52203.14,45,paid
HIST-000121,CUS-0158,2026-05-20,2026-06-19,131008.57,30,paid
HIST-000122,CUS-0056,2025-03-14,2025-04-28,12240.19,45,paid
HIST-000123,CUS-0047,2025-11-20,2025-12-20,66742.07,30,paid
HIST-000124,CUS-0144,2026-03-24,2026-04-23,17328.56,30,paid
HIST-000125,CUS-0115,2026-03-26,2026-05-10,85883.03,45,paid
HIST-000126,CUS-0103,2026-03-07,2026-04-21,45129.98,45,paid
HIST-000127,CUS-0008,2026-03-02,2026-04-16,48424.87,45,paid
HIST-000128,CUS-0016,2026-01-31,2026-03-17,77556.84,45,paid
HIST-000129,CUS-0073,2025-07-11,2025-08-10,24920.19,30,paid
HIST-000130,CUS-0048,2025-05-26,2025-06-10,27606.43,15,paid
HIST-000131,CUS-0061,2026-02-12,2026-03-14,55800.0,30,paid
HIST-000132,CUS-0051,2025-06-23,2025-07-23,120175.66,30,paid
HIST-000133,CUS-0117,2026-02-08,2026-02-23,203815.12,15,paid
HIST-000134,CUS-0037,2026-01-31,2026-03-02,24938.84,30,paid
HIST-000135,CUS-0046,2025-05-09,2025-06-23,42819.41,45,paid
HIST-000136,CUS-0136,2025-06-22,2025-07-22,24704.99,30,paid
HIST-000137,CUS-0006,2025-05-24,2025-07-08,19400.74,45,paid
HIST-000138,CUS-0005,2026-03-18,2026-04-17,18977.89,30,paid
HIST-000139,CUS-0061,2025-06-23,2025-08-07,143747.26,45,paid
HIST-000140,CUS-0105,2025-04-12,2025-05-27,41823.72,45,paid
HIST-000141,CUS-0101,2026-03-06,2026-04-05,30587.93,30,paid
HIST-000142,CUS-0077,2025-11-16,2025-12-31,15622.65,45,paid
HIST-000143,CUS-0048,2025-11-23,2025-12-23,49892.23,30,paid
HIST-000144,CUS-0067,2026-03-19,2026-04-18,15588.91,30,paid
HIST-000145,CUS-0149,2025-06-04,2025-07-04,105383.9,30,paid
HIST-000146,CUS-0065,2025-08-28,2025-09-27,24365.76,30,paid
HIST-000147,CUS-0144,2026-03-21,2026-05-05,29316.42,45,paid
HIST-000148,CUS-0028,2026-05-09,2026-07-08,151244.73,60,paid
HIST-000149,CUS-0034,2026-05-15,2026-07-14,90371.17,60,paid
HIST-000150,CUS-0003,2025-04-17,2025-06-01,29436.16,45,paid
HIST-000151,CUS-0009,2026-03-30,2026-04-29,109212.54,30,paid
HIST-000152,CUS-0074,2025-09-15,2025-10-15,10647.44,30,paid
HIST-000153,CUS-0071,2026-03-21,2026-04-20,57572.65,30,paid
HIST-000154,CUS-0019,2025-12-21,2026-02-04,115571.39,45,paid
HIST-000155,CUS-0024,2025-06-26,2025-07-11,7305.81,15,paid
HIST-000156,CUS-0073,2026-04-17,2026-05-17,40940.78,30,paid
HIST-000157,CUS-0042,2025-09-24,2025-10-24,37131.53,30,paid
HIST-000158,CUS-0115,2026-05-23,2026-06-22,26373.19,30,paid
HIST-000159,CUS-0126,2025-08-12,2025-09-11,81791.86,30,paid
HIST-000160,CUS-0006,2025-06-25,2025-08-09,31545.22,45,paid
HIST-000161,CUS-0145,2025-04-27,2025-05-12,50182.99,15,paid
HIST-000162,CUS-0003,2025-12-22,2026-02-05,47010.91,45,paid
HIST-000163,CUS-0069,2025-08-20,2025-09-19,17780.99,30,paid
HIST-000164,CUS-0056,2026-02-19,2026-03-21,23888.63,30,paid
HIST-000165,CUS-0030,2025-05-29,2025-07-13,42474.21,45,paid
HIST-000166,CUS-0014,2025-04-03,2025-04-18,74925.44,15,paid
HIST-000167,CUS-0006,2026-03-02,2026-04-01,83424.67,30,paid
HIST-000168,CUS-0001,2026-03-16,2026-04-15,120476.91,30,paid
HIST-000169,CUS-0005,2025-04-11,2025-05-11,51592.53,30,paid
HIST-000170,CUS-0028,2026-01-08,2026-02-07,87079.62,30,paid
HIST-000171,CUS-0055,2025-06-22,2025-07-22,194070.9,30,paid
HIST-000172,CUS-0116,2026-05-28,2026-07-27,70731.07,60,paid
HIST-000173,CUS-0056,2025-09-23,2025-11-07,35584.33,45,paid
HIST-000174,CUS-0001,2025-04-17,2025-06-01,74961.59,45,paid
HIST-000175,CUS-0109,2025-04-13,2025-05-13,22601.32,30,paid
HIST-000176,CUS-0065,2025-06-04,2025-07-19,57608.53,45,paid
HIST-000177,CUS-0077,2025-07-23,2025-08-07,50636.61,15,paid
HIST-000178,CUS-0132,2025-10-21,2025-12-05,12589.88,45,paid
HIST-000179,CUS-0134,2025-06-23,2025-07-23,13759.07,30,paid
HIST-000180,CUS-0101,2026-04-14,2026-05-14,50278.34,30,paid
HIST-000181,CUS-0103,2026-03-21,2026-04-20,41031.78,30,paid
HIST-000182,CUS-0019,2025-06-29,2025-08-13,14294.75,45,paid
HIST-000183,CUS-0049,2025-03-18,2025-04-17,13551.57,30,paid
HIST-000184,CUS-0103,2025-05-28,2025-06-12,32066.14,15,paid
HIST-000185,CUS-0027,2025-04-18,2025-05-18,56961.84,30,paid
HIST-000186,CUS-0037,2025-10-11,2025-11-10,45286.89,30,paid
HIST-000187,CUS-0060,2025-11-20,2025-12-20,65612.47,30,paid
HIST-000188,CUS-0085,2025-12-20,2026-02-03,70795.78,45,paid
HIST-000189,CUS-0092,2026-04-10,2026-05-25,55002.47,45,paid
HIST-000190,CUS-0112,2025-07-17,2025-08-16,62620.02,30,paid
HIST-000191,CUS-0036,2025-05-06,2025-06-05,38037.42,30,paid
HIST-000192,CUS-0083,2025-11-13,2025-12-28,6858.92,45,paid
HIST-000193,CUS-0071,2025-04-15,2025-05-15,99611.35,30,paid
HIST-000194,CUS-0004,2025-04-09,2025-05-09,26343.11,30,paid
HIST-000195,CUS-0158,2025-10-31,2025-12-15,11873.78,45,paid
HIST-000196,CUS-0107,2025-06-23,2025-08-22,142487.79,60,paid
HIST-000197,CUS-0090,2025-11-01,2025-12-01,27788.08,30,paid
HIST-000198,CUS-0061,2026-04-20,2026-05-20,65766.97,30,paid
HIST-000199,CUS-0059,2025-10-01,2025-11-15,37155.35,45,paid
HIST-000200,CUS-0075,2025-04-11,2025-05-26,109687.52,45,paid
HIST-000201,CUS-0002,2025-08-12,2025-09-11,36466.15,30,paid
HIST-000202,CUS-0035,2025-11-15,2025-12-15,35913.76,30,paid
HIST-000203,CUS-0155,2025-08-06,2025-09-05,23936.27,30,paid
HIST-000204,CUS-0061,2025-10-30,2025-11-29,105967.71,30,paid
HIST-000205,CUS-0084,2026-01-10,2026-02-09,79994.99,30,paid
HIST-000206,CUS-0029,2025-10-19,2025-11-18,54637.58,30,paid
HIST-000207,CUS-0034,2025-06-24,2025-07-09,32992.4,15,paid
HIST-000208,CUS-0033,2026-02-16,2026-04-02,78664.91,45,paid
HIST-000209,CUS-0033,2025-08-10,2025-08-25,46533.53,15,paid
HIST-000210,CUS-0135,2025-09-06,2025-10-21,41290.63,45,paid
HIST-000211,CUS-0070,2026-05-12,2026-06-11,44087.42,30,paid
HIST-000212,CUS-0002,2025-11-03,2025-12-03,45095.42,30,paid
HIST-000213,CUS-0079,2025-06-03,2025-07-18,18002.36,45,paid
HIST-000214,CUS-0036,2025-11-20,2026-01-04,58069.81,45,paid
HIST-000215,CUS-0111,2026-05-12,2026-06-11,20497.6,30,paid
HIST-000216,CUS-0095,2025-03-28,2025-04-27,15718.06,30,paid
HIST-000217,CUS-0098,2025-07-24,2025-09-07,14989.19,45,paid
HIST-000218,CUS-0053,2025-09-11,2025-11-10,14519.19,60,paid
HIST-000219,CUS-0110,2026-01-14,2026-02-28,149153.39,45,paid
HIST-000220,CUS-0160,2025-04-28,2025-06-27,42355.99,60,paid
HIST-000221,CUS-0086,2025-06-04,2025-07-04,57138.47,30,paid
HIST-000222,CUS-0103,2025-05-01,2025-05-16,91563.43,15,paid
HIST-000223,CUS-0156,2025-08-08,2025-09-22,28455.96,45,paid
HIST-000224,CUS-0052,2026-04-23,2026-06-07,87719.09,45,paid
HIST-000225,CUS-0085,2025-07-23,2025-08-22,69091.92,30,paid
HIST-000226,CUS-0102,2026-05-21,2026-06-20,45615.88,30,paid
HIST-000227,CUS-0096,2025-08-10,2025-09-24,18044.98,45,paid
HIST-000228,CUS-0085,2025-09-03,2025-10-03,43959.73,30,paid
HIST-000229,CUS-0054,2026-04-28,2026-05-28,33088.88,30,paid
HIST-000230,CUS-0140,2026-06-01,2026-07-01,63552.17,30,paid
HIST-000231,CUS-0061,2025-12-15,2026-01-14,32858.57,30,paid
HIST-000232,CUS-0140,2026-03-25,2026-04-24,75706.61,30,paid
HIST-000233,CUS-0012,2025-08-06,2025-10-05,249390.85,60,paid
HIST-000234,CUS-0009,2026-02-14,2026-03-16,26109.16,30,paid
HIST-000235,CUS-0107,2026-04-02,2026-05-17,5360.86,45,paid
HIST-000236,CUS-0077,2025-12-21,2026-01-20,15499.58,30,paid
HIST-000237,CUS-0010,2026-02-12,2026-03-14,138129.48,30,paid
HIST-000238,CUS-0008,2025-12-19,2026-01-18,29298.66,30,paid
HIST-000239,CUS-0112,2025-07-17,2025-08-16,22749.49,30,paid
HIST-000240,CUS-0019,2025-11-15,2025-12-30,10075.1,45,paid
HIST-000241,CUS-0041,2025-08-23,2025-09-22,10117.88,30,paid
HIST-000242,CUS-0143,2025-09-21,2025-10-21,16260.38,30,paid
HIST-000243,CUS-0021,2026-04-03,2026-05-03,86081.3,30,paid
HIST-000244,CUS-0044,2025-04-23,2025-06-22,26924.72,60,paid
HIST-000245,CUS-0040,2025-08-27,2025-10-11,34308.51,45,paid
HIST-000246,CUS-0062,2025-12-08,2026-01-07,18844.4,30,paid
HIST-000247,CUS-0052,2025-06-10,2025-07-25,17223.03,45,paid
HIST-000248,CUS-0112,2025-03-31,2025-04-15,21046.93,15,paid
HIST-000249,CUS-0140,2025-08-06,2025-09-05,8515.04,30,paid
HIST-000250,CUS-0138,2025-12-11,2026-01-25,140574.89,45,paid
HIST-000251,CUS-0037,2025-09-19,2025-11-03,56029.45,45,paid
HIST-000252,CUS-0022,2025-09-28,2025-10-28,67237.22,30,paid
HIST-000253,CUS-0144,2025-08-17,2025-09-16,25303.36,30,paid
HIST-000254,CUS-0102,2025-04-04,2025-05-04,196909.16,30,paid
HIST-000255,CUS-0064,2025-08-17,2025-09-16,13219.95,30,paid
HIST-000256,CUS-0120,2025-04-22,2025-06-21,56122.96,60,paid
HIST-000257,CUS-0090,2025-09-02,2025-09-17,20782.24,15,paid
HIST-000258,CUS-0084,2025-09-02,2025-10-17,64573.35,45,paid
HIST-000259,CUS-0095,2025-06-12,2025-08-11,40548.77,60,paid
HIST-000260,CUS-0033,2025-04-19,2025-06-18,29387.07,60,paid
HIST-000261,CUS-0036,2025-12-28,2026-01-27,123064.19,30,paid
HIST-000262,CUS-0065,2025-05-29,2025-07-13,17859.39,45,paid
HIST-000263,CUS-0019,2025-11-10,2025-12-10,14058.71,30,paid
HIST-000264,CUS-0048,2026-03-22,2026-04-21,46642.61,30,paid
HIST-000265,CUS-0124,2025-11-27,2026-01-26,24902.41,60,paid
HIST-000266,CUS-0055,2026-01-04,2026-02-03,34370.85,30,paid
HIST-000267,CUS-0061,2025-09-29,2025-10-29,16078.79,30,paid
HIST-000268,CUS-0138,2026-03-20,2026-04-19,21453.12,30,paid
HIST-000269,CUS-0059,2026-01-04,2026-02-03,16100.4,30,paid
HIST-000270,CUS-0017,2025-12-02,2026-01-01,32927.07,30,paid
HIST-000271,CUS-0154,2026-01-10,2026-01-25,27069.59,15,paid
HIST-000272,CUS-0055,2026-01-21,2026-02-20,62214.21,30,paid
HIST-000273,CUS-0063,2025-04-14,2025-05-14,20829.21,30,paid
HIST-000274,CUS-0101,2026-05-29,2026-06-28,142876.62,30,paid
HIST-000275,CUS-0126,2025-11-04,2025-12-19,41388.85,45,paid
HIST-000276,CUS-0098,2026-04-25,2026-06-09,104061.92,45,paid
HIST-000277,CUS-0060,2026-04-24,2026-06-08,26553.8,45,paid
HIST-000278,CUS-0091,2026-01-15,2026-02-14,47296.48,30,paid
HIST-000279,CUS-0026,2025-04-27,2025-06-11,29554.46,45,paid
HIST-000280,CUS-0016,2025-06-25,2025-08-24,40813.94,60,paid
HIST-000281,CUS-0093,2025-12-20,2026-02-18,9121.94,60,paid
HIST-000282,CUS-0057,2025-04-09,2025-05-09,15329.74,30,paid
HIST-000283,CUS-0095,2026-05-21,2026-07-05,30086.84,45,paid
HIST-000284,CUS-0037,2025-09-21,2025-11-20,60090.65,60,paid
HIST-000285,CUS-0122,2026-05-14,2026-06-13,99628.15,30,paid
HIST-000286,CUS-0046,2026-01-30,2026-03-01,79112.26,30,paid
HIST-000287,CUS-0034,2025-09-16,2025-10-31,240072.31,45,paid
HIST-000288,CUS-0114,2025-09-03,2025-10-03,37559.64,30,paid
HIST-000289,CUS-0069,2025-09-21,2025-10-21,26104.12,30,paid
HIST-000290,CUS-0085,2025-12-14,2026-01-13,56435.64,30,paid
HIST-000291,CUS-0006,2025-09-25,2025-10-25,21290.47,30,paid
HIST-000292,CUS-0026,2025-08-21,2025-09-20,58100.57,30,paid
HIST-000293,CUS-0033,2025-10-11,2025-11-25,24964.29,45,paid
HIST-000294,CUS-0135,2025-07-12,2025-08-26,31227.19,45,paid
HIST-000295,CUS-0061,2025-10-17,2025-11-16,33001.12,30,paid
HIST-000296,CUS-0044,2025-05-16,2025-06-15,39065.53,30,paid
HIST-000297,CUS-0114,2025-05-03,2025-06-02,31655.35,30,paid
HIST-000298,CUS-0061,2025-03-31,2025-05-30,31364.81,60,paid
HIST-000299,CUS-0029,2025-08-09,2025-09-23,126427.1,45,paid
HIST-000300,CUS-0067,2026-03-24,2026-05-08,4581.9,45,paid
HIST-000301,CUS-0079,2025-07-13,2025-08-12,20940.97,30,paid
HIST-000302,CUS-0033,2025-05-10,2025-06-24,44885.35,45,paid
HIST-000303,CUS-0030,2025-04-21,2025-05-21,59928.64,30,paid
HIST-000304,CUS-0056,2025-03-23,2025-05-07,72620.53,45,paid
HIST-000305,CUS-0108,2026-03-15,2026-04-14,13984.2,30,paid
HIST-000306,CUS-0091,2026-02-06,2026-02-21,17667.85,15,paid
HIST-000307,CUS-0056,2025-04-28,2025-06-27,20822.5,60,paid
HIST-000308,CUS-0102,2025-05-16,2025-06-15,212027.9,30,paid
HIST-000309,CUS-0004,2025-04-15,2025-05-15,42541.27,30,paid
HIST-000310,CUS-0046,2025-05-02,2025-06-01,56589.58,30,paid
HIST-000311,CUS-0045,2025-07-11,2025-08-10,32049.42,30,paid
HIST-000312,CUS-0044,2025-11-02,2025-12-02,12298.2,30,paid
HIST-000313,CUS-0101,2026-02-05,2026-03-22,32286.6,45,paid
HIST-000314,CUS-0059,2025-08-10,2025-09-24,79593.4,45,paid
HIST-000315,CUS-0087,2025-08-12,2025-09-26,51819.47,45,paid
HIST-000316,CUS-0083,2025-06-30,2025-07-30,64989.71,30,paid
HIST-000317,CUS-0004,2026-01-26,2026-02-10,23871.47,15,paid
HIST-000318,CUS-0097,2026-02-24,2026-04-10,18092.82,45,paid
HIST-000319,CUS-0062,2026-05-09,2026-06-08,124621.52,30,paid
HIST-000320,CUS-0104,2026-01-05,2026-02-04,42436.35,30,paid
HIST-000321,CUS-0051,2026-04-15,2026-05-15,12538.18,30,paid
HIST-000322,CUS-0159,2025-06-26,2025-08-10,23097.89,45,paid
HIST-000323,CUS-0069,2025-04-19,2025-06-03,29409.77,45,paid
HIST-000324,CUS-0034,2025-06-28,2025-07-28,124468.29,30,paid
HIST-000325,CUS-0109,2025-08-08,2025-10-07,187429.36,60,paid
HIST-000326,CUS-0117,2025-09-06,2025-10-06,19657.6,30,paid
HIST-000327,CUS-0055,2026-02-05,2026-03-22,96905.54,45,paid
HIST-000328,CUS-0093,2025-09-14,2025-10-14,35024.68,30,paid
HIST-000329,CUS-0138,2026-02-27,2026-04-13,241895.17,45,paid
HIST-000330,CUS-0096,2025-09-22,2025-10-22,146511.7,30,paid
HIST-000331,CUS-0069,2025-03-26,2025-05-10,19879.44,45,paid
HIST-000332,CUS-0072,2026-04-18,2026-06-17,85601.8,60,paid
HIST-000333,CUS-0099,2025-05-15,2025-06-29,52384.08,45,paid
HIST-000334,CUS-0064,2026-02-15,2026-04-01,81046.24,45,paid
HIST-000335,CUS-0089,2026-01-02,2026-02-01,96132.62,30,paid
HIST-000336,CUS-0083,2025-06-30,2025-08-29,89249.81,60,paid
HIST-000337,CUS-0095,2026-02-01,2026-03-03,50541.59,30,paid
HIST-000338,CUS-0066,2025-12-27,2026-01-26,53778.23,30,paid
HIST-000339,CUS-0081,2025-04-30,2025-06-14,130756.72,45,paid
HIST-000340,CUS-0012,2025-09-13,2025-10-13,32171.34,30,paid
HIST-000341,CUS-0157,2026-03-23,2026-04-07,114707.92,15,paid
HIST-000342,CUS-0098,2025-04-09,2025-05-09,22904.34,30,paid
HIST-000343,CUS-0036,2026-01-17,2026-03-03,59610.14,45,paid
HIST-000344,CUS-0007,2025-06-06,2025-07-21,18791.95,45,paid
HIST-000345,CUS-0002,2025-07-14,2025-08-13,64767.86,30,paid
HIST-000346,CUS-0012,2026-01-04,2026-02-03,154104.78,30,paid
HIST-000347,CUS-0098,2025-04-14,2025-05-14,8701.36,30,paid
HIST-000348,CUS-0132,2025-11-10,2025-11-25,26265.9,15,paid
HIST-000349,CUS-0081,2025-09-02,2025-10-17,46727.53,45,paid
HIST-000350,CUS-0010,2025-12-21,2026-02-04,6447.02,45,paid
HIST-000351,CUS-0141,2025-11-08,2025-12-08,51892.96,30,paid
HIST-000352,CUS-0072,2026-05-20,2026-07-04,7728.21,45,paid
HIST-000353,CUS-0042,2025-06-19,2025-07-19,162947.16,30,paid
HIST-000354,CUS-0002,2026-01-11,2026-01-26,28921.05,15,paid
HIST-000355,CUS-0064,2026-02-12,2026-03-29,73401.94,45,paid
HIST-000356,CUS-0135,2026-06-02,2026-07-17,26626.82,45,paid
HIST-000357,CUS-0118,2025-11-02,2025-12-02,48321.9,30,paid
HIST-000358,CUS-0038,2025-11-06,2025-12-21,31770.41,45,paid
HIST-000359,CUS-0044,2025-11-16,2025-12-31,14529.37,45,paid
HIST-000360,CUS-0159,2025-05-03,2025-05-18,81989.94,15,paid
HIST-000361,CUS-0014,2025-08-28,2025-09-27,24848.87,30,paid
HIST-000362,CUS-0090,2025-07-19,2025-09-17,30213.96,60,paid
HIST-000363,CUS-0140,2025-08-10,2025-09-09,50948.89,30,paid
HIST-000364,CUS-0086,2025-12-25,2026-01-09,16080.36,15,paid
HIST-000365,CUS-0061,2026-01-25,2026-02-24,59756.49,30,paid
HIST-000366,CUS-0007,2026-04-19,2026-05-19,20963.92,30,paid
HIST-000367,CUS-0038,2025-06-07,2025-07-07,13115.47,30,paid
HIST-000368,CUS-0061,2025-12-27,2026-01-26,59545.17,30,paid
HIST-000369,CUS-0136,2026-04-20,2026-05-20,67712.29,30,paid
HIST-000370,CUS-0065,2025-06-10,2025-07-10,125268.29,30,paid
HIST-000371,CUS-0128,2025-09-17,2025-11-16,117082.51,60,paid
HIST-000372,CUS-0064,2026-01-03,2026-02-02,26557.74,30,paid
HIST-000373,CUS-0157,2025-06-08,2025-06-23,60367.91,15,paid
HIST-000374,CUS-0115,2026-05-02,2026-05-17,23852.54,15,paid
HIST-000375,CUS-0107,2025-10-03,2025-11-17,58791.1,45,paid
HIST-000376,CUS-0152,2026-03-03,2026-04-02,45243.72,30,paid
HIST-000377,CUS-0071,2025-09-22,2025-10-22,28055.83,30,paid
HIST-000378,CUS-0128,2025-12-31,2026-03-01,142698.09,60,paid
HIST-000379,CUS-0059,2025-10-25,2025-12-09,21232.84,45,paid
HIST-000380,CUS-0122,2026-04-08,2026-06-07,64290.29,60,paid
HIST-000381,CUS-0008,2025-05-30,2025-07-14,161642.16,45,paid
HIST-000382,CUS-0004,2025-07-12,2025-08-26,104753.28,45,paid
HIST-000383,CUS-0137,2025-04-11,2025-05-26,23124.86,45,paid
HIST-000384,CUS-0040,2025-04-22,2025-06-06,55854.29,45,paid
HIST-000385,CUS-0030,2026-03-01,2026-03-31,65264.88,30,paid
HIST-000386,CUS-0129,2025-10-30,2025-11-29,24354.73,30,paid
HIST-000387,CUS-0126,2025-11-03,2025-12-03,9316.56,30,paid
HIST-000388,CUS-0100,2025-04-19,2025-05-19,17764.35,30,paid
HIST-000389,CUS-0072,2026-01-07,2026-02-06,97000.3,30,paid
HIST-000390,CUS-0140,2026-03-10,2026-03-25,18115.79,15,paid
HIST-000391,CUS-0045,2025-12-04,2026-02-02,4000.0,60,paid
HIST-000392,CUS-0015,2026-01-04,2026-02-18,28768.22,45,paid
HIST-000393,CUS-0077,2025-08-23,2025-09-22,51658.27,30,paid
HIST-000394,CUS-0100,2025-10-08,2025-11-07,38131.15,30,paid
HIST-000395,CUS-0088,2026-02-10,2026-02-25,29030.34,15,paid
HIST-000396,CUS-0100,2025-10-31,2025-11-30,26430.51,30,paid
HIST-000397,CUS-0061,2026-01-04,2026-03-05,13167.55,60,paid
HIST-000398,CUS-0107,2026-04-04,2026-05-04,51292.84,30,paid
HIST-000399,CUS-0123,2026-02-17,2026-03-19,28453.04,30,paid
HIST-000400,CUS-0119,2026-02-21,2026-04-07,18291.49,45,paid
HIST-000401,CUS-0065,2026-01-08,2026-02-07,50829.77,30,paid
HIST-000402,CUS-0019,2025-05-20,2025-06-04,76166.45,15,paid
HIST-000403,CUS-0076,2026-03-03,2026-03-18,50088.56,15,paid
HIST-000404,CUS-0014,2025-04-08,2025-06-07,52770.53,60,paid
HIST-000405,CUS-0011,2025-04-25,2025-05-25,236169.44,30,paid
HIST-000406,CUS-0087,2025-11-23,2025-12-23,36937.21,30,paid
HIST-000407,CUS-0159,2026-05-16,2026-06-15,17657.76,30,paid
HIST-000408,CUS-0032,2026-03-27,2026-04-26,218019.63,30,paid
HIST-000409,CUS-0095,2025-11-19,2026-01-03,77026.35,45,paid
HIST-000410,CUS-0082,2025-12-02,2025-12-17,23827.83,15,paid
HIST-000411,CUS-0024,2025-08-05,2025-09-04,58762.14,30,paid
HIST-000412,CUS-0156,2025-07-16,2025-08-15,30776.37,30,paid
HIST-000413,CUS-0087,2026-01-10,2026-02-24,78052.35,45,paid
HIST-000414,CUS-0002,2025-05-15,2025-05-30,15530.75,15,paid
HIST-000415,CUS-0135,2025-09-18,2025-11-17,24579.15,60,paid
HIST-000416,CUS-0060,2026-03-31,2026-04-30,97681.34,30,paid
HIST-000417,CUS-0034,2025-06-21,2025-07-21,11832.3,30,paid
HIST-000418,CUS-0051,2025-03-16,2025-05-15,52634.59,60,paid
HIST-000419,CUS-0024,2026-02-20,2026-04-06,141119.03,45,paid
HIST-000420,CUS-0079,2025-06-10,2025-07-25,28146.67,45,paid
HIST-000421,CUS-0080,2026-01-01,2026-03-02,41843.75,60,paid
HIST-000422,CUS-0135,2025-05-14,2025-07-13,12893.93,60,paid
HIST-000423,CUS-0019,2025-04-02,2025-05-17,42004.07,45,paid
HIST-000424,CUS-0015,2026-03-27,2026-04-26,35449.39,30,paid
HIST-000425,CUS-0083,2026-04-05,2026-05-05,43511.33,30,paid
HIST-000426,CUS-0062,2025-11-30,2026-01-14,49440.77,45,paid
HIST-000427,CUS-0079,2025-04-13,2025-05-13,38188.5,30,paid
HIST-000428,CUS-0051,2026-03-20,2026-05-04,45173.92,45,paid
HIST-000429,CUS-0058,2026-06-01,2026-07-01,94261.86,30,paid
HIST-000430,CUS-0125,2025-08-22,2025-10-06,34931.45,45,paid
HIST-000431,CUS-0061,2026-01-11,2026-02-25,120833.63,45,paid
HIST-000432,CUS-0038,2025-09-11,2025-10-11,31472.91,30,paid
HIST-000433,CUS-0113,2026-01-16,2026-03-02,6153.59,45,paid
HIST-000434,CUS-0121,2026-02-13,2026-02-28,28092.94,15,paid
HIST-000435,CUS-0026,2025-05-09,2025-06-08,97796.87,30,paid
HIST-000436,CUS-0083,2025-09-28,2025-11-27,60546.19,60,paid
HIST-000437,CUS-0059,2026-04-24,2026-05-24,9452.73,30,paid
HIST-000438,CUS-0062,2025-08-23,2025-09-22,38532.69,30,paid
HIST-000439,CUS-0118,2026-02-18,2026-04-19,15178.3,60,paid
HIST-000440,CUS-0103,2026-04-12,2026-05-12,17309.87,30,paid
HIST-000441,CUS-0008,2025-04-10,2025-05-25,16603.94,45,paid
HIST-000442,CUS-0003,2025-06-23,2025-08-07,55973.53,45,paid
HIST-000443,CUS-0122,2025-12-27,2026-02-10,133993.93,45,paid
HIST-000444,CUS-0010,2025-09-17,2025-11-16,195717.09,60,paid
HIST-000445,CUS-0005,2025-09-02,2025-10-02,110141.21,30,paid
HIST-000446,CUS-0035,2025-04-07,2025-05-22,21528.2,45,paid
HIST-000447,CUS-0066,2025-08-28,2025-09-27,62144.14,30,paid
HIST-000448,CUS-0110,2025-10-31,2025-11-30,57667.07,30,paid
HIST-000449,CUS-0100,2025-04-01,2025-05-01,38660.77,30,paid
HIST-000450,CUS-0026,2025-11-22,2025-12-07,8192.12,15,paid
HIST-000451,CUS-0024,2025-12-05,2026-01-04,64718.0,30,paid
HIST-000452,CUS-0032,2025-12-11,2026-01-25,30153.58,45,paid
HIST-000453,CUS-0157,2026-03-27,2026-05-11,38455.65,45,paid
HIST-000454,CUS-0065,2025-08-23,2025-10-07,82217.45,45,paid
HIST-000455,CUS-0111,2025-08-19,2025-10-03,16415.73,45,paid
HIST-000456,CUS-0148,2026-03-01,2026-04-15,86548.29,45,paid
HIST-000457,CUS-0084,2025-12-16,2026-01-15,57507.21,30,paid
HIST-000458,CUS-0006,2026-01-02,2026-02-01,57539.77,30,paid
HIST-000459,CUS-0068,2025-11-28,2025-12-28,125977.44,30,paid
HIST-000460,CUS-0070,2025-09-07,2025-10-07,57369.58,30,paid
HIST-000461,CUS-0035,2025-06-22,2025-08-06,44079.36,45,paid
HIST-000462,CUS-0068,2025-05-01,2025-06-30,30640.04,60,paid
HIST-000463,CUS-0155,2026-02-17,2026-03-04,53306.05,15,paid
HIST-000464,CUS-0074,2025-06-28,2025-08-12,26657.85,45,paid
HIST-000465,CUS-0137,2025-12-05,2026-01-19,110257.28,45,paid
HIST-000466,CUS-0149,2025-10-09,2025-11-23,107961.91,45,paid
HIST-000467,CUS-0120,2025-06-03,2025-07-03,145914.16,30,paid
HIST-000468,CUS-0096,2025-12-30,2026-02-13,28106.62,45,paid
HIST-000469,CUS-0076,2025-04-04,2025-06-03,26610.83,60,paid
HIST-000470,CUS-0065,2026-01-28,2026-03-14,64275.16,45,paid
HIST-000471,CUS-0059,2025-04-26,2025-06-10,38643.07,45,paid
HIST-000472,CUS-0023,2026-03-18,2026-05-17,47574.46,60,paid
HIST-000473,CUS-0061,2025-03-28,2025-05-27,76968.23,60,paid
HIST-000474,CUS-0100,2025-11-10,2025-12-25,67548.12,45,paid
HIST-000475,CUS-0006,2025-05-02,2025-06-16,75488.1,45,paid
HIST-000476,CUS-0009,2025-11-16,2025-12-31,39991.27,45,paid
HIST-000477,CUS-0005,2026-02-22,2026-04-08,44848.6,45,paid
HIST-000478,CUS-0016,2025-06-16,2025-07-31,11875.75,45,paid
HIST-000479,CUS-0045,2025-08-14,2025-09-28,84450.74,45,paid
HIST-000480,CUS-0010,2025-06-10,2025-07-10,43021.3,30,paid
HIST-000481,CUS-0051,2025-06-21,2025-07-21,180862.81,30,paid
HIST-000482,CUS-0120,2026-03-18,2026-05-02,65526.87,45,paid
HIST-000483,CUS-0044,2025-12-20,2026-02-18,7442.38,60,paid
HIST-000484,CUS-0044,2025-11-07,2025-12-07,73477.09,30,paid
HIST-000485,CUS-0149,2026-03-24,2026-04-23,34011.58,30,paid
HIST-000486,CUS-0159,2026-03-22,2026-04-21,17019.74,30,paid
HIST-000487,CUS-0050,2025-03-13,2025-04-12,83251.51,30,paid
HIST-000488,CUS-0079,2026-03-15,2026-04-14,57820.77,30,paid
HIST-000489,CUS-0137,2025-07-22,2025-09-20,12953.77,60,paid
HIST-000490,CUS-0115,2026-04-02,2026-06-01,127687.11,60,paid
HIST-000491,CUS-0115,2025-04-07,2025-05-22,21519.2,45,paid
HIST-000492,CUS-0027,2025-05-13,2025-06-12,22223.91,30,paid
HIST-000493,CUS-0107,2025-06-30,2025-07-15,42141.59,15,paid
HIST-000494,CUS-0002,2026-02-24,2026-03-26,40538.14,30,paid
HIST-000495,CUS-0055,2026-01-24,2026-03-10,34538.5,45,paid
HIST-000496,CUS-0141,2025-12-08,2026-02-06,21995.8,60,paid
HIST-000497,CUS-0001,2026-05-22,2026-06-21,20968.73,30,paid
HIST-000498,CUS-0058,2026-03-25,2026-05-09,79091.38,45,paid
HIST-000499,CUS-0060,2026-04-28,2026-05-28,56207.53,30,paid
HIST-000500,CUS-0085,2025-10-15,2025-11-29,20999.96,45,paid
HIST-000501,CUS-0062,2026-01-19,2026-02-18,16469.76,30,paid
HIST-000502,CUS-0024,2026-05-10,2026-06-09,119751.96,30,paid
HIST-000503,CUS-0108,2025-07-22,2025-08-21,53797.76,30,paid
HIST-000504,CUS-0082,2025-03-20,2025-04-19,49636.01,30,paid
HIST-000505,CUS-0115,2026-05-24,2026-06-23,29161.76,30,paid
HIST-000506,CUS-0102,2025-07-08,2025-07-23,50179.63,15,paid
HIST-000507,CUS-0012,2026-02-07,2026-03-09,120041.0,30,paid
HIST-000508,CUS-0038,2025-05-05,2025-07-04,89559.54,60,paid
HIST-000509,CUS-0053,2026-05-19,2026-06-18,121562.29,30,paid
HIST-000510,CUS-0010,2025-04-23,2025-05-23,48746.39,30,paid
HIST-000511,CUS-0123,2026-02-21,2026-04-07,43710.69,45,paid
HIST-000512,CUS-0055,2025-12-13,2026-01-12,54894.58,30,paid
HIST-000513,CUS-0058,2025-07-13,2025-09-11,205622.25,60,paid
HIST-000514,CUS-0064,2025-06-19,2025-07-19,36110.64,30,paid
HIST-000515,CUS-0110,2025-12-16,2026-01-30,95750.21,45,paid
HIST-000516,CUS-0115,2025-11-23,2025-12-23,29413.28,30,paid
HIST-000517,CUS-0033,2025-10-08,2025-12-07,214817.21,60,paid
HIST-000518,CUS-0019,2025-07-21,2025-08-20,80519.2,30,paid
HIST-000519,CUS-0097,2026-02-17,2026-03-19,34111.48,30,paid
HIST-000520,CUS-0014,2025-11-01,2025-12-16,15118.33,45,paid
HIST-000521,CUS-0009,2026-01-17,2026-03-03,29716.2,45,paid
HIST-000522,CUS-0144,2025-08-23,2025-10-07,44404.48,45,paid
HIST-000523,CUS-0074,2025-03-25,2025-04-24,35313.52,30,paid
HIST-000524,CUS-0132,2025-08-09,2025-09-08,135125.28,30,paid
HIST-000525,CUS-0062,2025-10-22,2025-12-06,42799.06,45,paid
HIST-000526,CUS-0027,2026-06-01,2026-07-01,19670.4,30,paid
HIST-000527,CUS-0060,2026-01-22,2026-02-06,29835.03,15,paid
HIST-000528,CUS-0098,2025-03-13,2025-04-27,114157.13,45,paid
HIST-000529,CUS-0124,2025-04-08,2025-05-08,73468.54,30,paid
HIST-000530,CUS-0071,2025-05-02,2025-06-01,79246.54,30,paid
HIST-000531,CUS-0005,2025-10-17,2025-12-01,56109.4,45,paid
HIST-000532,CUS-0043,2025-07-06,2025-08-05,32306.61,30,paid
HIST-000533,CUS-0033,2025-06-20,2025-07-20,65940.73,30,paid
HIST-000534,CUS-0057,2025-05-02,2025-05-17,37045.92,15,paid
HIST-000535,CUS-0011,2025-08-01,2025-08-31,95962.03,30,paid
HIST-000536,CUS-0106,2026-02-01,2026-03-18,68424.28,45,paid
HIST-000537,CUS-0145,2026-04-22,2026-05-22,74592.21,30,paid
HIST-000538,CUS-0138,2025-06-22,2025-07-22,64965.19,30,paid
HIST-000539,CUS-0126,2026-03-30,2026-04-29,38838.42,30,paid
HIST-000540,CUS-0064,2025-08-10,2025-09-24,30174.41,45,paid
HIST-000541,CUS-0050,2025-03-17,2025-04-16,75259.45,30,paid
HIST-000542,CUS-0006,2025-09-10,2025-10-10,35597.11,30,paid
HIST-000543,CUS-0086,2026-02-01,2026-03-18,23055.94,45,paid
HIST-000544,CUS-0148,2025-11-04,2025-12-04,18891.36,30,paid
HIST-000545,CUS-0059,2025-07-14,2025-08-28,45008.12,45,paid
HIST-000546,CUS-0047,2025-04-17,2025-05-17,184826.09,30,paid
HIST-000547,CUS-0061,2026-01-30,2026-03-01,18618.23,30,paid
HIST-000548,CUS-0054,2025-06-02,2025-07-02,54291.25,30,paid
HIST-000549,CUS-0050,2025-04-21,2025-06-05,29789.57,45,paid
HIST-000550,CUS-0006,2026-04-18,2026-05-18,142177.79,30,paid
HIST-000551,CUS-0046,2026-03-16,2026-04-15,39707.51,30,paid
HIST-000552,CUS-0061,2025-11-22,2025-12-22,107657.64,30,paid
HIST-000553,CUS-0063,2025-07-21,2025-09-04,46493.48,45,paid
HIST-000554,CUS-0021,2025-06-26,2025-08-10,62339.58,45,paid
HIST-000555,CUS-0037,2025-12-09,2026-01-08,94975.45,30,paid
HIST-000556,CUS-0027,2026-03-11,2026-04-25,133072.57,45,paid
HIST-000557,CUS-0157,2026-01-03,2026-02-02,26398.46,30,paid
HIST-000558,CUS-0006,2026-02-21,2026-04-07,55740.92,45,paid
HIST-000559,CUS-0059,2025-10-17,2025-12-01,13434.41,45,paid
HIST-000560,CUS-0122,2025-05-23,2025-06-22,10939.18,30,paid
HIST-000561,CUS-0082,2026-01-07,2026-02-06,24947.07,30,paid
HIST-000562,CUS-0065,2025-03-23,2025-05-22,34069.97,60,paid
HIST-000563,CUS-0115,2025-10-16,2025-11-15,64330.66,30,paid
HIST-000564,CUS-0071,2025-07-17,2025-09-15,223898.99,60,paid
HIST-000565,CUS-0133,2025-09-09,2025-10-09,21502.41,30,paid
HIST-000566,CUS-0016,2025-05-15,2025-06-29,26770.45,45,paid
HIST-000567,CUS-0005,2025-09-02,2025-10-02,12929.19,30,paid
HIST-000568,CUS-0157,2026-05-31,2026-07-15,10072.25,45,paid
HIST-000569,CUS-0086,2025-03-27,2025-05-26,18611.21,60,paid
HIST-000570,CUS-0159,2026-01-05,2026-02-04,14338.05,30,paid
HIST-000571,CUS-0034,2025-07-30,2025-08-14,34076.93,15,paid
HIST-000572,CUS-0078,2025-10-04,2025-11-03,62356.7,30,paid
HIST-000573,CUS-0033,2026-06-03,2026-07-18,22072.88,45,paid
HIST-000574,CUS-0140,2026-04-09,2026-05-24,54982.71,45,paid
HIST-000575,CUS-0049,2025-07-12,2025-08-11,77945.16,30,paid
HIST-000576,CUS-0120,2025-12-10,2026-01-09,39055.53,30,paid
HIST-000577,CUS-0084,2025-05-08,2025-06-22,15306.62,45,paid
HIST-000578,CUS-0112,2025-11-03,2025-12-03,24324.18,30,paid
HIST-000579,CUS-0095,2025-10-28,2025-12-12,33826.46,45,paid
HIST-000580,CUS-0016,2026-02-24,2026-03-26,35830.87,30,paid
HIST-000581,CUS-0020,2026-03-24,2026-05-23,9709.65,60,paid
HIST-000582,CUS-0044,2025-08-01,2025-09-30,19535.18,60,paid
HIST-000583,CUS-0138,2025-08-24,2025-09-23,93798.75,30,paid
HIST-000584,CUS-0148,2025-10-18,2025-12-02,12762.65,45,paid
HIST-000585,CUS-0095,2025-07-21,2025-09-19,141411.01,60,paid
HIST-000586,CUS-0028,2026-01-02,2026-02-16,35940.62,45,paid
HIST-000587,CUS-0034,2026-04-13,2026-05-28,39023.35,45,paid
HIST-000588,CUS-0101,2025-09-01,2025-10-01,41987.28,30,paid
HIST-000589,CUS-0027,2025-06-25,2025-07-25,9101.58,30,paid
HIST-000590,CUS-0134,2026-06-01,2026-07-16,61126.5,45,paid
HIST-000591,CUS-0055,2026-02-02,2026-03-19,84942.15,45,paid
HIST-000592,CUS-0062,2026-02-06,2026-03-23,24344.23,45,paid
HIST-000593,CUS-0023,2025-06-25,2025-08-09,45798.83,45,paid
HIST-000594,CUS-0065,2025-09-02,2025-11-01,177420.35,60,paid
HIST-000595,CUS-0090,2025-05-16,2025-06-30,34744.42,45,paid
HIST-000596,CUS-0122,2026-04-18,2026-06-02,38405.68,45,paid
HIST-000597,CUS-0005,2025-04-01,2025-04-16,22033.96,15,paid
HIST-000598,CUS-0024,2026-04-14,2026-06-13,49968.59,60,paid
HIST-000599,CUS-0087,2026-01-01,2026-03-02,39454.55,60,paid
HIST-000600,CUS-0121,2026-05-26,2026-06-25,44403.61,30,paid
HIST-000601,CUS-0042,2025-05-23,2025-07-22,15748.83,60,paid
HIST-000602,CUS-0035,2025-05-22,2025-07-06,36745.22,45,paid
HIST-000603,CUS-0105,2026-01-13,2026-02-12,68574.36,30,paid
HIST-000604,CUS-0154,2025-04-01,2025-05-31,51904.27,60,paid
HIST-000605,CUS-0065,2026-01-27,2026-02-26,43213.52,30,paid
HIST-000606,CUS-0015,2026-01-31,2026-03-17,166708.81,45,paid
HIST-000607,CUS-0092,2025-03-11,2025-04-10,25425.23,30,paid
HIST-000608,CUS-0024,2025-05-12,2025-06-26,64935.08,45,paid
HIST-000609,CUS-0073,2025-05-10,2025-06-09,23459.04,30,paid
HIST-000610,CUS-0068,2025-07-06,2025-08-05,21162.23,30,paid
HIST-000611,CUS-0059,2025-10-05,2025-12-04,180254.62,60,paid
HIST-000612,CUS-0156,2025-07-01,2025-07-31,14642.05,30,paid
HIST-000613,CUS-0124,2025-04-20,2025-05-20,25618.31,30,paid
HIST-000614,CUS-0085,2025-04-13,2025-05-13,37392.07,30,paid
HIST-000615,CUS-0059,2025-08-02,2025-09-01,22991.79,30,paid
HIST-000616,CUS-0004,2025-05-16,2025-06-30,9844.5,45,paid
HIST-000617,CUS-0063,2026-04-06,2026-05-06,49635.69,30,paid
HIST-000618,CUS-0028,2026-02-07,2026-03-24,19408.62,45,paid
HIST-000619,CUS-0023,2025-06-19,2025-08-03,283246.78,45,paid
HIST-000620,CUS-0107,2025-09-26,2025-10-26,29396.78,30,paid
HIST-000621,CUS-0103,2026-05-13,2026-06-27,54922.8,45,paid
HIST-000622,CUS-0086,2025-04-06,2025-06-05,7971.65,60,paid
HIST-000623,CUS-0055,2025-10-11,2025-11-10,13893.54,30,paid
HIST-000624,CUS-0111,2026-01-17,2026-03-03,64220.54,45,paid
HIST-000625,CUS-0152,2025-08-21,2025-09-20,15897.1,30,paid
HIST-000626,CUS-0037,2025-06-25,2025-08-09,14768.59,45,paid
HIST-000627,CUS-0007,2025-08-16,2025-10-15,107613.86,60,paid
HIST-000628,CUS-0014,2026-02-13,2026-03-15,48531.34,30,paid
HIST-000629,CUS-0157,2026-05-02,2026-06-16,13086.97,45,paid
HIST-000630,CUS-0035,2026-04-09,2026-05-09,87908.21,30,paid
HIST-000631,CUS-0159,2026-05-13,2026-06-27,57121.3,45,paid
HIST-000632,CUS-0089,2026-05-24,2026-06-23,122947.82,30,paid
HIST-000633,CUS-0053,2025-08-09,2025-09-08,103101.2,30,paid
HIST-000634,CUS-0090,2025-07-08,2025-07-23,174544.96,15,paid
HIST-000635,CUS-0120,2025-12-06,2025-12-21,36083.25,15,paid
HIST-000636,CUS-0037,2025-10-09,2025-11-08,16525.58,30,paid
HIST-000637,CUS-0153,2025-05-26,2025-07-25,37023.42,60,paid
HIST-000638,CUS-0083,2026-01-17,2026-02-01,22717.82,15,paid
HIST-000639,CUS-0076,2025-12-16,2026-01-15,59768.68,30,paid
HIST-000640,CUS-0029,2025-11-20,2026-01-04,4372.85,45,paid
HIST-000641,CUS-0005,2025-06-28,2025-08-12,68244.78,45,paid
HIST-000642,CUS-0026,2025-11-18,2026-01-17,43398.37,60,paid
HIST-000643,CUS-0009,2026-05-12,2026-06-26,28294.2,45,paid
HIST-000644,CUS-0120,2025-11-12,2025-12-12,23290.09,30,paid
HIST-000645,CUS-0110,2025-09-05,2025-10-20,65534.25,45,paid
HIST-000646,CUS-0102,2026-05-06,2026-06-05,136779.76,30,paid
HIST-000647,CUS-0081,2025-10-28,2025-12-27,24352.89,60,paid
HIST-000648,CUS-0027,2025-11-25,2025-12-25,80025.06,30,paid
HIST-000649,CUS-0028,2026-01-26,2026-03-12,34995.12,45,paid
HIST-000650,CUS-0062,2025-03-13,2025-04-12,42168.03,30,paid
HIST-000651,CUS-0156,2025-04-30,2025-06-14,109060.17,45,paid
HIST-000652,CUS-0078,2026-04-15,2026-05-15,50445.98,30,paid
HIST-000653,CUS-0061,2025-06-23,2025-08-07,90562.7,45,paid
HIST-000654,CUS-0020,2025-10-29,2025-12-13,32663.74,45,paid
HIST-000655,CUS-0135,2026-02-12,2026-03-29,26657.93,45,paid
HIST-000656,CUS-0113,2026-05-12,2026-06-11,89977.83,30,paid
HIST-000657,CUS-0096,2025-10-19,2025-11-18,8417.51,30,paid
HIST-000658,CUS-0087,2025-12-10,2026-01-24,80845.72,45,paid
HIST-000659,CUS-0116,2025-10-27,2025-11-26,27327.32,30,paid
HIST-000660,CUS-0068,2025-03-19,2025-04-03,413955.13,15,paid
HIST-000661,CUS-0146,2025-03-19,2025-04-18,35058.09,30,paid
HIST-000662,CUS-0159,2025-12-03,2026-01-17,15077.9,45,paid
HIST-000663,CUS-0094,2026-03-10,2026-04-09,32382.37,30,paid
HIST-000664,CUS-0031,2025-05-04,2025-06-03,48140.17,30,paid
HIST-000665,CUS-0033,2025-08-17,2025-10-01,57865.92,45,paid
HIST-000666,CUS-0033,2025-05-29,2025-07-13,22244.83,45,paid
HIST-000667,CUS-0099,2025-09-09,2025-11-08,57029.04,60,paid
HIST-000668,CUS-0149,2025-10-20,2025-12-04,81650.98,45,paid
HIST-000669,CUS-0115,2025-11-08,2025-12-08,49864.74,30,paid
HIST-000670,CUS-0009,2025-06-18,2025-08-02,38228.56,45,paid
HIST-000671,CUS-0061,2026-02-09,2026-03-11,64411.87,30,paid
HIST-000672,CUS-0043,2025-10-02,2025-11-16,42483.0,45,paid
HIST-000673,CUS-0019,2025-12-21,2026-01-05,40633.46,15,paid
HIST-000674,CUS-0052,2026-03-08,2026-05-07,114571.09,60,paid
HIST-000675,CUS-0010,2025-05-11,2025-06-25,83829.91,45,paid
HIST-000676,CUS-0062,2026-01-05,2026-02-19,18009.77,45,paid
HIST-000677,CUS-0078,2025-09-30,2025-11-14,47873.23,45,paid
HIST-000678,CUS-0078,2025-05-15,2025-06-29,14243.67,45,paid
HIST-000679,CUS-0131,2025-10-24,2025-12-08,53869.01,45,paid
HIST-000680,CUS-0035,2026-05-03,2026-06-02,17670.75,30,paid
HIST-000681,CUS-0005,2025-03-24,2025-04-23,91519.22,30,paid
HIST-000682,CUS-0104,2025-11-06,2025-12-21,157493.07,45,paid
HIST-000683,CUS-0027,2025-07-25,2025-09-08,39920.4,45,paid
HIST-000684,CUS-0032,2026-05-29,2026-07-13,57411.5,45,paid
HIST-000685,CUS-0063,2025-10-22,2025-12-06,50179.53,45,paid
HIST-000686,CUS-0008,2025-04-24,2025-05-24,29475.95,30,paid
HIST-000687,CUS-0095,2025-11-10,2025-12-10,95207.86,30,paid
HIST-000688,CUS-0150,2026-05-09,2026-06-08,21487.96,30,paid
HIST-000689,CUS-0008,2025-03-12,2025-04-26,45686.36,45,paid
HIST-000690,CUS-0059,2026-02-19,2026-03-21,7113.44,30,paid
HIST-000691,CUS-0072,2025-07-27,2025-09-10,43488.29,45,paid
HIST-000692,CUS-0063,2026-02-23,2026-03-25,81738.19,30,paid
HIST-000693,CUS-0046,2026-03-16,2026-04-15,20504.14,30,paid
HIST-000694,CUS-0095,2025-04-04,2025-05-04,16234.88,30,paid
HIST-000695,CUS-0060,2026-04-22,2026-05-22,221942.41,30,paid
HIST-000696,CUS-0157,2025-08-16,2025-09-15,82236.07,30,paid
HIST-000697,CUS-0007,2025-05-10,2025-06-09,69614.61,30,paid
HIST-000698,CUS-0026,2026-03-29,2026-04-28,60623.9,30,paid
HIST-000699,CUS-0103,2026-03-17,2026-05-16,57250.94,60,paid
HIST-000700,CUS-0068,2025-08-09,2025-09-08,42649.42,30,paid
HIST-000701,CUS-0122,2025-04-21,2025-06-05,63721.77,45,paid
HIST-000702,CUS-0114,2025-06-08,2025-07-23,22479.68,45,paid
HIST-000703,CUS-0059,2026-05-08,2026-06-07,61064.43,30,paid
HIST-000704,CUS-0040,2026-01-10,2026-01-25,49686.87,15,paid
HIST-000705,CUS-0054,2025-07-14,2025-08-13,29204.89,30,paid
HIST-000706,CUS-0048,2026-01-17,2026-03-18,18249.75,60,paid
HIST-000707,CUS-0095,2026-04-24,2026-06-08,72878.82,45,paid
HIST-000708,CUS-0004,2025-09-29,2025-10-29,56055.35,30,paid
HIST-000709,CUS-0096,2026-01-07,2026-02-21,366705.7,45,paid
HIST-000710,CUS-0107,2025-08-05,2025-09-04,71489.03,30,paid
HIST-000711,CUS-0115,2025-12-24,2026-01-23,25660.5,30,paid
HIST-000712,CUS-0046,2025-09-14,2025-10-14,138169.74,30,paid
HIST-000713,CUS-0105,2025-03-28,2025-04-27,26408.71,30,paid
HIST-000714,CUS-0112,2026-04-23,2026-05-23,24521.02,30,paid
HIST-000715,CUS-0039,2025-04-15,2025-05-30,38026.04,45,paid
HIST-000716,CUS-0065,2025-05-04,2025-06-03,136517.22,30,paid
HIST-000717,CUS-0006,2025-09-07,2025-10-07,19548.04,30,paid
HIST-000718,CUS-0001,2025-11-18,2026-01-02,81547.51,45,paid
HIST-000719,CUS-0090,2026-04-28,2026-05-28,31747.59,30,paid
HIST-000720,CUS-0156,2026-02-18,2026-04-04,22530.16,45,paid
HIST-000721,CUS-0147,2026-04-24,2026-05-24,60796.67,30,paid
HIST-000722,CUS-0081,2026-01-07,2026-03-08,15333.55,60,paid
HIST-000723,CUS-0010,2026-03-12,2026-04-26,70182.05,45,paid
HIST-000724,CUS-0154,2025-06-21,2025-07-21,45107.21,30,paid
HIST-000725,CUS-0076,2026-04-07,2026-06-06,142729.86,60,paid
HIST-000726,CUS-0067,2025-03-29,2025-04-28,25545.1,30,paid
HIST-000727,CUS-0036,2025-03-22,2025-05-21,30194.69,60,paid
HIST-000728,CUS-0135,2026-04-10,2026-05-10,147844.51,30,paid
HIST-000729,CUS-0076,2025-06-12,2025-07-27,19116.93,45,paid
HIST-000730,CUS-0097,2025-07-01,2025-07-31,407708.6,30,paid
HIST-000731,CUS-0033,2025-05-07,2025-06-06,175696.37,30,paid
HIST-000732,CUS-0086,2026-03-08,2026-04-07,103738.14,30,paid
HIST-000733,CUS-0066,2026-02-21,2026-03-23,58711.89,30,paid
HIST-000734,CUS-0101,2025-03-11,2025-04-10,37038.39,30,paid
HIST-000735,CUS-0005,2025-10-21,2025-11-20,74607.58,30,paid
HIST-000736,CUS-0036,2025-06-01,2025-07-01,113843.45,30,paid
HIST-000737,CUS-0122,2026-05-02,2026-07-01,180285.29,60,paid
HIST-000738,CUS-0003,2025-10-24,2025-11-23,105321.07,30,paid
HIST-000739,CUS-0061,2025-08-14,2025-09-13,13596.38,30,paid
HIST-000740,CUS-0095,2025-08-11,2025-09-25,17746.39,45,paid
HIST-000741,CUS-0134,2025-05-29,2025-06-28,43481.25,30,paid
HIST-000742,CUS-0025,2025-10-01,2025-11-30,18507.94,60,paid
HIST-000743,CUS-0005,2026-05-27,2026-06-26,54746.95,30,paid
HIST-000744,CUS-0012,2025-09-04,2025-09-19,16083.79,15,paid
HIST-000745,CUS-0071,2026-05-24,2026-06-08,8924.47,15,paid
HIST-000746,CUS-0102,2025-12-21,2026-02-04,60313.73,45,paid
HIST-000747,CUS-0135,2025-06-26,2025-07-26,83368.43,30,paid
HIST-000748,CUS-0124,2026-01-20,2026-02-19,17138.76,30,paid
HIST-000749,CUS-0121,2026-05-21,2026-07-05,35902.27,45,paid
HIST-000750,CUS-0008,2025-09-18,2025-10-18,13900.92,30,paid
HIST-000751,CUS-0048,2026-05-21,2026-06-20,18409.48,30,paid
HIST-000752,CUS-0009,2025-12-21,2026-01-20,41645.01,30,paid
HIST-000753,CUS-0097,2026-04-09,2026-05-09,221600.12,30,paid
HIST-000754,CUS-0024,2025-11-04,2025-11-19,41519.93,15,paid
HIST-000755,CUS-0064,2025-05-26,2025-06-10,26159.29,15,paid
HIST-000756,CUS-0037,2025-09-26,2025-10-26,32722.77,30,paid
HIST-000757,CUS-0090,2025-03-29,2025-04-28,13978.89,30,paid
HIST-000758,CUS-0055,2026-02-23,2026-03-25,135557.98,30,paid
HIST-000759,CUS-0091,2026-02-11,2026-03-28,10815.47,45,paid
HIST-000760,CUS-0115,2025-12-08,2026-01-07,81400.29,30,paid
HIST-000761,CUS-0023,2025-04-16,2025-05-16,54383.46,30,paid
HIST-000762,CUS-0107,2026-05-15,2026-05-30,50955.71,15,paid
HIST-000763,CUS-0079,2025-04-09,2025-05-09,131359.72,30,paid
HIST-000764,CUS-0078,2025-03-28,2025-04-27,117423.5,30,paid
HIST-000765,CUS-0008,2025-10-08,2025-11-07,22489.52,30,paid
HIST-000766,CUS-0009,2025-10-21,2025-12-05,162134.5,45,paid
HIST-000767,CUS-0061,2025-10-02,2025-11-16,53376.48,45,paid
HIST-000768,CUS-0081,2025-10-12,2025-11-26,18298.8,45,paid
HIST-000769,CUS-0133,2025-05-13,2025-06-12,174149.71,30,paid
HIST-000770,CUS-0039,2026-05-25,2026-06-24,48161.75,30,paid
HIST-000771,CUS-0097,2025-08-13,2025-09-27,10971.57,45,paid
HIST-000772,CUS-0073,2026-02-18,2026-04-04,50537.64,45,paid
HIST-000773,CUS-0160,2026-01-18,2026-02-17,60267.33,30,paid
HIST-000774,CUS-0071,2025-08-18,2025-09-17,187411.06,30,paid
HIST-000775,CUS-0125,2026-03-05,2026-04-04,29454.62,30,paid
HIST-000776,CUS-0006,2025-09-13,2025-11-12,105330.18,60,paid
HIST-000777,CUS-0010,2025-09-01,2025-10-01,32914.38,30,paid
HIST-000778,CUS-0160,2026-03-30,2026-04-29,226334.98,30,paid
HIST-000779,CUS-0074,2025-08-22,2025-10-06,44304.78,45,paid
HIST-000780,CUS-0107,2025-05-13,2025-06-27,25376.52,45,paid
HIST-000781,CUS-0085,2026-05-20,2026-06-19,20932.15,30,paid
HIST-000782,CUS-0157,2026-02-03,2026-02-18,95140.41,15,paid
HIST-000783,CUS-0110,2026-02-16,2026-04-02,50966.29,45,paid
HIST-000784,CUS-0131,2025-09-25,2025-10-25,35436.85,30,paid
HIST-000785,CUS-0014,2025-12-13,2026-01-27,14042.31,45,paid
HIST-000786,CUS-0019,2025-10-19,2025-11-18,30243.66,30,paid
HIST-000787,CUS-0100,2025-09-12,2025-10-12,15657.85,30,paid
HIST-000788,CUS-0128,2025-05-15,2025-06-14,74486.97,30,paid
HIST-000789,CUS-0064,2026-01-18,2026-02-17,22229.17,30,paid
HIST-000790,CUS-0116,2026-05-08,2026-06-22,52672.88,45,paid
HIST-000791,CUS-0019,2025-10-27,2025-12-11,305594.24,45,paid
HIST-000792,CUS-0149,2025-05-14,2025-06-13,37937.33,30,paid
HIST-000793,CUS-0109,2025-05-30,2025-06-29,153541.84,30,paid
HIST-000794,CUS-0075,2025-03-30,2025-04-14,41121.02,15,paid
HIST-000795,CUS-0066,2026-05-03,2026-06-02,43025.29,30,paid
HIST-000796,CUS-0005,2026-05-31,2026-06-30,17959.5,30,paid
HIST-000797,CUS-0032,2025-12-04,2026-01-03,16169.66,30,paid
HIST-000798,CUS-0140,2025-07-15,2025-08-29,54528.27,45,paid
HIST-000799,CUS-0010,2025-08-30,2025-10-14,69465.45,45,paid
HIST-000800,CUS-0019,2026-05-06,2026-06-20,9544.76,45,paid
HIST-000801,CUS-0005,2026-02-25,2026-03-27,28929.97,30,paid
HIST-000802,CUS-0047,2026-05-30,2026-06-29,32135.58,30,paid
HIST-000803,CUS-0034,2025-03-27,2025-04-26,39854.66,30,paid
HIST-000804,CUS-0119,2025-04-30,2025-05-30,37816.04,30,paid
HIST-000805,CUS-0085,2025-11-21,2025-12-06,23389.47,15,paid
HIST-000806,CUS-0048,2025-07-23,2025-09-21,260939.32,60,paid
HIST-000807,CUS-0060,2025-07-30,2025-08-14,71365.51,15,paid
HIST-000808,CUS-0108,2025-10-26,2025-11-25,32333.53,30,paid
HIST-000809,CUS-0114,2026-03-09,2026-04-23,55463.67,45,paid
HIST-000810,CUS-0074,2025-12-19,2026-01-18,59908.7,30,paid
HIST-000811,CUS-0060,2026-05-04,2026-06-18,179769.35,45,paid
HIST-000812,CUS-0074,2026-01-19,2026-02-03,134840.17,15,paid
HIST-000813,CUS-0082,2025-12-23,2026-01-22,19394.86,30,paid
HIST-000814,CUS-0097,2025-07-22,2025-08-21,38090.53,30,paid
HIST-000815,CUS-0148,2025-12-24,2026-01-23,122082.83,30,paid
HIST-000816,CUS-0158,2025-09-29,2025-11-13,173908.4,45,paid
HIST-000817,CUS-0107,2025-07-01,2025-08-15,35604.64,45,paid
HIST-000818,CUS-0059,2025-06-25,2025-07-25,95584.1,30,paid
HIST-000819,CUS-0071,2025-07-02,2025-08-01,46271.21,30,paid
HIST-000820,CUS-0108,2026-03-09,2026-03-24,26802.48,15,paid
HIST-000821,CUS-0033,2026-01-09,2026-02-23,36983.79,45,paid
HIST-000822,CUS-0158,2025-09-21,2025-10-21,97439.24,30,paid
HIST-000823,CUS-0028,2025-05-19,2025-06-18,33440.94,30,paid
HIST-000824,CUS-0011,2026-03-02,2026-03-17,170082.96,15,paid
HIST-000825,CUS-0107,2025-06-09,2025-07-09,26065.73,30,paid
HIST-000826,CUS-0102,2025-03-17,2025-04-16,27916.12,30,paid
HIST-000827,CUS-0073,2025-04-09,2025-05-09,78649.39,30,paid
HIST-000828,CUS-0026,2025-10-07,2025-11-06,62970.83,30,paid
HIST-000829,CUS-0110,2026-02-17,2026-04-03,41987.24,45,paid
HIST-000830,CUS-0083,2025-12-19,2026-01-18,65305.2,30,paid
HIST-000831,CUS-0080,2025-05-17,2025-07-01,50459.97,45,paid
HIST-000832,CUS-0153,2025-11-09,2025-12-09,47133.82,30,paid
HIST-000833,CUS-0038,2025-03-23,2025-04-22,34579.74,30,paid
HIST-000834,CUS-0022,2025-05-27,2025-06-26,76103.64,30,paid
HIST-000835,CUS-0037,2025-05-11,2025-06-10,68641.57,30,paid
HIST-000836,CUS-0115,2025-10-24,2025-12-08,40868.57,45,paid
HIST-000837,CUS-0084,2025-08-08,2025-09-22,33287.88,45,paid
HIST-000838,CUS-0148,2025-09-26,2025-10-26,14057.59,30,paid
HIST-000839,CUS-0071,2026-04-25,2026-05-10,62979.76,15,paid
HIST-000840,CUS-0064,2026-05-03,2026-06-02,68004.4,30,paid
HIST-000841,CUS-0045,2025-07-29,2025-08-28,178905.41,30,paid
HIST-000842,CUS-0158,2026-03-30,2026-04-14,41401.74,15,paid
HIST-000843,CUS-0089,2026-03-29,2026-05-28,67743.08,60,paid
HIST-000844,CUS-0008,2025-08-18,2025-09-17,54537.95,30,paid
HIST-000845,CUS-0090,2025-09-15,2025-10-15,20743.04,30,paid
HIST-000846,CUS-0044,2025-06-17,2025-07-17,24489.18,30,paid
HIST-000847,CUS-0048,2026-02-05,2026-02-20,99173.67,15,paid
HIST-000848,CUS-0100,2025-06-28,2025-07-13,26479.5,15,paid
HIST-000849,CUS-0122,2026-05-04,2026-06-03,23670.04,30,paid
HIST-000850,CUS-0051,2025-12-04,2026-01-03,53367.2,30,paid
HIST-000851,CUS-0009,2025-12-07,2026-01-06,49675.4,30,paid
HIST-000852,CUS-0028,2025-07-25,2025-08-24,50504.23,30,paid
HIST-000853,CUS-0139,2025-08-02,2025-09-01,47966.06,30,paid
HIST-000854,CUS-0090,2025-09-02,2025-10-02,83123.33,30,paid
HIST-000855,CUS-0085,2026-01-06,2026-02-05,100885.97,30,paid
HIST-000856,CUS-0061,2025-10-12,2025-10-27,21409.03,15,paid
HIST-000857,CUS-0102,2025-03-30,2025-05-14,70015.5,45,paid
HIST-000858,CUS-0108,2025-09-27,2025-11-11,14358.97,45,paid
HIST-000859,CUS-0004,2025-08-14,2025-09-28,142014.75,45,paid
HIST-000860,CUS-0076,2025-09-17,2025-10-02,10106.95,15,paid
HIST-000861,CUS-0023,2025-04-17,2025-05-17,26808.94,30,paid
HIST-000862,CUS-0038,2025-10-07,2025-11-06,38455.36,30,paid
HIST-000863,CUS-0017,2025-10-05,2025-11-04,50311.33,30,paid
HIST-000864,CUS-0009,2025-05-15,2025-06-14,33531.64,30,paid
HIST-000865,CUS-0016,2026-02-26,2026-03-28,5370.93,30,paid
HIST-000866,CUS-0028,2025-07-22,2025-08-21,94424.83,30,paid
HIST-000867,CUS-0057,2026-04-18,2026-05-18,21126.58,30,paid
HIST-000868,CUS-0141,2025-10-13,2025-11-12,16007.87,30,paid
HIST-000869,CUS-0026,2025-09-01,2025-10-01,39136.52,30,paid
HIST-000870,CUS-0051,2025-10-09,2025-11-23,11888.44,45,paid
HIST-000871,CUS-0071,2026-04-22,2026-05-22,71958.55,30,paid
HIST-000872,CUS-0072,2025-07-31,2025-08-30,50209.1,30,paid
HIST-000873,CUS-0154,2026-03-26,2026-04-25,26590.02,30,paid
HIST-000874,CUS-0107,2025-04-18,2025-06-17,34787.93,60,paid
HIST-000875,CUS-0135,2025-12-11,2026-02-09,85972.01,60,paid
HIST-000876,CUS-0101,2025-04-21,2025-05-21,28360.22,30,paid
HIST-000877,CUS-0097,2026-05-13,2026-06-27,13806.71,45,paid
HIST-000878,CUS-0071,2026-03-15,2026-04-14,21833.47,30,paid
HIST-000879,CUS-0157,2025-08-01,2025-08-31,19416.76,30,paid
HIST-000880,CUS-0063,2026-02-18,2026-03-20,27839.97,30,paid
HIST-000881,CUS-0107,2025-09-26,2025-10-26,67619.08,30,paid
HIST-000882,CUS-0022,2025-05-19,2025-07-18,46467.41,60,paid
HIST-000883,CUS-0078,2025-12-13,2026-01-12,44181.7,30,paid
HIST-000884,CUS-0133,2025-05-11,2025-06-25,67121.81,45,paid
HIST-000885,CUS-0035,2025-07-27,2025-08-26,145283.05,30,paid
HIST-000886,CUS-0063,2026-01-02,2026-02-01,193209.83,30,paid
HIST-000887,CUS-0120,2026-03-26,2026-05-10,70090.35,45,paid
HIST-000888,CUS-0004,2025-09-16,2025-10-31,15349.18,45,paid
HIST-000889,CUS-0065,2025-08-18,2025-09-17,157638.74,30,paid
HIST-000890,CUS-0037,2025-03-12,2025-05-11,149405.17,60,paid
HIST-000891,CUS-0077,2025-12-09,2026-01-08,38556.32,30,paid
HIST-000892,CUS-0014,2025-03-21,2025-04-05,22894.2,15,paid
HIST-000893,CUS-0159,2025-06-05,2025-08-04,28885.62,60,paid
HIST-000894,CUS-0115,2025-04-09,2025-04-24,19333.39,15,paid
HIST-000895,CUS-0107,2025-05-05,2025-06-04,18961.5,30,paid
HIST-000896,CUS-0104,2026-04-24,2026-05-24,18213.2,30,paid
HIST-000897,CUS-0024,2025-10-03,2025-11-17,29740.74,45,paid
HIST-000898,CUS-0092,2025-07-22,2025-08-21,113545.19,30,paid
HIST-000899,CUS-0005,2026-02-22,2026-03-24,50342.8,30,paid
HIST-000900,CUS-0149,2025-07-29,2025-08-28,98733.1,30,paid
HIST-000901,CUS-0085,2026-04-03,2026-05-18,121017.39,45,paid
HIST-000902,CUS-0062,2026-04-16,2026-05-31,74267.24,45,paid
HIST-000903,CUS-0061,2025-04-10,2025-05-10,54662.92,30,paid
HIST-000904,CUS-0055,2025-04-14,2025-05-29,18179.22,45,paid
HIST-000905,CUS-0038,2026-01-14,2026-01-29,89314.67,15,paid
HIST-000906,CUS-0071,2025-08-26,2025-09-25,33457.23,30,paid
HIST-000907,CUS-0159,2026-02-04,2026-04-05,25441.57,60,paid
HIST-000908,CUS-0143,2026-04-28,2026-05-28,45979.88,30,paid
HIST-000909,CUS-0039,2026-01-30,2026-03-01,23758.05,30,paid
HIST-000910,CUS-0102,2025-08-23,2025-09-22,39749.38,30,paid
HIST-000911,CUS-0021,2025-09-02,2025-10-02,46062.22,30,paid
HIST-000912,CUS-0095,2025-11-20,2026-01-04,78600.02,45,paid
HIST-000913,CUS-0008,2025-04-17,2025-05-17,36779.94,30,paid
HIST-000914,CUS-0034,2025-12-12,2026-01-11,132956.96,30,paid
HIST-000915,CUS-0121,2026-02-09,2026-04-10,46255.8,60,paid
HIST-000916,CUS-0120,2025-09-12,2025-10-27,42572.16,45,paid
HIST-000917,CUS-0071,2025-04-11,2025-04-26,24307.42,15,paid
HIST-000918,CUS-0082,2025-04-30,2025-05-30,30534.29,30,paid
HIST-000919,CUS-0083,2025-10-08,2025-11-22,26272.16,45,paid
HIST-000920,CUS-0085,2025-05-12,2025-07-11,107901.88,60,paid
HIST-000921,CUS-0149,2026-03-02,2026-04-01,113743.41,30,paid
HIST-000922,CUS-0122,2026-01-10,2026-03-11,327924.22,60,paid
HIST-000923,CUS-0056,2025-11-29,2025-12-29,95288.52,30,paid
HIST-000924,CUS-0059,2025-06-22,2025-07-22,51548.34,30,paid
HIST-000925,CUS-0107,2026-01-04,2026-02-03,19187.65,30,paid
HIST-000926,CUS-0090,2025-09-27,2025-11-11,9329.68,45,paid
HIST-000927,CUS-0041,2025-06-05,2025-07-05,102217.17,30,paid
HIST-000928,CUS-0074,2026-04-04,2026-05-19,39455.78,45,paid
HIST-000929,CUS-0021,2026-02-01,2026-03-03,51088.57,30,paid
HIST-000930,CUS-0072,2025-05-31,2025-07-30,131072.2,60,paid
HIST-000931,CUS-0005,2026-02-26,2026-03-28,37337.63,30,paid
HIST-000932,CUS-0108,2026-05-22,2026-06-21,47312.1,30,paid
HIST-000933,CUS-0124,2026-03-14,2026-04-13,80737.2,30,paid
HIST-000934,CUS-0046,2025-04-13,2025-06-12,47776.17,60,paid
HIST-000935,CUS-0081,2025-03-28,2025-05-12,24552.23,45,paid
HIST-000936,CUS-0040,2025-07-29,2025-08-28,20945.37,30,paid
HIST-000937,CUS-0035,2025-06-16,2025-07-31,16119.18,45,paid
HIST-000938,CUS-0086,2026-01-05,2026-02-04,13619.66,30,paid
HIST-000939,CUS-0051,2025-03-20,2025-04-04,56502.25,15,paid
HIST-000940,CUS-0054,2025-11-26,2025-12-26,71521.31,30,paid
HIST-000941,CUS-0062,2025-04-14,2025-05-14,42784.96,30,paid
HIST-000942,CUS-0105,2026-02-20,2026-03-22,42842.9,30,paid
HIST-000943,CUS-0099,2025-11-15,2025-12-15,98227.36,30,paid
HIST-000944,CUS-0121,2025-06-10,2025-07-10,95170.01,30,paid
HIST-000945,CUS-0148,2026-05-23,2026-06-22,66593.42,30,paid
HIST-000946,CUS-0049,2026-03-30,2026-04-29,21252.7,30,paid
HIST-000947,CUS-0042,2025-03-20,2025-04-19,169588.96,30,paid
HIST-000948,CUS-0021,2026-01-24,2026-03-25,27884.34,60,paid
HIST-000949,CUS-0102,2025-03-25,2025-05-09,60506.99,45,paid
HIST-000950,CUS-0064,2026-03-28,2026-04-27,62395.38,30,paid
HIST-000951,CUS-0134,2025-05-10,2025-06-09,30218.62,30,paid
HIST-000952,CUS-0059,2026-05-28,2026-07-27,80373.78,60,paid
HIST-000953,CUS-0159,2026-04-04,2026-05-19,26962.54,45,paid
HIST-000954,CUS-0052,2026-03-05,2026-04-04,49557.42,30,paid
HIST-000955,CUS-0103,2026-03-20,2026-04-19,114510.23,30,paid
HIST-000956,CUS-0002,2025-09-17,2025-11-01,58593.06,45,paid
HIST-000957,CUS-0144,2025-11-30,2026-01-14,39678.74,45,paid
HIST-000958,CUS-0068,2025-05-07,2025-06-06,89274.67,30,paid
HIST-000959,CUS-0033,2025-07-06,2025-08-05,45736.63,30,paid
HIST-000960,CUS-0077,2025-07-29,2025-08-28,24627.72,30,paid
HIST-000961,CUS-0028,2025-11-09,2025-12-24,53172.61,45,paid
HIST-000962,CUS-0009,2025-05-03,2025-07-02,121588.78,60,paid
HIST-000963,CUS-0009,2026-03-15,2026-04-14,22728.65,30,paid
HIST-000964,CUS-0095,2026-01-05,2026-02-19,17350.74,45,paid
HIST-000965,CUS-0090,2026-05-28,2026-06-27,74462.14,30,paid
HIST-000966,CUS-0024,2025-12-18,2026-01-17,43832.08,30,paid
HIST-000967,CUS-0083,2025-05-19,2025-07-03,41624.48,45,paid
HIST-000968,CUS-0101,2025-04-29,2025-05-29,101486.75,30,paid
HIST-000969,CUS-0110,2025-06-04,2025-07-04,66715.98,30,paid
HIST-000970,CUS-0031,2025-09-05,2025-10-20,77483.4,45,paid
HIST-000971,CUS-0102,2026-03-29,2026-04-28,23625.08,30,paid
HIST-000972,CUS-0003,2025-10-30,2025-12-14,26090.6,45,paid
HIST-000973,CUS-0131,2025-03-19,2025-04-18,60899.86,30,paid
HIST-000974,CUS-0140,2025-09-21,2025-10-21,29680.64,30,paid
HIST-000975,CUS-0034,2025-11-16,2025-12-31,7167.64,45,paid
HIST-000976,CUS-0048,2025-04-09,2025-05-24,8476.28,45,paid
HIST-000977,CUS-0072,2025-04-07,2025-05-07,85288.84,30,paid
HIST-000978,CUS-0140,2025-10-09,2025-11-23,53285.16,45,paid
HIST-000979,CUS-0140,2026-02-10,2026-03-12,57190.07,30,paid
HIST-000980,CUS-0044,2025-06-12,2025-08-11,23695.94,60,paid
HIST-000981,CUS-0107,2025-05-31,2025-06-30,28818.35,30,paid
HIST-000982,CUS-0008,2025-04-21,2025-05-21,47424.85,30,paid
HIST-000983,CUS-0052,2026-04-25,2026-05-25,15232.57,30,paid
HIST-000984,CUS-0008,2025-06-13,2025-08-12,11664.25,60,paid
HIST-000985,CUS-0029,2025-09-11,2025-11-10,23999.04,60,paid
HIST-000986,CUS-0022,2026-03-30,2026-05-29,46578.34,60,paid
HIST-000987,CUS-0046,2025-07-21,2025-09-04,57804.51,45,paid
HIST-000988,CUS-0044,2025-09-18,2025-11-02,145222.56,45,paid
HIST-000989,CUS-0088,2025-05-07,2025-06-21,40028.07,45,paid
HIST-000990,CUS-0115,2025-04-07,2025-05-22,90533.86,45,paid
HIST-000991,CUS-0115,2026-02-02,2026-03-04,40040.11,30,paid
HIST-000992,CUS-0038,2025-06-01,2025-07-01,16233.37,30,paid
HIST-000993,CUS-0038,2025-04-30,2025-05-30,122355.8,30,paid
HIST-000994,CUS-0042,2025-06-17,2025-08-01,45708.3,45,paid
HIST-000995,CUS-0134,2025-05-30,2025-07-14,30287.78,45,paid
HIST-000996,CUS-0052,2025-11-20,2026-01-04,69522.98,45,paid
HIST-000997,CUS-0102,2025-11-10,2026-01-09,72627.97,60,paid
HIST-000998,CUS-0135,2026-02-04,2026-03-06,125057.27,30,paid
HIST-000999,CUS-0090,2025-10-07,2025-10-22,19604.8,15,paid
HIST-001000,CUS-0038,2025-10-15,2025-11-14,64270.69,30,paid
HIST-001001,CUS-0001,2025-11-02,2025-12-02,13813.24,30,paid
HIST-001002,CUS-0018,2026-02-15,2026-04-01,147867.98,45,paid
HIST-001003,CUS-0025,2026-05-03,2026-06-17,282234.42,45,paid
HIST-001004,CUS-0114,2025-10-01,2025-10-31,37023.78,30,paid
HIST-001005,CUS-0009,2025-10-15,2025-11-14,36051.9,30,paid
HIST-001006,CUS-0055,2026-04-21,2026-06-05,38480.72,45,paid
HIST-001007,CUS-0149,2025-12-04,2026-01-18,19332.63,45,paid
HIST-001008,CUS-0031,2025-04-26,2025-05-26,217840.02,30,paid
HIST-001009,CUS-0095,2025-05-21,2025-06-05,26853.67,15,paid
HIST-001010,CUS-0077,2025-03-23,2025-05-07,66867.96,45,paid
HIST-001011,CUS-0090,2026-05-20,2026-06-04,13724.55,15,paid
HIST-001012,CUS-0145,2025-07-05,2025-08-04,50910.32,30,paid
HIST-001013,CUS-0098,2025-03-17,2025-04-16,57833.17,30,paid
HIST-001014,CUS-0102,2025-04-13,2025-05-13,51756.4,30,paid
HIST-001015,CUS-0021,2025-04-16,2025-05-16,12559.79,30,paid
HIST-001016,CUS-0003,2025-06-21,2025-07-21,6723.52,30,paid
HIST-001017,CUS-0046,2025-07-03,2025-08-02,11311.18,30,paid
HIST-001018,CUS-0038,2026-02-23,2026-04-09,24012.21,45,paid
HIST-001019,CUS-0001,2025-03-21,2025-04-20,93882.02,30,paid
HIST-001020,CUS-0107,2026-04-16,2026-05-16,17794.71,30,paid
HIST-001021,CUS-0079,2025-07-14,2025-08-28,17107.45,45,paid
HIST-001022,CUS-0025,2025-07-13,2025-08-27,63620.09,45,paid
HIST-001023,CUS-0012,2026-03-21,2026-04-20,35149.69,30,paid
HIST-001024,CUS-0109,2025-03-26,2025-04-10,99539.96,15,paid
HIST-001025,CUS-0005,2026-04-19,2026-06-03,106396.94,45,paid
HIST-001026,CUS-0043,2025-04-14,2025-05-14,33960.3,30,paid
HIST-001027,CUS-0018,2025-11-28,2025-12-13,96565.98,15,paid
HIST-001028,CUS-0048,2026-05-28,2026-07-12,50756.2,45,paid
HIST-001029,CUS-0032,2025-03-26,2025-05-10,60924.4,45,paid
HIST-001030,CUS-0105,2025-08-13,2025-10-12,166935.16,60,paid
HIST-001031,CUS-0111,2026-05-04,2026-07-03,117644.01,60,paid
HIST-001032,CUS-0090,2025-12-28,2026-01-27,11602.24,30,paid
HIST-001033,CUS-0014,2025-06-03,2025-07-18,17048.09,45,paid
HIST-001034,CUS-0071,2025-05-05,2025-07-04,40656.02,60,paid
HIST-001035,CUS-0077,2026-04-12,2026-05-12,62585.15,30,paid
HIST-001036,CUS-0006,2026-01-08,2026-02-22,70442.69,45,paid
HIST-001037,CUS-0063,2025-08-03,2025-09-02,25690.75,30,paid
HIST-001038,CUS-0100,2025-11-12,2025-11-27,67177.6,15,paid
HIST-001039,CUS-0107,2025-08-06,2025-10-05,38601.9,60,paid
HIST-001040,CUS-0064,2026-06-03,2026-07-18,42540.75,45,paid
HIST-001041,CUS-0002,2026-05-31,2026-06-30,22052.11,30,paid
HIST-001042,CUS-0071,2026-01-02,2026-02-01,38523.28,30,paid
HIST-001043,CUS-0005,2026-05-10,2026-06-24,15983.15,45,paid
HIST-001044,CUS-0008,2025-10-22,2025-11-21,39129.94,30,paid
HIST-001045,CUS-0021,2025-11-23,2025-12-23,25877.1,30,paid
HIST-001046,CUS-0016,2025-10-27,2025-11-26,32838.13,30,paid
HIST-001047,CUS-0122,2026-04-14,2026-05-29,167474.24,45,paid
HIST-001048,CUS-0102,2025-12-30,2026-01-29,56996.69,30,paid
HIST-001049,CUS-0005,2026-02-23,2026-03-25,51410.93,30,paid
HIST-001050,CUS-0140,2026-01-08,2026-02-07,123009.93,30,paid
HIST-001051,CUS-0033,2026-04-24,2026-06-08,37117.23,45,paid
HIST-001052,CUS-0044,2025-04-18,2025-06-17,14690.83,60,paid
HIST-001053,CUS-0108,2025-06-20,2025-07-20,134696.89,30,paid
HIST-001054,CUS-0096,2025-04-07,2025-05-22,17507.84,45,paid
HIST-001055,CUS-0135,2026-05-11,2026-06-25,38270.24,45,paid
HIST-001056,CUS-0056,2025-11-18,2026-01-02,156760.23,45,paid
HIST-001057,CUS-0023,2026-03-23,2026-04-22,19372.4,30,paid
HIST-001058,CUS-0040,2025-10-24,2025-12-23,93856.46,60,paid
HIST-001059,CUS-0019,2025-06-25,2025-07-25,20058.3,30,paid
HIST-001060,CUS-0034,2025-11-28,2026-01-12,26551.43,45,paid
HIST-001061,CUS-0037,2025-07-01,2025-07-31,11085.74,30,paid
HIST-001062,CUS-0017,2026-04-15,2026-05-30,16294.58,45,paid
HIST-001063,CUS-0046,2025-10-15,2025-11-14,30967.01,30,paid
HIST-001064,CUS-0056,2025-07-02,2025-08-16,36159.53,45,paid
HIST-001065,CUS-0095,2025-11-04,2025-12-04,60923.11,30,paid
HIST-001066,CUS-0091,2025-06-20,2025-07-20,22696.52,30,paid
HIST-001067,CUS-0009,2025-08-20,2025-09-19,23783.73,30,paid
HIST-001068,CUS-0089,2026-04-01,2026-05-16,96040.65,45,paid
HIST-001069,CUS-0101,2025-10-02,2025-11-16,32376.82,45,paid
HIST-001070,CUS-0023,2025-12-03,2026-01-17,45815.42,45,paid
HIST-001071,CUS-0042,2025-05-22,2025-06-21,35263.76,30,paid
HIST-001072,CUS-0035,2026-04-24,2026-05-24,17005.45,30,paid
HIST-001073,CUS-0035,2025-05-21,2025-06-20,54060.26,30,paid
HIST-001074,CUS-0136,2025-05-26,2025-06-25,26493.15,30,paid
HIST-001075,CUS-0035,2025-11-15,2025-11-30,19695.42,15,paid
HIST-001076,CUS-0039,2026-03-21,2026-05-05,38615.74,45,paid
HIST-001077,CUS-0138,2026-04-04,2026-05-19,99459.66,45,paid
HIST-001078,CUS-0055,2026-01-31,2026-04-01,35560.06,60,paid
HIST-001079,CUS-0008,2026-02-03,2026-04-04,58846.17,60,paid
HIST-001080,CUS-0131,2025-12-01,2026-01-15,56236.16,45,paid
HIST-001081,CUS-0095,2025-03-17,2025-04-16,59881.37,30,paid
HIST-001082,CUS-0141,2025-10-23,2025-11-22,29604.46,30,paid
HIST-001083,CUS-0122,2026-04-02,2026-05-02,55094.66,30,paid
HIST-001084,CUS-0036,2025-05-20,2025-06-19,56493.64,30,paid
HIST-001085,CUS-0021,2025-12-21,2026-01-20,19735.7,30,paid
HIST-001086,CUS-0129,2025-06-02,2025-06-17,37676.57,15,paid
HIST-001087,CUS-0030,2026-01-11,2026-02-25,242294.88,45,paid
HIST-001088,CUS-0071,2026-05-31,2026-06-30,76912.47,30,paid
HIST-001089,CUS-0037,2025-10-16,2025-12-15,31415.97,60,paid
HIST-001090,CUS-0012,2025-05-29,2025-07-13,60536.32,45,paid
HIST-001091,CUS-0061,2026-04-06,2026-05-06,39299.43,30,paid
HIST-001092,CUS-0045,2026-02-28,2026-03-15,61323.97,15,paid
HIST-001093,CUS-0069,2026-04-27,2026-05-27,61737.99,30,paid
HIST-001094,CUS-0150,2025-04-15,2025-06-14,84304.03,60,paid
HIST-001095,CUS-0078,2026-02-13,2026-03-15,16780.99,30,paid
HIST-001096,CUS-0035,2025-05-05,2025-07-04,27017.75,60,paid
HIST-001097,CUS-0081,2026-02-24,2026-03-26,39244.24,30,paid
HIST-001098,CUS-0067,2025-04-15,2025-05-15,26819.17,30,paid
HIST-001099,CUS-0014,2025-06-24,2025-07-24,38335.37,30,paid
HIST-001100,CUS-0010,2025-09-28,2025-10-28,20895.02,30,paid
HIST-001101,CUS-0012,2026-03-21,2026-05-20,213730.07,60,paid
HIST-001102,CUS-0097,2025-08-01,2025-09-30,27192.85,60,paid
HIST-001103,CUS-0120,2025-10-17,2025-11-16,29200.72,30,paid
HIST-001104,CUS-0078,2025-06-08,2025-08-07,30614.44,60,paid
HIST-001105,CUS-0086,2026-03-27,2026-04-26,65468.54,30,paid
HIST-001106,CUS-0017,2025-08-13,2025-09-12,40677.24,30,paid
HIST-001107,CUS-0028,2025-09-07,2025-10-07,64673.49,30,paid
HIST-001108,CUS-0034,2026-04-11,2026-05-26,49908.01,45,paid
HIST-001109,CUS-0057,2026-03-23,2026-04-22,83381.77,30,paid
HIST-001110,CUS-0001,2026-01-20,2026-02-19,52549.25,30,paid
HIST-001111,CUS-0078,2025-06-13,2025-07-13,33189.95,30,paid
HIST-001112,CUS-0007,2025-05-22,2025-06-21,23424.07,30,paid
HIST-001113,CUS-0077,2025-12-10,2026-01-09,34112.48,30,paid
HIST-001114,CUS-0041,2025-07-30,2025-09-13,202763.91,45,paid
HIST-001115,CUS-0095,2025-07-27,2025-09-10,7170.31,45,paid
HIST-001116,CUS-0068,2026-03-21,2026-05-05,122059.66,45,paid
HIST-001117,CUS-0065,2026-05-19,2026-07-03,385417.81,45,paid
HIST-001118,CUS-0107,2025-03-13,2025-04-12,121914.35,30,paid
HIST-001119,CUS-0050,2026-03-18,2026-05-17,49806.69,60,paid
HIST-001120,CUS-0043,2025-11-05,2025-12-20,46746.48,45,paid
HIST-001121,CUS-0154,2025-08-04,2025-09-03,31767.51,30,paid
HIST-001122,CUS-0077,2026-01-14,2026-02-28,47024.16,45,paid
HIST-001123,CUS-0090,2026-01-05,2026-02-04,13536.72,30,paid
HIST-001124,CUS-0045,2025-12-27,2026-02-10,68389.95,45,paid
HIST-001125,CUS-0019,2025-11-12,2025-12-27,91170.1,45,paid
HIST-001126,CUS-0049,2025-06-01,2025-07-16,32877.28,45,paid
HIST-001127,CUS-0085,2025-03-24,2025-05-08,132028.28,45,paid
HIST-001128,CUS-0089,2025-06-29,2025-07-29,6353.02,30,paid
HIST-001129,CUS-0122,2025-08-19,2025-09-18,23474.59,30,paid
HIST-001130,CUS-0085,2025-07-23,2025-08-22,28847.36,30,paid
HIST-001131,CUS-0148,2025-09-22,2025-11-21,25357.4,60,paid
HIST-001132,CUS-0038,2026-02-09,2026-03-26,45128.8,45,paid
HIST-001133,CUS-0116,2025-12-06,2026-02-04,54922.45,60,paid
HIST-001134,CUS-0108,2026-03-25,2026-05-09,18915.27,45,paid
HIST-001135,CUS-0097,2025-05-31,2025-06-15,24496.61,15,paid
HIST-001136,CUS-0005,2026-04-13,2026-05-13,166220.88,30,paid
HIST-001137,CUS-0033,2025-08-02,2025-09-16,31607.25,45,paid
HIST-001138,CUS-0003,2026-04-04,2026-05-19,49555.63,45,paid
HIST-001139,CUS-0037,2025-11-24,2025-12-24,27637.17,30,paid
HIST-001140,CUS-0087,2025-08-10,2025-09-24,137657.55,45,paid
HIST-001141,CUS-0090,2026-03-01,2026-03-31,56707.65,30,paid
HIST-001142,CUS-0149,2025-11-16,2025-12-16,74710.25,30,paid
HIST-001143,CUS-0078,2026-05-15,2026-06-29,68515.54,45,paid
HIST-001144,CUS-0041,2025-06-27,2025-08-26,21418.01,60,paid
HIST-001145,CUS-0071,2025-10-13,2025-12-12,16098.17,60,paid
HIST-001146,CUS-0019,2025-06-21,2025-07-21,23714.65,30,paid
HIST-001147,CUS-0004,2025-07-22,2025-09-20,26270.32,60,paid
HIST-001148,CUS-0153,2026-05-03,2026-06-02,24551.59,30,paid
HIST-001149,CUS-0053,2025-05-26,2025-06-25,21809.64,30,paid
HIST-001150,CUS-0002,2026-03-18,2026-04-17,61271.48,30,paid
HIST-001151,CUS-0109,2025-03-16,2025-04-30,199434.21,45,paid
HIST-001152,CUS-0021,2025-06-03,2025-07-18,6548.82,45,paid
HIST-001153,CUS-0098,2026-04-30,2026-06-14,9664.06,45,paid
HIST-001154,CUS-0002,2025-12-01,2025-12-31,20061.5,30,paid
HIST-001155,CUS-0033,2025-10-04,2025-11-03,87133.46,30,paid
HIST-001156,CUS-0157,2025-06-18,2025-07-18,55832.39,30,paid
HIST-001157,CUS-0141,2025-07-13,2025-08-12,119974.58,30,paid
HIST-001158,CUS-0154,2026-06-01,2026-07-01,77327.65,30,paid
HIST-001159,CUS-0073,2025-09-20,2025-10-20,24758.78,30,paid
HIST-001160,CUS-0135,2025-05-29,2025-07-13,42792.49,45,paid
HIST-001161,CUS-0157,2026-03-30,2026-05-29,83852.79,60,paid
HIST-001162,CUS-0149,2026-01-12,2026-02-26,38474.07,45,paid
HIST-001163,CUS-0157,2026-05-01,2026-05-16,56536.74,15,paid
HIST-001164,CUS-0024,2026-06-01,2026-07-01,54824.14,30,paid
HIST-001165,CUS-0008,2025-04-30,2025-05-30,19082.2,30,paid
HIST-001166,CUS-0072,2026-01-23,2026-02-22,78281.44,30,paid
HIST-001167,CUS-0083,2025-10-22,2025-12-06,31332.1,45,paid
HIST-001168,CUS-0093,2025-03-30,2025-04-29,31560.03,30,paid
HIST-001169,CUS-0078,2026-01-27,2026-03-13,81590.21,45,paid
HIST-001170,CUS-0090,2026-02-13,2026-04-14,69541.88,60,paid
HIST-001171,CUS-0019,2025-09-03,2025-10-03,19941.52,30,paid
HIST-001172,CUS-0006,2026-05-15,2026-06-14,22638.74,30,paid
HIST-001173,CUS-0006,2025-10-14,2025-11-13,18107.25,30,paid
HIST-001174,CUS-0007,2026-04-20,2026-06-04,23244.2,45,paid
HIST-001175,CUS-0030,2025-04-25,2025-06-09,24541.8,45,paid
HIST-001176,CUS-0158,2025-09-06,2025-10-06,67268.73,30,paid
HIST-001177,CUS-0057,2025-11-16,2025-12-16,38735.36,30,paid
HIST-001178,CUS-0059,2025-05-09,2025-06-08,9756.03,30,paid
HIST-001179,CUS-0059,2026-05-23,2026-07-07,36328.27,45,paid
HIST-001180,CUS-0021,2025-04-29,2025-05-29,37631.62,30,paid
HIST-001181,CUS-0089,2025-10-04,2025-11-03,13039.07,30,paid
HIST-001182,CUS-0123,2025-07-15,2025-08-14,59599.43,30,paid
HIST-001183,CUS-0090,2025-09-01,2025-10-01,28700.19,30,paid
HIST-001184,CUS-0066,2026-03-16,2026-04-15,33887.62,30,paid
HIST-001185,CUS-0004,2025-06-23,2025-07-23,22954.89,30,paid
HIST-001186,CUS-0085,2025-08-07,2025-08-22,23257.63,15,paid
HIST-001187,CUS-0036,2025-08-08,2025-09-07,30289.55,30,paid
HIST-001188,CUS-0023,2026-01-01,2026-02-15,347946.22,45,paid
HIST-001189,CUS-0122,2025-10-16,2025-11-15,33255.04,30,paid
HIST-001190,CUS-0110,2025-06-03,2025-07-03,71801.18,30,paid
HIST-001191,CUS-0005,2026-01-04,2026-02-18,75837.43,45,paid
HIST-001192,CUS-0085,2025-12-02,2026-01-16,33465.07,45,paid
HIST-001193,CUS-0024,2025-04-12,2025-05-12,18536.53,30,paid
HIST-001194,CUS-0101,2026-01-23,2026-02-22,39259.74,30,paid
HIST-001195,CUS-0135,2026-01-13,2026-02-12,32069.24,30,paid
HIST-001196,CUS-0099,2026-04-16,2026-05-01,51050.5,15,paid
HIST-001197,CUS-0051,2025-06-27,2025-07-27,27158.79,30,paid
HIST-001198,CUS-0089,2026-02-15,2026-04-01,53064.84,45,paid
HIST-001199,CUS-0092,2026-03-31,2026-04-30,27204.41,30,paid
HIST-001200,CUS-0010,2026-05-23,2026-07-07,40240.7,45,paid
HIST-001201,CUS-0013,2025-10-25,2025-11-24,36648.49,30,paid
HIST-001202,CUS-0023,2026-04-04,2026-05-19,39672.35,45,paid
HIST-001203,CUS-0078,2025-06-04,2025-07-19,55887.24,45,paid
HIST-001204,CUS-0110,2025-12-26,2026-01-25,27049.96,30,paid
HIST-001205,CUS-0066,2025-10-03,2025-11-17,78410.77,45,paid
HIST-001206,CUS-0023,2025-09-13,2025-10-13,82150.46,30,paid
HIST-001207,CUS-0011,2025-09-20,2025-10-20,19019.3,30,paid
HIST-001208,CUS-0060,2025-04-10,2025-05-25,166981.3,45,paid
HIST-001209,CUS-0127,2025-08-10,2025-09-24,110495.28,45,paid
HIST-001210,CUS-0157,2025-04-21,2025-05-21,43874.33,30,paid
HIST-001211,CUS-0051,2025-10-02,2025-11-01,78887.98,30,paid
HIST-001212,CUS-0094,2025-07-28,2025-08-27,84535.31,30,paid
HIST-001213,CUS-0126,2025-06-16,2025-08-15,65485.34,60,paid
HIST-001214,CUS-0121,2026-03-08,2026-05-07,43920.15,60,paid
HIST-001215,CUS-0031,2025-11-02,2025-12-02,97564.14,30,paid
HIST-001216,CUS-0046,2026-02-18,2026-03-20,61715.46,30,paid
HIST-001217,CUS-0038,2025-08-09,2025-09-23,38171.62,45,paid
HIST-001218,CUS-0107,2025-04-02,2025-05-17,186016.59,45,paid
HIST-001219,CUS-0025,2025-09-26,2025-10-26,20306.95,30,paid
HIST-001220,CUS-0089,2026-04-18,2026-05-18,12946.31,30,paid
HIST-001221,CUS-0011,2026-05-19,2026-06-18,22482.58,30,paid
HIST-001222,CUS-0136,2025-11-16,2025-12-16,78408.3,30,paid
HIST-001223,CUS-0042,2026-06-03,2026-06-18,70047.99,15,paid
HIST-001224,CUS-0008,2026-01-10,2026-02-09,44881.67,30,paid
HIST-001225,CUS-0126,2026-03-29,2026-04-28,154355.7,30,paid
HIST-001226,CUS-0098,2025-12-14,2026-01-28,13276.54,45,paid
HIST-001227,CUS-0003,2025-04-26,2025-06-25,24270.21,60,paid
HIST-001228,CUS-0127,2025-08-09,2025-09-23,41199.65,45,paid
HIST-001229,CUS-0111,2026-04-30,2026-06-14,49906.31,45,paid
HIST-001230,CUS-0044,2025-07-27,2025-08-26,126788.89,30,paid
HIST-001231,CUS-0085,2025-09-14,2025-10-14,20744.84,30,paid
HIST-001232,CUS-0152,2026-02-01,2026-03-03,35962.97,30,paid
HIST-001233,CUS-0014,2025-12-31,2026-01-30,19357.07,30,paid
HIST-001234,CUS-0006,2025-11-21,2026-01-20,5281.04,60,paid
HIST-001235,CUS-0023,2025-09-20,2025-10-20,32922.12,30,paid
HIST-001236,CUS-0126,2025-12-10,2026-02-08,249218.41,60,paid
HIST-001237,CUS-0037,2025-10-17,2025-11-16,35293.66,30,paid
HIST-001238,CUS-0101,2025-10-20,2025-11-19,33540.32,30,paid
HIST-001239,CUS-0082,2026-01-12,2026-02-11,13117.12,30,paid
HIST-001240,CUS-0117,2025-11-11,2025-12-26,35226.89,45,paid
HIST-001241,CUS-0134,2025-04-04,2025-05-19,16788.39,45,paid
HIST-001242,CUS-0059,2026-01-27,2026-02-11,28676.61,15,paid
HIST-001243,CUS-0046,2025-08-30,2025-09-29,27029.37,30,paid
HIST-001244,CUS-0065,2025-03-21,2025-04-20,7894.8,30,paid
HIST-001245,CUS-0068,2026-04-11,2026-05-11,18727.77,30,paid
HIST-001246,CUS-0015,2025-12-28,2026-01-27,289504.08,30,paid
HIST-001247,CUS-0044,2025-09-18,2025-10-18,30947.32,30,paid
HIST-001248,CUS-0005,2025-11-06,2025-11-21,43791.71,15,paid
HIST-001249,CUS-0002,2025-04-03,2025-05-18,39951.46,45,paid
HIST-001250,CUS-0043,2025-09-13,2025-09-28,36352.47,15,paid
HIST-001251,CUS-0082,2025-11-07,2025-12-07,17275.79,30,paid
HIST-001252,CUS-0060,2025-11-10,2025-12-10,84511.76,30,paid
HIST-001253,CUS-0122,2025-11-02,2025-12-02,60526.45,30,paid
HIST-001254,CUS-0036,2026-05-18,2026-06-17,53299.01,30,paid
HIST-001255,CUS-0104,2025-11-21,2026-01-05,9459.75,45,paid
HIST-001256,CUS-0044,2026-01-15,2026-02-14,56599.26,30,paid
HIST-001257,CUS-0053,2025-10-14,2025-12-13,86312.84,60,paid
HIST-001258,CUS-0080,2025-08-09,2025-10-08,29289.43,60,paid
HIST-001259,CUS-0065,2026-04-08,2026-04-23,27284.78,15,paid
HIST-001260,CUS-0071,2025-12-18,2026-02-01,60828.97,45,paid
HIST-001261,CUS-0113,2025-06-05,2025-07-20,19571.55,45,paid
HIST-001262,CUS-0006,2025-08-27,2025-09-26,26928.73,30,paid
HIST-001263,CUS-0014,2026-03-27,2026-04-26,59326.69,30,paid
HIST-001264,CUS-0130,2026-04-29,2026-05-14,27633.68,15,paid
HIST-001265,CUS-0020,2025-04-01,2025-05-01,85327.01,30,paid
HIST-001266,CUS-0090,2026-05-12,2026-06-26,39375.73,45,paid
HIST-001267,CUS-0039,2025-06-09,2025-07-24,9227.63,45,paid
HIST-001268,CUS-0114,2026-02-23,2026-03-25,56003.37,30,paid
HIST-001269,CUS-0075,2026-03-07,2026-04-21,67220.66,45,paid
HIST-001270,CUS-0066,2025-03-27,2025-04-26,27797.38,30,paid
HIST-001271,CUS-0089,2026-05-13,2026-06-27,13776.68,45,paid
HIST-001272,CUS-0007,2025-08-21,2025-09-20,18540.21,30,paid
HIST-001273,CUS-0014,2025-06-14,2025-07-14,38808.57,30,paid
HIST-001274,CUS-0059,2026-03-11,2026-04-10,98790.43,30,paid
HIST-001275,CUS-0015,2026-03-03,2026-04-17,62226.25,45,paid
HIST-001276,CUS-0037,2026-03-08,2026-04-22,27324.19,45,paid
HIST-001277,CUS-0068,2026-04-16,2026-05-31,70469.61,45,paid
HIST-001278,CUS-0090,2025-08-06,2025-09-20,23578.38,45,paid
HIST-001279,CUS-0046,2025-09-26,2025-11-10,197056.04,45,paid
HIST-001280,CUS-0138,2026-05-26,2026-06-25,98387.86,30,paid
HIST-001281,CUS-0154,2025-04-04,2025-05-04,23425.12,30,paid
HIST-001282,CUS-0054,2025-11-03,2025-12-03,70196.42,30,paid
HIST-001283,CUS-0073,2025-06-07,2025-08-06,11035.79,60,paid
HIST-001284,CUS-0035,2025-07-01,2025-07-31,118046.65,30,paid
HIST-001285,CUS-0007,2025-11-29,2026-01-13,147180.5,45,paid
HIST-001286,CUS-0101,2025-03-12,2025-04-26,55807.16,45,paid
HIST-001287,CUS-0010,2025-09-22,2025-10-22,25721.96,30,paid
HIST-001288,CUS-0048,2026-05-08,2026-07-07,70873.74,60,paid
HIST-001289,CUS-0031,2025-08-10,2025-09-09,23276.45,30,paid
HIST-001290,CUS-0046,2025-09-19,2025-11-03,48926.54,45,paid
HIST-001291,CUS-0039,2026-01-11,2026-02-25,58419.58,45,paid
HIST-001292,CUS-0038,2025-05-01,2025-05-16,53757.71,15,paid
HIST-001293,CUS-0131,2026-01-31,2026-03-17,37809.26,45,paid
HIST-001294,CUS-0038,2025-07-08,2025-08-07,16476.02,30,paid
HIST-001295,CUS-0098,2026-03-26,2026-05-10,15922.37,45,paid
HIST-001296,CUS-0107,2025-07-21,2025-08-20,21957.38,30,paid
HIST-001297,CUS-0062,2026-03-01,2026-04-15,54320.93,45,paid
HIST-001298,CUS-0155,2025-11-30,2026-01-14,18011.49,45,paid
HIST-001299,CUS-0119,2025-06-20,2025-07-05,37827.39,15,paid
HIST-001300,CUS-0139,2025-04-05,2025-05-05,15103.06,30,paid
HIST-001301,CUS-0026,2026-04-18,2026-05-18,30897.35,30,paid
HIST-001302,CUS-0126,2026-04-17,2026-05-17,21470.98,30,paid
HIST-001303,CUS-0051,2025-04-25,2025-05-25,24321.62,30,paid
HIST-001304,CUS-0140,2025-10-06,2025-11-05,18904.11,30,paid
HIST-001305,CUS-0077,2026-02-25,2026-03-27,81030.45,30,paid
HIST-001306,CUS-0087,2025-07-10,2025-08-09,91759.64,30,paid
HIST-001307,CUS-0084,2025-08-14,2025-09-28,32614.74,45,paid
HIST-001308,CUS-0090,2025-03-21,2025-05-20,19845.85,60,paid
HIST-001309,CUS-0151,2025-06-25,2025-07-25,16697.3,30,paid
HIST-001310,CUS-0057,2025-12-24,2026-01-23,71488.94,30,paid
HIST-001311,CUS-0130,2026-05-31,2026-07-15,14738.92,45,paid
HIST-001312,CUS-0004,2026-03-12,2026-04-11,22451.67,30,paid
HIST-001313,CUS-0069,2025-03-22,2025-04-21,139581.1,30,paid
HIST-001314,CUS-0073,2026-05-10,2026-07-09,40133.03,60,paid
HIST-001315,CUS-0094,2025-06-10,2025-08-09,40294.08,60,paid
HIST-001316,CUS-0021,2025-05-31,2025-07-15,38264.22,45,paid
HIST-001317,CUS-0158,2025-10-03,2025-11-17,13985.47,45,paid
HIST-001318,CUS-0051,2025-04-22,2025-06-06,55031.58,45,paid
HIST-001319,CUS-0055,2025-12-17,2026-02-15,50214.74,60,paid
HIST-001320,CUS-0022,2025-04-09,2025-05-09,19834.34,30,paid
HIST-001321,CUS-0125,2025-11-23,2026-01-07,50594.22,45,paid
HIST-001322,CUS-0147,2026-05-17,2026-07-01,13637.36,45,paid
HIST-001323,CUS-0046,2026-02-24,2026-03-26,25373.17,30,paid
HIST-001324,CUS-0159,2025-06-12,2025-07-12,11439.87,30,paid
HIST-001325,CUS-0115,2026-02-16,2026-03-18,10647.44,30,paid
HIST-001326,CUS-0006,2026-02-25,2026-03-27,14240.32,30,paid
HIST-001327,CUS-0045,2025-09-03,2025-11-02,24956.92,60,paid
HIST-001328,CUS-0090,2025-11-04,2025-12-19,38941.33,45,paid
HIST-001329,CUS-0135,2025-07-08,2025-08-07,35104.36,30,paid
HIST-001330,CUS-0038,2025-12-15,2026-01-14,46051.79,30,paid
HIST-001331,CUS-0082,2026-01-04,2026-02-18,69413.06,45,paid
HIST-001332,CUS-0012,2026-01-15,2026-03-16,34414.65,60,paid
HIST-001333,CUS-0118,2026-04-06,2026-05-06,22838.36,30,paid
HIST-001334,CUS-0107,2025-05-08,2025-06-07,19897.67,30,paid
HIST-001335,CUS-0016,2025-09-29,2025-11-13,97396.23,45,paid
HIST-001336,CUS-0033,2026-04-30,2026-05-15,35765.83,15,paid
HIST-001337,CUS-0102,2025-11-20,2025-12-20,26241.05,30,paid
HIST-001338,CUS-0042,2026-03-12,2026-04-11,16869.36,30,paid
HIST-001339,CUS-0018,2026-04-06,2026-05-06,16396.55,30,paid
HIST-001340,CUS-0038,2025-09-23,2025-10-23,26843.72,30,paid
HIST-001341,CUS-0085,2025-11-19,2026-01-03,57052.99,45,paid
HIST-001342,CUS-0046,2025-11-22,2025-12-22,46960.4,30,paid
HIST-001343,CUS-0019,2025-12-18,2026-01-17,19694.53,30,paid
HIST-001344,CUS-0012,2025-04-06,2025-05-06,149920.39,30,paid
HIST-001345,CUS-0019,2025-05-17,2025-06-16,17105.7,30,paid
HIST-001346,CUS-0030,2025-11-22,2026-01-21,79072.32,60,paid
HIST-001347,CUS-0069,2026-06-01,2026-07-31,81232.32,60,paid
HIST-001348,CUS-0044,2026-03-01,2026-04-15,32778.99,45,paid
HIST-001349,CUS-0126,2025-08-28,2025-10-27,133611.05,60,paid
HIST-001350,CUS-0143,2025-08-25,2025-10-09,11493.22,45,paid
HIST-001351,CUS-0090,2026-02-01,2026-02-16,58813.43,15,paid
HIST-001352,CUS-0099,2025-05-07,2025-06-06,17048.2,30,paid
HIST-001353,CUS-0136,2025-07-07,2025-07-22,16104.42,15,paid
HIST-001354,CUS-0090,2025-08-05,2025-09-04,69590.38,30,paid
HIST-001355,CUS-0060,2025-07-29,2025-09-12,26145.85,45,paid
HIST-001356,CUS-0078,2025-03-20,2025-05-19,60332.6,60,paid
HIST-001357,CUS-0023,2025-12-31,2026-01-30,18003.08,30,paid
HIST-001358,CUS-0103,2025-07-04,2025-08-18,66193.24,45,paid
HIST-001359,CUS-0011,2026-03-11,2026-04-10,80000.58,30,paid
HIST-001360,CUS-0150,2025-07-25,2025-08-24,180110.45,30,paid
HIST-001361,CUS-0064,2025-03-27,2025-04-26,77992.77,30,paid
HIST-001362,CUS-0147,2025-06-27,2025-07-27,21581.58,30,paid
HIST-001363,CUS-0095,2026-02-19,2026-03-21,31297.72,30,paid
HIST-001364,CUS-0137,2025-08-20,2025-09-19,30922.81,30,paid
HIST-001365,CUS-0019,2025-07-09,2025-08-08,7690.5,30,paid
HIST-001366,CUS-0155,2025-04-23,2025-06-22,22112.88,60,paid
HIST-001367,CUS-0056,2025-11-15,2025-12-30,37032.88,45,paid
HIST-001368,CUS-0034,2025-04-11,2025-05-26,22879.85,45,paid
HIST-001369,CUS-0076,2025-06-06,2025-07-06,13268.48,30,paid
HIST-001370,CUS-0035,2025-11-12,2025-12-12,19188.66,30,paid
HIST-001371,CUS-0046,2025-09-20,2025-10-20,79106.0,30,paid
HIST-001372,CUS-0030,2025-07-19,2025-08-18,17003.65,30,paid
HIST-001373,CUS-0127,2025-11-21,2026-01-05,30412.74,45,paid
HIST-001374,CUS-0057,2025-03-27,2025-05-11,14694.11,45,paid
HIST-001375,CUS-0097,2025-07-12,2025-08-11,52036.51,30,paid
HIST-001376,CUS-0005,2026-04-07,2026-05-07,61395.84,30,paid
HIST-001377,CUS-0087,2025-07-05,2025-08-04,56731.15,30,paid
HIST-001378,CUS-0078,2026-04-19,2026-05-19,23117.38,30,paid
HIST-001379,CUS-0159,2026-01-12,2026-03-13,33427.47,60,paid
HIST-001380,CUS-0007,2025-06-22,2025-08-06,92005.0,45,paid
HIST-001381,CUS-0037,2025-08-18,2025-09-17,16008.52,30,paid
HIST-001382,CUS-0023,2025-04-11,2025-05-11,37294.82,30,paid
HIST-001383,CUS-0074,2025-10-01,2025-10-31,54600.94,30,paid
HIST-001384,CUS-0010,2025-05-26,2025-06-25,72285.96,30,paid
HIST-001385,CUS-0078,2025-04-12,2025-05-27,63810.26,45,paid
HIST-001386,CUS-0101,2026-04-09,2026-05-24,26480.53,45,paid
HIST-001387,CUS-0107,2026-05-12,2026-06-11,52391.41,30,paid
HIST-001388,CUS-0149,2026-05-19,2026-06-03,7458.57,15,paid
HIST-001389,CUS-0061,2025-06-18,2025-08-02,47025.56,45,paid
HIST-001390,CUS-0099,2025-11-10,2025-12-25,10072.21,45,paid
HIST-001391,CUS-0152,2025-10-06,2025-11-05,46155.13,30,paid
HIST-001392,CUS-0007,2026-03-06,2026-05-05,64120.29,60,paid
HIST-001393,CUS-0072,2026-01-30,2026-03-01,37543.41,30,paid
HIST-001394,CUS-0118,2026-04-30,2026-05-30,34263.34,30,paid
HIST-001395,CUS-0033,2025-07-25,2025-08-24,48013.47,30,paid
HIST-001396,CUS-0027,2025-10-24,2025-11-23,33829.59,30,paid
HIST-001397,CUS-0077,2025-10-31,2025-11-30,27392.74,30,paid
HIST-001398,CUS-0143,2025-07-23,2025-09-21,20286.29,60,paid
HIST-001399,CUS-0001,2026-01-20,2026-02-19,106121.12,30,paid
HIST-001400,CUS-0012,2026-03-09,2026-04-08,67816.52,30,paid
HIST-001401,CUS-0084,2025-06-08,2025-07-08,108751.9,30,paid
HIST-001402,CUS-0159,2026-05-09,2026-06-08,44257.49,30,paid
HIST-001403,CUS-0095,2025-03-18,2025-05-02,16451.66,45,paid
HIST-001404,CUS-0121,2025-11-18,2025-12-03,39101.22,15,paid
HIST-001405,CUS-0100,2025-04-15,2025-05-30,35917.24,45,paid
HIST-001406,CUS-0061,2026-05-07,2026-06-21,119481.46,45,paid
HIST-001407,CUS-0046,2025-12-17,2026-01-31,36070.17,45,paid
HIST-001408,CUS-0070,2025-11-18,2025-12-18,45887.72,30,paid
HIST-001409,CUS-0127,2026-01-29,2026-02-28,11661.23,30,paid
HIST-001410,CUS-0073,2026-01-03,2026-02-02,44061.26,30,paid
HIST-001411,CUS-0010,2025-10-01,2025-11-15,88013.28,45,paid
HIST-001412,CUS-0120,2026-05-29,2026-07-28,19778.48,60,paid
HIST-001413,CUS-0046,2026-04-24,2026-06-23,90214.58,60,paid
HIST-001414,CUS-0043,2025-05-27,2025-06-26,87257.44,30,paid
HIST-001415,CUS-0092,2025-03-17,2025-05-01,80266.13,45,paid
HIST-001416,CUS-0086,2025-09-22,2025-10-22,24919.51,30,paid
HIST-001417,CUS-0036,2025-06-14,2025-06-29,31359.09,15,paid
HIST-001418,CUS-0010,2025-11-23,2025-12-08,40428.29,15,paid
HIST-001419,CUS-0100,2025-03-23,2025-05-22,56284.91,60,paid
HIST-001420,CUS-0083,2025-08-07,2025-10-06,42590.66,60,paid
HIST-001421,CUS-0005,2026-05-18,2026-07-02,43030.9,45,paid
HIST-001422,CUS-0051,2025-04-02,2025-05-17,15089.17,45,paid
HIST-001423,CUS-0006,2025-08-02,2025-09-01,43713.68,30,paid
HIST-001424,CUS-0019,2025-10-06,2025-12-05,28630.37,60,paid
HIST-001425,CUS-0119,2025-03-16,2025-04-15,69417.73,30,paid
HIST-001426,CUS-0012,2026-04-03,2026-05-03,114135.31,30,paid
HIST-001427,CUS-0014,2026-04-05,2026-05-05,21669.58,30,paid
HIST-001428,CUS-0094,2026-03-04,2026-04-03,37776.36,30,paid
HIST-001429,CUS-0101,2026-05-09,2026-06-23,33164.19,45,paid
HIST-001430,CUS-0095,2025-05-07,2025-07-06,8004.26,60,paid
HIST-001431,CUS-0033,2026-01-21,2026-02-05,39619.34,15,paid
HIST-001432,CUS-0130,2026-03-19,2026-04-18,59959.17,30,paid
HIST-001433,CUS-0111,2025-04-05,2025-05-20,59149.51,45,paid
HIST-001434,CUS-0028,2025-05-01,2025-05-31,27510.35,30,paid
HIST-001435,CUS-0070,2025-03-14,2025-05-13,31964.23,60,paid
HIST-001436,CUS-0090,2026-04-19,2026-06-03,50927.06,45,paid
HIST-001437,CUS-0132,2025-08-30,2025-09-29,66950.44,30,paid
HIST-001438,CUS-0028,2025-08-25,2025-09-24,20314.38,30,paid
HIST-001439,CUS-0019,2025-11-14,2025-11-29,16907.09,15,paid
HIST-001440,CUS-0101,2025-11-07,2025-12-07,43026.77,30,paid
HIST-001441,CUS-0087,2026-05-05,2026-06-04,21500.85,30,paid
HIST-001442,CUS-0118,2025-04-01,2025-05-16,67013.57,45,paid
HIST-001443,CUS-0108,2025-03-19,2025-04-18,55512.62,30,paid
HIST-001444,CUS-0124,2025-11-27,2025-12-27,157597.91,30,paid
HIST-001445,CUS-0107,2026-05-03,2026-07-02,187551.1,60,paid
HIST-001446,CUS-0088,2025-05-06,2025-06-05,63102.38,30,paid
HIST-001447,CUS-0060,2025-07-06,2025-09-04,63755.49,60,paid
HIST-001448,CUS-0036,2025-07-17,2025-08-31,72725.79,45,paid
HIST-001449,CUS-0105,2025-12-30,2026-02-28,26960.69,60,paid
HIST-001450,CUS-0153,2026-04-01,2026-05-31,15948.41,60,paid
HIST-001451,CUS-0111,2025-04-17,2025-06-01,93720.25,45,paid
HIST-001452,CUS-0038,2026-04-03,2026-06-02,23387.02,60,paid
HIST-001453,CUS-0127,2026-04-12,2026-05-27,53088.91,45,paid
HIST-001454,CUS-0071,2025-07-18,2025-08-02,21614.6,15,paid
HIST-001455,CUS-0053,2025-09-26,2025-11-25,24506.9,60,paid
HIST-001456,CUS-0061,2026-04-24,2026-05-24,8240.23,30,paid
HIST-001457,CUS-0028,2025-06-08,2025-06-23,26032.11,15,paid
HIST-001458,CUS-0140,2025-05-25,2025-06-24,22103.69,30,paid
HIST-001459,CUS-0006,2025-08-07,2025-09-21,26249.49,45,paid
HIST-001460,CUS-0038,2025-09-29,2025-10-29,34567.82,30,paid
HIST-001461,CUS-0008,2026-04-21,2026-06-20,53707.71,60,paid
HIST-001462,CUS-0061,2025-12-02,2026-01-01,20060.73,30,paid
HIST-001463,CUS-0078,2026-03-01,2026-03-31,35678.47,30,paid
HIST-001464,CUS-0023,2025-10-05,2025-11-04,38586.9,30,paid
HIST-001465,CUS-0030,2025-12-10,2025-12-25,191173.13,15,paid
HIST-001466,CUS-0083,2025-07-25,2025-08-24,108771.55,30,paid
HIST-001467,CUS-0133,2025-07-20,2025-09-03,52079.86,45,paid
HIST-001468,CUS-0091,2025-06-10,2025-07-25,133784.2,45,paid
HIST-001469,CUS-0113,2025-05-06,2025-06-05,20643.41,30,paid
HIST-001470,CUS-0046,2026-03-04,2026-04-03,73498.03,30,paid
HIST-001471,CUS-0155,2026-04-13,2026-06-12,36244.76,60,paid
HIST-001472,CUS-0040,2025-04-27,2025-05-27,16885.71,30,paid
HIST-001473,CUS-0005,2025-04-06,2025-05-21,46902.44,45,paid
HIST-001474,CUS-0030,2025-03-21,2025-04-20,220174.35,30,paid
HIST-001475,CUS-0034,2026-05-08,2026-06-07,20256.81,30,paid
HIST-001476,CUS-0122,2026-03-15,2026-04-29,33263.36,45,paid
HIST-001477,CUS-0044,2026-05-26,2026-07-25,72654.35,60,paid
HIST-001478,CUS-0159,2026-01-06,2026-02-05,24401.96,30,paid
HIST-001479,CUS-0008,2026-03-31,2026-04-30,62922.36,30,paid
HIST-001480,CUS-0099,2025-11-28,2025-12-28,24905.05,30,paid
HIST-001481,CUS-0105,2025-07-17,2025-08-01,27618.65,15,paid
HIST-001482,CUS-0078,2025-10-27,2025-11-11,62754.86,15,paid
HIST-001483,CUS-0037,2025-11-15,2025-12-15,12299.27,30,paid
HIST-001484,CUS-0035,2025-12-03,2026-01-17,89258.32,45,paid
HIST-001485,CUS-0037,2025-09-05,2025-10-20,142601.87,45,paid
HIST-001486,CUS-0136,2025-09-05,2025-10-05,64622.78,30,paid
HIST-001487,CUS-0122,2026-03-05,2026-03-20,72930.12,15,paid
HIST-001488,CUS-0037,2026-02-07,2026-03-09,119357.26,30,paid
HIST-001489,CUS-0149,2025-12-01,2026-01-15,25868.59,45,paid
HIST-001490,CUS-0110,2026-04-24,2026-05-24,67670.21,30,paid
HIST-001491,CUS-0038,2026-04-09,2026-05-24,53897.27,45,paid
HIST-001492,CUS-0068,2025-10-06,2025-11-05,146198.67,30,paid
HIST-001493,CUS-0038,2025-11-12,2025-12-12,61815.16,30,paid
HIST-001494,CUS-0044,2025-08-10,2025-09-09,31058.35,30,paid
HIST-001495,CUS-0034,2026-03-09,2026-04-08,66148.17,30,paid
HIST-001496,CUS-0046,2025-08-16,2025-09-30,25816.52,45,paid
HIST-001497,CUS-0011,2026-01-13,2026-03-14,60480.57,60,paid
HIST-001498,CUS-0065,2025-11-18,2025-12-03,80115.67,15,paid
HIST-001499,CUS-0085,2026-02-23,2026-03-25,47023.08,30,paid
HIST-001500,CUS-0129,2025-11-27,2025-12-27,30407.37,30,paid
HIST-001501,CUS-0117,2025-08-17,2025-09-16,75815.53,30,paid
HIST-001502,CUS-0024,2026-04-17,2026-05-17,69903.02,30,paid
HIST-001503,CUS-0053,2026-01-04,2026-02-03,36660.35,30,paid
HIST-001504,CUS-0095,2026-04-17,2026-06-01,7630.86,45,paid
HIST-001505,CUS-0023,2025-03-28,2025-04-27,43637.91,30,paid
HIST-001506,CUS-0096,2025-06-20,2025-07-20,14572.81,30,paid
HIST-001507,CUS-0034,2025-06-25,2025-07-25,10045.87,30,paid
HIST-001508,CUS-0008,2025-09-22,2025-11-06,13118.65,45,paid
HIST-001509,CUS-0034,2025-07-24,2025-09-07,39029.75,45,paid
HIST-001510,CUS-0101,2025-08-19,2025-09-18,23069.34,30,paid
HIST-001511,CUS-0068,2026-01-03,2026-02-02,53666.71,30,paid
HIST-001512,CUS-0051,2026-01-22,2026-02-21,38131.43,30,paid
HIST-001513,CUS-0026,2026-02-27,2026-03-29,47917.63,30,paid
HIST-001514,CUS-0017,2025-03-16,2025-04-15,37478.7,30,paid
HIST-001515,CUS-0101,2025-07-09,2025-08-23,115124.65,45,paid
HIST-001516,CUS-0142,2025-09-15,2025-09-30,48591.24,15,paid
HIST-001517,CUS-0100,2025-11-26,2025-12-26,73925.78,30,paid
HIST-001518,CUS-0147,2025-05-05,2025-06-19,51412.3,45,paid
HIST-001519,CUS-0030,2025-03-19,2025-04-18,19849.35,30,paid
HIST-001520,CUS-0115,2025-03-17,2025-04-16,19531.0,30,paid
HIST-001521,CUS-0030,2025-10-02,2025-11-01,55041.79,30,paid
HIST-001522,CUS-0094,2025-05-18,2025-07-17,127964.69,60,paid
HIST-001523,CUS-0069,2025-11-07,2025-12-22,50229.04,45,paid
HIST-001524,CUS-0024,2025-11-05,2025-12-05,48643.24,30,paid
HIST-001525,CUS-0095,2025-10-16,2025-11-30,198845.57,45,paid
HIST-001526,CUS-0111,2026-04-29,2026-05-29,15239.75,30,paid
HIST-001527,CUS-0028,2025-10-26,2025-11-10,38572.53,15,paid
HIST-001528,CUS-0022,2026-02-25,2026-03-27,104922.73,30,paid
HIST-001529,CUS-0074,2025-10-15,2025-11-14,48518.94,30,paid
HIST-001530,CUS-0072,2025-03-30,2025-04-29,41042.97,30,paid
HIST-001531,CUS-0064,2025-07-12,2025-08-11,105611.89,30,paid
HIST-001532,CUS-0065,2025-07-26,2025-08-25,34680.78,30,paid
HIST-001533,CUS-0135,2026-05-10,2026-06-24,75767.54,45,paid
HIST-001534,CUS-0105,2025-07-14,2025-08-13,65921.44,30,paid
HIST-001535,CUS-0053,2025-11-20,2025-12-20,47347.47,30,paid
HIST-001536,CUS-0008,2025-10-28,2025-12-27,171103.88,60,paid
HIST-001537,CUS-0034,2025-10-09,2025-11-08,29302.86,30,paid
HIST-001538,CUS-0038,2025-08-07,2025-10-06,42170.13,60,paid
HIST-001539,CUS-0045,2025-04-05,2025-05-05,57474.54,30,paid
HIST-001540,CUS-0082,2026-03-07,2026-04-06,21443.98,30,paid
HIST-001541,CUS-0028,2025-10-07,2025-11-06,99334.45,30,paid
HIST-001542,CUS-0066,2025-10-23,2025-12-07,29624.4,45,paid
HIST-001543,CUS-0025,2026-04-03,2026-05-03,70415.75,30,paid
HIST-001544,CUS-0068,2025-05-12,2025-06-11,40632.8,30,paid
HIST-001545,CUS-0107,2025-05-13,2025-05-28,47973.11,15,paid
HIST-001546,CUS-0100,2025-03-15,2025-05-14,74050.42,60,paid
HIST-001547,CUS-0082,2025-11-08,2025-12-08,150802.96,30,paid
HIST-001548,CUS-0072,2025-12-22,2026-02-05,135285.07,45,paid
HIST-001549,CUS-0027,2026-01-08,2026-03-09,102276.91,60,paid
HIST-001550,CUS-0019,2026-04-02,2026-05-17,22909.8,45,paid
HIST-001551,CUS-0006,2025-06-16,2025-07-16,18802.06,30,paid
HIST-001552,CUS-0102,2026-01-13,2026-02-12,32543.09,30,paid
HIST-001553,CUS-0159,2025-03-31,2025-05-15,50616.51,45,paid
HIST-001554,CUS-0135,2025-04-29,2025-05-29,18290.52,30,paid
HIST-001555,CUS-0145,2026-05-23,2026-06-22,45832.71,30,paid
HIST-001556,CUS-0005,2025-12-12,2026-01-26,29871.03,45,paid
HIST-001557,CUS-0028,2025-08-18,2025-09-17,16236.44,30,paid
HIST-001558,CUS-0097,2025-04-28,2025-06-27,21214.92,60,paid
HIST-001559,CUS-0111,2026-05-25,2026-06-24,99555.17,30,paid
HIST-001560,CUS-0144,2025-08-01,2025-09-30,33592.25,60,paid
HIST-001561,CUS-0051,2025-11-22,2026-01-21,89090.86,60,paid
HIST-001562,CUS-0159,2026-01-10,2026-02-09,106154.43,30,paid
HIST-001563,CUS-0021,2026-05-08,2026-06-07,81490.8,30,paid
HIST-001564,CUS-0143,2025-12-12,2026-01-11,28043.12,30,paid
HIST-001565,CUS-0033,2025-08-31,2025-10-30,14861.89,60,paid
HIST-001566,CUS-0022,2026-01-28,2026-02-27,37096.95,30,paid
HIST-001567,CUS-0005,2026-05-07,2026-06-21,66758.8,45,paid
HIST-001568,CUS-0075,2025-04-10,2025-06-09,106443.75,60,paid
HIST-001569,CUS-0031,2025-09-17,2025-11-01,37911.66,45,paid
HIST-001570,CUS-0160,2026-04-26,2026-06-25,98336.99,60,paid
HIST-001571,CUS-0027,2025-10-17,2025-12-01,99803.66,45,paid
HIST-001572,CUS-0122,2025-12-29,2026-01-28,71228.44,30,paid
HIST-001573,CUS-0125,2025-12-23,2026-02-06,118113.57,45,paid
HIST-001574,CUS-0057,2025-05-23,2025-06-22,199986.24,30,paid
HIST-001575,CUS-0033,2025-10-15,2025-11-14,53360.85,30,paid
HIST-001576,CUS-0121,2025-12-22,2026-01-06,62059.16,15,paid
HIST-001577,CUS-0004,2025-07-04,2025-08-03,31780.49,30,paid
HIST-001578,CUS-0006,2025-10-06,2025-10-21,31531.02,15,paid
HIST-001579,CUS-0144,2025-03-21,2025-05-05,88623.12,45,paid
HIST-001580,CUS-0042,2025-08-15,2025-09-29,32421.28,45,paid
HIST-001581,CUS-0159,2026-02-20,2026-03-22,47699.39,30,paid
HIST-001582,CUS-0044,2026-03-25,2026-05-09,55703.22,45,paid
HIST-001583,CUS-0089,2026-06-01,2026-07-31,23658.46,60,paid
HIST-001584,CUS-0134,2025-10-11,2025-12-10,45983.43,60,paid
HIST-001585,CUS-0157,2026-04-22,2026-06-06,67184.49,45,paid
HIST-001586,CUS-0097,2025-11-03,2025-12-03,26409.89,30,paid
HIST-001587,CUS-0104,2026-05-28,2026-07-12,69086.98,45,paid
HIST-001588,CUS-0148,2025-03-19,2025-04-18,52520.18,30,paid
HIST-001589,CUS-0102,2025-08-26,2025-10-10,71532.68,45,paid
HIST-001590,CUS-0115,2026-04-14,2026-05-14,73211.77,30,paid
HIST-001591,CUS-0103,2025-08-13,2025-09-12,18575.71,30,paid
HIST-001592,CUS-0099,2025-11-11,2025-12-26,11745.11,45,paid
HIST-001593,CUS-0023,2026-05-17,2026-06-16,56041.44,30,paid
HIST-001594,CUS-0056,2025-05-19,2025-06-18,46400.33,30,paid
HIST-001595,CUS-0038,2026-02-08,2026-03-10,69003.03,30,paid
HIST-001596,CUS-0086,2026-02-10,2026-03-27,41073.84,45,paid
HIST-001597,CUS-0118,2026-03-20,2026-05-04,81227.73,45,paid
HIST-001598,CUS-0032,2026-02-28,2026-04-14,34783.18,45,paid
HIST-001599,CUS-0033,2026-02-18,2026-03-05,55558.69,15,paid
HIST-001600,CUS-0101,2025-11-22,2025-12-22,41454.96,30,paid
HIST-001601,CUS-0068,2026-02-10,2026-03-12,88794.83,30,paid
HIST-001602,CUS-0017,2025-12-12,2026-01-11,24704.01,30,paid
HIST-001603,CUS-0081,2026-01-17,2026-02-01,68635.28,15,paid
HIST-001604,CUS-0048,2025-09-15,2025-10-15,51788.26,30,paid
HIST-001605,CUS-0077,2025-05-04,2025-06-18,81464.63,45,paid
HIST-001606,CUS-0005,2026-01-21,2026-02-20,18465.57,30,paid
HIST-001607,CUS-0042,2025-09-22,2025-10-22,27927.69,30,paid
HIST-001608,CUS-0005,2026-02-25,2026-03-27,373973.77,30,paid
HIST-001609,CUS-0013,2026-03-11,2026-04-10,28258.05,30,paid
HIST-001610,CUS-0009,2025-12-12,2025-12-27,220735.93,15,paid
HIST-001611,CUS-0077,2026-01-11,2026-03-12,44331.58,60,paid
HIST-001612,CUS-0034,2025-04-17,2025-06-16,19059.16,60,paid
HIST-001613,CUS-0041,2025-11-18,2026-01-02,84089.27,45,paid
HIST-001614,CUS-0007,2026-02-07,2026-03-24,31224.32,45,paid
HIST-001615,CUS-0097,2025-10-10,2025-11-09,33036.14,30,paid
HIST-001616,CUS-0115,2026-05-10,2026-06-24,43350.08,45,paid
HIST-001617,CUS-0085,2026-01-03,2026-02-17,83450.53,45,paid
HIST-001618,CUS-0014,2026-05-21,2026-06-05,39997.89,15,paid
HIST-001619,CUS-0024,2025-07-06,2025-08-05,6730.46,30,paid
HIST-001620,CUS-0074,2025-06-17,2025-07-17,71775.34,30,paid
HIST-001621,CUS-0119,2025-09-30,2025-10-30,32369.52,30,paid
HIST-001622,CUS-0157,2026-01-17,2026-02-16,11448.62,30,paid
HIST-001623,CUS-0015,2025-06-16,2025-07-16,33182.23,30,paid
HIST-001624,CUS-0087,2026-02-25,2026-04-11,89617.42,45,paid
HIST-001625,CUS-0068,2025-05-27,2025-07-11,75052.18,45,paid
HIST-001626,CUS-0020,2026-01-13,2026-02-12,27100.01,30,paid
HIST-001627,CUS-0115,2026-04-24,2026-05-24,26898.61,30,paid
HIST-001628,CUS-0037,2026-01-24,2026-02-23,45618.66,30,paid
HIST-001629,CUS-0107,2025-06-29,2025-08-13,32754.07,45,paid
HIST-001630,CUS-0065,2026-01-20,2026-03-06,64512.98,45,paid
HIST-001631,CUS-0065,2025-07-08,2025-07-23,27963.95,15,paid
HIST-001632,CUS-0145,2025-08-24,2025-10-08,31322.35,45,paid
HIST-001633,CUS-0110,2026-03-23,2026-04-07,57455.28,15,paid
HIST-001634,CUS-0059,2025-04-04,2025-05-04,50931.51,30,paid
HIST-001635,CUS-0085,2025-07-26,2025-08-25,53642.18,30,paid
HIST-001636,CUS-0035,2025-11-08,2025-12-23,107224.48,45,paid
HIST-001637,CUS-0124,2025-10-21,2025-12-05,46393.52,45,paid
HIST-001638,CUS-0077,2025-08-30,2025-09-29,70236.85,30,paid
HIST-001639,CUS-0122,2025-07-30,2025-08-29,82676.42,30,paid
HIST-001640,CUS-0107,2025-09-04,2025-11-03,64649.95,60,paid
HIST-001641,CUS-0098,2026-03-31,2026-05-15,86622.87,45,paid
HIST-001642,CUS-0036,2026-04-18,2026-05-18,25780.63,30,paid
HIST-001643,CUS-0011,2026-03-27,2026-04-26,66362.17,30,paid
HIST-001644,CUS-0103,2025-05-26,2025-06-25,19612.46,30,paid
HIST-001645,CUS-0101,2026-04-17,2026-06-01,18853.37,45,paid
HIST-001646,CUS-0081,2026-02-07,2026-03-24,75170.9,45,paid
HIST-001647,CUS-0015,2025-03-27,2025-05-26,50337.99,60,paid
HIST-001648,CUS-0149,2025-10-29,2025-11-28,106093.36,30,paid
HIST-001649,CUS-0140,2026-03-12,2026-05-11,11094.35,60,paid
HIST-001650,CUS-0136,2026-04-10,2026-05-10,44774.85,30,paid
HIST-001651,CUS-0057,2025-09-14,2025-10-29,77264.02,45,paid
HIST-001652,CUS-0111,2026-04-08,2026-05-08,72410.95,30,paid
HIST-001653,CUS-0120,2025-12-16,2026-01-15,80960.63,30,paid
HIST-001654,CUS-0074,2025-12-17,2026-02-15,21165.42,60,paid
HIST-001655,CUS-0066,2026-02-08,2026-02-23,65538.25,15,paid
HIST-001656,CUS-0077,2025-10-17,2025-12-01,132343.72,45,paid
HIST-001657,CUS-0066,2025-12-14,2025-12-29,40853.42,15,paid
HIST-001658,CUS-0012,2026-01-21,2026-03-22,34603.11,60,paid
HIST-001659,CUS-0126,2025-12-08,2025-12-23,223160.89,15,paid
HIST-001660,CUS-0055,2026-05-16,2026-06-30,57610.96,45,paid
HIST-001661,CUS-0007,2025-05-20,2025-06-19,20692.45,30,paid
HIST-001662,CUS-0033,2025-10-17,2025-11-16,33029.52,30,paid
HIST-001663,CUS-0066,2026-04-08,2026-05-08,54596.44,30,paid
HIST-001664,CUS-0040,2026-05-15,2026-07-14,19748.16,60,paid
HIST-001665,CUS-0051,2026-03-01,2026-03-31,19269.06,30,paid
HIST-001666,CUS-0069,2025-11-22,2026-01-06,56343.43,45,paid
HIST-001667,CUS-0124,2026-04-23,2026-05-23,11732.72,30,paid
HIST-001668,CUS-0036,2025-03-18,2025-05-02,107229.76,45,paid
HIST-001669,CUS-0029,2025-10-22,2025-11-21,111766.52,30,paid
HIST-001670,CUS-0006,2025-10-31,2025-12-15,47177.41,45,paid
HIST-001671,CUS-0124,2025-11-04,2025-12-04,22982.15,30,paid
HIST-001672,CUS-0095,2025-12-07,2026-01-06,48219.36,30,paid
HIST-001673,CUS-0043,2026-02-02,2026-04-03,113692.32,60,paid
HIST-001674,CUS-0110,2026-03-08,2026-04-07,51629.2,30,paid
HIST-001675,CUS-0109,2025-07-20,2025-09-03,168301.03,45,paid
HIST-001676,CUS-0016,2026-03-14,2026-04-13,13074.48,30,paid
HIST-001677,CUS-0026,2026-03-30,2026-05-14,40070.65,45,paid
HIST-001678,CUS-0074,2026-04-15,2026-05-15,79969.4,30,paid
HIST-001679,CUS-0074,2026-01-04,2026-02-03,24971.87,30,paid
HIST-001680,CUS-0099,2025-04-11,2025-05-11,72633.19,30,paid
HIST-001681,CUS-0101,2025-06-02,2025-07-17,186289.57,45,paid
HIST-001682,CUS-0061,2026-01-26,2026-03-12,63846.31,45,paid
HIST-001683,CUS-0143,2025-05-06,2025-06-05,80722.47,30,paid
HIST-001684,CUS-0045,2025-08-21,2025-10-05,20771.9,45,paid
HIST-001685,CUS-0076,2025-12-01,2026-01-15,12860.29,45,paid
HIST-001686,CUS-0069,2026-02-02,2026-04-03,18911.73,60,paid
HIST-001687,CUS-0038,2025-05-01,2025-05-31,12253.52,30,paid
HIST-001688,CUS-0108,2025-05-19,2025-06-18,18955.16,30,paid
HIST-001689,CUS-0059,2025-06-06,2025-07-06,34919.33,30,paid
HIST-001690,CUS-0013,2025-09-03,2025-10-03,21969.39,30,paid
HIST-001691,CUS-0134,2026-01-03,2026-02-17,64754.65,45,paid
HIST-001692,CUS-0044,2025-09-30,2025-10-30,16134.21,30,paid
HIST-001693,CUS-0027,2026-05-20,2026-07-04,66516.95,45,paid
HIST-001694,CUS-0124,2026-05-12,2026-06-11,21682.78,30,paid
HIST-001695,CUS-0071,2026-01-19,2026-02-18,67748.64,30,paid
HIST-001696,CUS-0094,2026-04-18,2026-06-02,15411.65,45,paid
HIST-001697,CUS-0089,2025-12-17,2026-01-16,81857.74,30,paid
HIST-001698,CUS-0029,2026-03-08,2026-04-07,19464.76,30,paid
HIST-001699,CUS-0107,2025-07-28,2025-08-27,27019.46,30,paid
HIST-001700,CUS-0073,2025-04-10,2025-06-09,19329.9,60,paid
HIST-001701,CUS-0120,2026-03-02,2026-04-01,55890.83,30,paid
HIST-001702,CUS-0090,2026-05-10,2026-06-09,27847.46,30,paid
HIST-001703,CUS-0105,2025-12-05,2026-02-03,34867.92,60,paid
HIST-001704,CUS-0007,2026-02-04,2026-02-19,63839.39,15,paid
HIST-001705,CUS-0158,2026-04-20,2026-06-04,36354.0,45,paid
HIST-001706,CUS-0100,2025-05-07,2025-06-06,90441.3,30,paid
HIST-001707,CUS-0154,2026-03-19,2026-04-18,52845.01,30,paid
HIST-001708,CUS-0049,2025-10-28,2025-11-27,36962.04,30,paid
HIST-001709,CUS-0006,2025-10-12,2025-11-11,248296.76,30,paid
HIST-001710,CUS-0019,2025-12-14,2025-12-29,14028.06,15,paid
HIST-001711,CUS-0110,2025-09-20,2025-10-20,32301.81,30,paid
HIST-001712,CUS-0014,2025-05-13,2025-06-12,12141.15,30,paid
HIST-001713,CUS-0041,2025-04-07,2025-05-07,93266.57,30,paid
HIST-001714,CUS-0008,2025-11-30,2025-12-30,30410.71,30,paid
HIST-001715,CUS-0059,2025-06-12,2025-07-12,80483.89,30,paid
HIST-001716,CUS-0144,2025-04-10,2025-05-25,51782.93,45,paid
HIST-001717,CUS-0096,2025-11-23,2025-12-23,39584.33,30,paid
HIST-001718,CUS-0107,2026-01-14,2026-02-13,28370.17,30,paid
HIST-001719,CUS-0096,2025-12-02,2026-01-01,10127.16,30,paid
HIST-001720,CUS-0065,2026-04-04,2026-05-19,26732.01,45,paid
HIST-001721,CUS-0110,2026-03-17,2026-05-01,25276.8,45,paid
HIST-001722,CUS-0003,2026-02-23,2026-03-25,99925.94,30,paid
HIST-001723,CUS-0095,2026-05-22,2026-06-21,36764.78,30,paid
HIST-001724,CUS-0020,2026-05-27,2026-06-26,8365.0,30,paid
HIST-001725,CUS-0056,2025-05-14,2025-06-13,20782.24,30,paid
HIST-001726,CUS-0007,2025-09-05,2025-10-05,84125.54,30,paid
HIST-001727,CUS-0027,2026-02-20,2026-03-22,31577.47,30,paid
HIST-001728,CUS-0037,2026-04-07,2026-05-07,131446.51,30,paid
HIST-001729,CUS-0091,2025-09-01,2025-09-16,37549.23,15,paid
HIST-001730,CUS-0127,2025-10-09,2025-12-08,60729.99,60,paid
HIST-001731,CUS-0082,2025-12-10,2025-12-25,56372.39,15,paid
HIST-001732,CUS-0102,2026-04-12,2026-05-12,56887.23,30,paid
HIST-001733,CUS-0038,2025-12-28,2026-01-27,15961.05,30,paid
HIST-001734,CUS-0148,2026-04-14,2026-05-14,15103.43,30,paid
HIST-001735,CUS-0028,2025-05-06,2025-06-05,49519.42,30,paid
HIST-001736,CUS-0050,2026-01-09,2026-03-10,9582.93,60,paid
HIST-001737,CUS-0078,2025-06-06,2025-07-06,44376.22,30,paid
HIST-001738,CUS-0010,2025-10-19,2025-12-03,33212.88,45,paid
HIST-001739,CUS-0113,2026-05-08,2026-06-07,26418.29,30,paid
HIST-001740,CUS-0126,2026-05-29,2026-06-28,64831.87,30,paid
HIST-001741,CUS-0102,2025-05-19,2025-06-18,51424.25,30,paid
HIST-001742,CUS-0126,2025-05-25,2025-07-09,27042.32,45,paid
HIST-001743,CUS-0055,2026-03-01,2026-03-31,66341.32,30,paid
HIST-001744,CUS-0145,2025-05-05,2025-06-04,66386.04,30,paid
HIST-001745,CUS-0083,2025-11-11,2025-12-26,76004.12,45,paid
HIST-001746,CUS-0092,2025-06-21,2025-07-21,115996.36,30,paid
HIST-001747,CUS-0083,2026-02-15,2026-04-01,21542.53,45,paid
HIST-001748,CUS-0049,2026-02-09,2026-03-11,51423.42,30,paid
HIST-001749,CUS-0064,2026-03-02,2026-04-16,139153.0,45,paid
HIST-001750,CUS-0069,2026-02-03,2026-03-05,56992.56,30,paid
HIST-001751,CUS-0086,2026-04-12,2026-05-12,71578.34,30,paid
HIST-001752,CUS-0023,2025-05-30,2025-06-14,47053.64,15,paid
HIST-001753,CUS-0008,2026-04-27,2026-06-11,48444.33,45,paid
HIST-001754,CUS-0037,2026-01-23,2026-02-22,70345.23,30,paid
HIST-001755,CUS-0047,2026-03-26,2026-04-25,37731.34,30,paid
HIST-001756,CUS-0065,2025-04-10,2025-04-25,55525.27,15,paid
HIST-001757,CUS-0079,2025-11-03,2026-01-02,93545.0,60,paid
HIST-001758,CUS-0139,2026-03-06,2026-04-05,37326.63,30,paid
HIST-001759,CUS-0022,2025-03-20,2025-04-19,52689.29,30,paid
HIST-001760,CUS-0007,2025-03-31,2025-04-30,65422.39,30,paid
HIST-001761,CUS-0145,2026-02-18,2026-03-20,30050.59,30,paid
HIST-001762,CUS-0075,2025-10-04,2025-11-03,20572.84,30,paid
HIST-001763,CUS-0069,2025-06-11,2025-07-26,41761.38,45,paid
HIST-001764,CUS-0118,2026-02-15,2026-03-02,142285.46,15,paid
HIST-001765,CUS-0068,2025-10-17,2025-11-16,5118.59,30,paid
HIST-001766,CUS-0072,2025-04-30,2025-05-30,17851.48,30,paid
HIST-001767,CUS-0070,2025-06-23,2025-08-07,23754.67,45,paid
HIST-001768,CUS-0074,2026-02-19,2026-03-21,26451.28,30,paid
HIST-001769,CUS-0140,2025-05-01,2025-05-31,13877.76,30,paid
HIST-001770,CUS-0157,2025-05-29,2025-07-13,15266.7,45,paid
HIST-001771,CUS-0034,2025-06-20,2025-08-19,31397.08,60,paid
HIST-001772,CUS-0001,2025-06-29,2025-07-29,94891.42,30,paid
HIST-001773,CUS-0062,2026-02-01,2026-04-02,16012.57,60,paid
HIST-001774,CUS-0074,2026-03-24,2026-05-08,27445.97,45,paid
HIST-001775,CUS-0121,2026-03-27,2026-04-26,32753.9,30,paid
HIST-001776,CUS-0037,2026-02-10,2026-03-12,198110.74,30,paid
HIST-001777,CUS-0028,2025-10-23,2025-12-07,96838.06,45,paid
HIST-001778,CUS-0026,2025-04-25,2025-06-09,48817.87,45,paid
HIST-001779,CUS-0134,2025-12-16,2026-02-14,34228.47,60,paid
HIST-001780,CUS-0020,2026-02-04,2026-03-06,35485.49,30,paid
HIST-001781,CUS-0095,2026-02-15,2026-03-17,19346.09,30,paid
HIST-001782,CUS-0025,2025-08-06,2025-09-05,86908.01,30,paid
HIST-001783,CUS-0124,2025-04-16,2025-05-31,104028.65,45,paid
HIST-001784,CUS-0036,2026-05-24,2026-07-08,19375.54,45,paid
HIST-001785,CUS-0112,2025-03-29,2025-04-28,12454.42,30,paid
HIST-001786,CUS-0085,2026-01-08,2026-02-07,46143.84,30,paid
HIST-001787,CUS-0102,2025-12-13,2026-01-12,65814.46,30,paid
HIST-001788,CUS-0022,2025-05-14,2025-06-28,36893.21,45,paid
HIST-001789,CUS-0010,2026-05-05,2026-06-19,24572.71,45,paid
HIST-001790,CUS-0058,2025-06-02,2025-06-17,8591.27,15,paid
HIST-001791,CUS-0046,2025-10-07,2025-11-06,24033.66,30,paid
HIST-001792,CUS-0096,2026-02-02,2026-03-04,10698.97,30,paid
HIST-001793,CUS-0004,2025-10-30,2025-11-14,14827.7,15,paid
HIST-001794,CUS-0019,2026-01-20,2026-02-19,27491.66,30,paid
HIST-001795,CUS-0132,2026-03-14,2026-04-13,64728.4,30,paid
HIST-001796,CUS-0046,2025-07-21,2025-09-04,43156.36,45,paid
HIST-001797,CUS-0065,2025-07-12,2025-08-11,27469.66,30,paid
HIST-001798,CUS-0068,2025-06-05,2025-07-20,87394.24,45,paid
HIST-001799,CUS-0037,2026-03-07,2026-04-06,44212.22,30,paid
HIST-001800,CUS-0043,2025-10-22,2025-12-21,75784.86,60,paid
HIST-001801,CUS-0066,2025-06-21,2025-08-05,65349.44,45,paid
HIST-001802,CUS-0077,2026-04-02,2026-05-02,63581.06,30,paid
HIST-001803,CUS-0010,2026-03-13,2026-03-28,31095.89,15,paid
HIST-001804,CUS-0037,2025-07-25,2025-09-08,57569.04,45,paid
HIST-001805,CUS-0040,2025-09-24,2025-11-08,113426.57,45,paid
HIST-001806,CUS-0002,2025-09-17,2025-10-17,37357.09,30,paid
HIST-001807,CUS-0086,2025-05-13,2025-06-27,90788.33,45,paid
HIST-001808,CUS-0033,2026-03-23,2026-04-22,12264.37,30,paid
HIST-001809,CUS-0138,2025-08-30,2025-09-29,9401.65,30,paid
HIST-001810,CUS-0151,2025-04-09,2025-05-09,46681.51,30,paid
HIST-001811,CUS-0035,2026-01-27,2026-03-13,18937.38,45,paid
HIST-001812,CUS-0009,2026-03-30,2026-05-14,17921.17,45,paid
HIST-001813,CUS-0041,2025-11-22,2025-12-22,7716.06,30,paid
HIST-001814,CUS-0032,2026-05-16,2026-06-15,13856.29,30,paid
HIST-001815,CUS-0095,2026-05-14,2026-05-29,11754.24,15,paid
HIST-001816,CUS-0149,2025-06-15,2025-07-30,54751.97,45,paid
HIST-001817,CUS-0026,2026-03-13,2026-04-27,40432.52,45,paid
HIST-001818,CUS-0097,2025-07-01,2025-07-31,33931.39,30,paid
HIST-001819,CUS-0120,2025-08-02,2025-09-01,13233.24,30,paid
HIST-001820,CUS-0095,2026-02-05,2026-03-22,30832.3,45,paid
HIST-001821,CUS-0020,2026-05-06,2026-07-05,33522.27,60,paid
HIST-001822,CUS-0070,2025-10-14,2025-11-13,111576.66,30,paid
HIST-001823,CUS-0022,2026-05-31,2026-07-30,99838.35,60,paid
HIST-001824,CUS-0132,2026-01-16,2026-02-15,22987.04,30,paid
HIST-001825,CUS-0068,2025-12-15,2026-02-13,48520.47,60,paid
HIST-001826,CUS-0152,2025-11-09,2025-12-09,16284.21,30,paid
HIST-001827,CUS-0124,2025-08-23,2025-09-22,144658.86,30,paid
HIST-001828,CUS-0029,2025-10-20,2025-11-19,44849.65,30,paid
HIST-001829,CUS-0015,2025-05-17,2025-06-16,34041.08,30,paid
HIST-001830,CUS-0015,2026-05-16,2026-06-15,7592.62,30,paid
HIST-001831,CUS-0049,2026-04-22,2026-05-22,15482.02,30,paid
HIST-001832,CUS-0107,2025-09-15,2025-11-14,127260.86,60,paid
HIST-001833,CUS-0054,2026-03-04,2026-04-18,57113.73,45,paid
HIST-001834,CUS-0007,2026-03-23,2026-04-22,41131.82,30,paid
HIST-001835,CUS-0106,2025-05-08,2025-06-07,49810.86,30,paid
HIST-001836,CUS-0145,2025-05-16,2025-06-15,31179.63,30,paid
HIST-001837,CUS-0086,2025-12-24,2026-01-23,56299.53,30,paid
HIST-001838,CUS-0071,2025-08-14,2025-09-13,50022.66,30,paid
HIST-001839,CUS-0010,2026-02-23,2026-04-09,78561.01,45,paid
HIST-001840,CUS-0066,2026-01-09,2026-02-23,53508.29,45,paid
HIST-001841,CUS-0075,2025-05-03,2025-06-02,20140.41,30,paid
HIST-001842,CUS-0007,2026-01-18,2026-03-04,65748.54,45,paid
HIST-001843,CUS-0061,2026-03-06,2026-04-20,41109.68,45,paid
HIST-001844,CUS-0071,2025-03-17,2025-04-16,33548.13,30,paid
HIST-001845,CUS-0066,2026-02-28,2026-04-14,37544.41,45,paid
HIST-001846,CUS-0042,2025-07-25,2025-08-24,165697.4,30,paid
HIST-001847,CUS-0014,2025-10-28,2025-12-12,48956.28,45,paid
HIST-001848,CUS-0096,2026-06-02,2026-08-01,71021.64,60,paid
HIST-001849,CUS-0006,2026-02-10,2026-03-12,90038.61,30,paid
HIST-001850,CUS-0133,2025-07-11,2025-08-10,9061.36,30,paid
HIST-001851,CUS-0004,2025-10-05,2025-11-04,84689.77,30,paid
HIST-001852,CUS-0065,2025-12-22,2026-02-05,35141.46,45,paid
HIST-001853,CUS-0078,2025-04-25,2025-05-10,33321.21,15,paid
HIST-001854,CUS-0001,2026-02-11,2026-02-26,126549.21,15,paid
HIST-001855,CUS-0090,2025-07-14,2025-09-12,173116.66,60,paid
HIST-001856,CUS-0090,2026-04-18,2026-05-18,14548.21,30,paid
HIST-001857,CUS-0090,2025-03-12,2025-04-11,18989.79,30,paid
HIST-001858,CUS-0042,2025-04-12,2025-05-12,601549.05,30,paid
HIST-001859,CUS-0030,2026-05-03,2026-07-02,27907.78,60,paid
HIST-001860,CUS-0072,2025-12-14,2026-01-13,40151.18,30,paid
HIST-001861,CUS-0036,2025-10-29,2025-12-13,25020.39,45,paid
HIST-001862,CUS-0035,2025-03-24,2025-04-23,25673.02,30,paid
HIST-001863,CUS-0106,2025-05-14,2025-06-28,57050.37,45,paid
HIST-001864,CUS-0102,2025-08-06,2025-09-20,32745.75,45,paid
HIST-001865,CUS-0076,2026-05-12,2026-06-11,28577.74,30,paid
HIST-001866,CUS-0078,2025-09-20,2025-10-05,30898.89,15,paid
HIST-001867,CUS-0036,2025-10-07,2025-11-06,12163.61,30,paid
HIST-001868,CUS-0044,2025-03-30,2025-05-14,32565.98,45,paid
HIST-001869,CUS-0003,2026-04-16,2026-05-16,83815.83,30,paid
HIST-001870,CUS-0146,2026-01-19,2026-02-18,34743.22,30,paid
HIST-001871,CUS-0077,2025-11-09,2025-12-24,23035.52,45,paid
HIST-001872,CUS-0071,2025-08-19,2025-10-03,13563.76,45,paid
HIST-001873,CUS-0118,2025-12-30,2026-02-13,87393.23,45,paid
HIST-001874,CUS-0010,2026-05-20,2026-06-19,8940.17,30,paid
HIST-001875,CUS-0033,2025-06-28,2025-07-28,35556.88,30,paid
HIST-001876,CUS-0072,2026-05-05,2026-06-19,36464.4,45,paid
HIST-001877,CUS-0051,2026-06-03,2026-07-03,27691.18,30,paid
HIST-001878,CUS-0115,2026-02-16,2026-03-18,194117.48,30,paid
HIST-001879,CUS-0137,2025-04-24,2025-05-24,35763.06,30,paid
HIST-001880,CUS-0153,2025-06-25,2025-08-09,153410.31,45,paid
HIST-001881,CUS-0044,2026-04-24,2026-06-08,73450.8,45,paid
HIST-001882,CUS-0008,2025-04-16,2025-06-15,52905.61,60,paid
HIST-001883,CUS-0105,2025-10-18,2025-11-17,24558.88,30,paid
HIST-001884,CUS-0059,2026-02-15,2026-03-17,12910.31,30,paid
HIST-001885,CUS-0079,2026-04-13,2026-05-28,38233.29,45,paid
HIST-001886,CUS-0158,2025-10-08,2025-11-07,16085.19,30,paid
HIST-001887,CUS-0046,2025-08-31,2025-09-30,30487.07,30,paid
HIST-001888,CUS-0009,2025-05-12,2025-06-26,52382.42,45,paid
HIST-001889,CUS-0019,2025-05-07,2025-06-06,34538.59,30,paid
HIST-001890,CUS-0028,2025-09-24,2025-10-24,78629.3,30,paid
HIST-001891,CUS-0068,2026-02-21,2026-03-23,64509.6,30,paid
HIST-001892,CUS-0020,2025-04-30,2025-05-30,99270.59,30,paid
HIST-001893,CUS-0033,2025-08-11,2025-09-25,61047.84,45,paid
HIST-001894,CUS-0074,2025-05-31,2025-07-15,90241.21,45,paid
HIST-001895,CUS-0069,2025-07-31,2025-09-14,128174.0,45,paid
HIST-001896,CUS-0112,2026-04-06,2026-05-06,29127.03,30,paid
HIST-001897,CUS-0111,2025-08-19,2025-09-18,26988.92,30,paid
HIST-001898,CUS-0074,2025-03-30,2025-04-29,37528.68,30,paid
HIST-001899,CUS-0153,2025-04-07,2025-05-07,43633.3,30,paid
HIST-001900,CUS-0005,2025-05-07,2025-06-06,39057.54,30,paid
HIST-001901,CUS-0135,2025-05-22,2025-07-06,19498.86,45,paid
HIST-001902,CUS-0069,2025-06-24,2025-07-24,69194.37,30,paid
HIST-001903,CUS-0095,2025-09-09,2025-10-09,35024.53,30,paid
HIST-001904,CUS-0083,2025-10-23,2025-11-22,20993.82,30,paid
HIST-001905,CUS-0013,2025-07-13,2025-08-12,53338.66,30,paid
HIST-001906,CUS-0010,2025-07-16,2025-08-15,123699.26,30,paid
HIST-001907,CUS-0017,2026-01-29,2026-02-28,103503.3,30,paid
HIST-001908,CUS-0128,2026-05-25,2026-06-24,26882.61,30,paid
HIST-001909,CUS-0149,2025-10-26,2025-11-10,8461.44,15,paid
HIST-001910,CUS-0106,2025-05-18,2025-06-17,83358.49,30,paid
HIST-001911,CUS-0126,2025-09-10,2025-10-10,65055.64,30,paid
HIST-001912,CUS-0157,2026-04-02,2026-04-17,63981.09,15,paid
HIST-001913,CUS-0110,2025-04-12,2025-05-12,33521.67,30,paid
HIST-001914,CUS-0037,2026-02-21,2026-03-23,19947.3,30,paid
HIST-001915,CUS-0009,2025-05-31,2025-06-30,38026.37,30,paid
HIST-001916,CUS-0069,2025-07-12,2025-08-26,87995.6,45,paid
HIST-001917,CUS-0004,2026-01-07,2026-02-06,55186.41,30,paid
HIST-001918,CUS-0141,2026-01-18,2026-02-17,87699.23,30,paid
HIST-001919,CUS-0100,2025-10-26,2025-11-10,32995.97,15,paid
HIST-001920,CUS-0092,2025-11-02,2025-12-02,24722.88,30,paid
HIST-001921,CUS-0045,2025-06-24,2025-07-24,109501.36,30,paid
HIST-001922,CUS-0076,2025-04-29,2025-05-29,41229.51,30,paid
HIST-001923,CUS-0029,2026-01-13,2026-02-12,20589.14,30,paid
HIST-001924,CUS-0012,2025-12-20,2026-02-18,157385.23,60,paid
HIST-001925,CUS-0102,2025-05-28,2025-07-12,30477.96,45,paid
HIST-001926,CUS-0095,2025-09-15,2025-10-30,38148.27,45,paid
HIST-001927,CUS-0048,2026-03-14,2026-04-13,48192.46,30,paid
HIST-001928,CUS-0007,2026-04-24,2026-05-24,39367.03,30,paid
HIST-001929,CUS-0014,2025-07-02,2025-08-31,77609.65,60,paid
HIST-001930,CUS-0074,2025-08-26,2025-10-10,33809.52,45,paid
HIST-001931,CUS-0008,2025-12-20,2026-01-19,33952.48,30,paid
HIST-001932,CUS-0081,2026-02-08,2026-03-10,68883.37,30,paid
HIST-001933,CUS-0006,2025-09-21,2025-11-05,45218.68,45,paid
HIST-001934,CUS-0038,2026-04-24,2026-05-24,120629.65,30,paid
HIST-001935,CUS-0065,2026-05-15,2026-06-14,74148.71,30,paid
HIST-001936,CUS-0090,2025-07-30,2025-09-13,92299.13,45,paid
HIST-001937,CUS-0149,2025-05-12,2025-06-11,25928.49,30,paid
HIST-001938,CUS-0135,2025-07-06,2025-08-20,69612.77,45,paid
HIST-001939,CUS-0126,2025-04-05,2025-05-20,63141.77,45,paid
HIST-001940,CUS-0060,2025-08-19,2025-09-18,54012.87,30,paid
HIST-001941,CUS-0013,2026-04-17,2026-06-01,21610.66,45,paid
HIST-001942,CUS-0121,2025-10-25,2025-12-09,72538.77,45,paid
HIST-001943,CUS-0015,2025-09-25,2025-10-25,35490.55,30,paid
HIST-001944,CUS-0010,2025-08-21,2025-09-20,29354.37,30,paid
HIST-001945,CUS-0077,2025-03-30,2025-04-29,56730.67,30,paid
HIST-001946,CUS-0047,2025-06-21,2025-07-21,25677.54,30,paid
HIST-001947,CUS-0116,2025-10-22,2025-11-21,16721.49,30,paid
HIST-001948,CUS-0118,2025-03-16,2025-03-31,23554.89,15,paid
HIST-001949,CUS-0119,2025-12-21,2026-01-20,40346.44,30,paid
HIST-001950,CUS-0151,2026-01-02,2026-02-01,57155.62,30,paid
HIST-001951,CUS-0010,2025-08-01,2025-08-31,97111.95,30,paid
HIST-001952,CUS-0147,2025-12-26,2026-01-25,24267.45,30,paid
HIST-001953,CUS-0101,2025-03-31,2025-04-30,95296.64,30,paid
HIST-001954,CUS-0073,2025-04-08,2025-05-08,7572.47,30,paid
HIST-001955,CUS-0030,2025-12-24,2026-01-23,40778.23,30,paid
HIST-001956,CUS-0022,2025-07-01,2025-07-31,93110.99,30,paid
HIST-001957,CUS-0158,2025-10-04,2025-11-03,45849.34,30,paid
HIST-001958,CUS-0028,2025-04-13,2025-05-13,87031.95,30,paid
HIST-001959,CUS-0014,2025-06-20,2025-08-19,49396.04,60,paid
HIST-001960,CUS-0082,2025-11-08,2025-12-08,35069.11,30,paid
HIST-001961,CUS-0157,2026-01-18,2026-03-04,18631.54,45,paid
HIST-001962,CUS-0084,2025-06-16,2025-07-16,31701.33,30,paid
HIST-001963,CUS-0142,2025-04-11,2025-06-10,30621.12,60,paid
HIST-001964,CUS-0015,2025-07-16,2025-08-15,13966.39,30,paid
HIST-001965,CUS-0053,2025-10-02,2025-12-01,114284.71,60,paid
HIST-001966,CUS-0033,2026-03-28,2026-04-27,88079.55,30,paid
HIST-001967,CUS-0136,2025-03-25,2025-04-24,52762.25,30,paid
HIST-001968,CUS-0023,2025-05-28,2025-06-27,23160.26,30,paid
HIST-001969,CUS-0041,2025-05-06,2025-05-21,13565.0,15,paid
HIST-001970,CUS-0108,2025-03-31,2025-04-30,93109.92,30,paid
HIST-001971,CUS-0159,2026-01-16,2026-03-02,22993.69,45,paid
HIST-001972,CUS-0028,2025-12-27,2026-01-26,138043.29,30,paid
HIST-001973,CUS-0026,2025-09-05,2025-10-05,160943.91,30,paid
HIST-001974,CUS-0041,2025-03-30,2025-04-29,86696.36,30,paid
HIST-001975,CUS-0044,2025-07-22,2025-08-21,17731.16,30,paid
HIST-001976,CUS-0126,2025-05-28,2025-06-27,59931.24,30,paid
HIST-001977,CUS-0125,2025-09-25,2025-11-09,14988.08,45,paid
HIST-001978,CUS-0015,2025-07-13,2025-08-12,65021.28,30,paid
HIST-001979,CUS-0113,2025-06-15,2025-07-15,16079.33,30,paid
HIST-001980,CUS-0148,2025-05-17,2025-07-01,105164.6,45,paid
HIST-001981,CUS-0006,2025-11-27,2025-12-27,30893.64,30,paid
HIST-001982,CUS-0021,2025-10-16,2025-11-15,25747.54,30,paid
HIST-001983,CUS-0094,2025-04-11,2025-05-26,23087.0,45,paid
HIST-001984,CUS-0092,2026-05-28,2026-07-12,102481.89,45,paid
HIST-001985,CUS-0158,2026-04-24,2026-05-24,26158.53,30,paid
HIST-001986,CUS-0135,2026-04-14,2026-05-29,10618.5,45,paid
HIST-001987,CUS-0118,2025-06-04,2025-07-19,52744.79,45,paid
HIST-001988,CUS-0006,2026-04-08,2026-05-08,38446.22,30,paid
HIST-001989,CUS-0011,2025-03-18,2025-05-02,31567.66,45,paid
HIST-001990,CUS-0094,2025-12-26,2026-01-25,28599.93,30,paid
HIST-001991,CUS-0022,2026-01-22,2026-02-21,46000.31,30,paid
HIST-001992,CUS-0133,2025-12-17,2026-01-16,29443.26,30,paid
HIST-001993,CUS-0084,2026-03-06,2026-05-05,9135.1,60,paid
HIST-001994,CUS-0059,2025-04-29,2025-05-29,20924.23,30,paid
HIST-001995,CUS-0052,2025-05-22,2025-07-06,18429.92,45,paid
HIST-001996,CUS-0026,2025-07-18,2025-08-17,67150.11,30,paid
HIST-001997,CUS-0124,2025-08-10,2025-09-09,93459.09,30,paid
HIST-001998,CUS-0101,2026-01-25,2026-02-24,85009.6,30,paid
HIST-001999,CUS-0145,2025-05-25,2025-06-24,84776.95,30,paid
HIST-002000,CUS-0101,2026-02-10,2026-03-12,65564.16,30,paid
HIST-002001,CUS-0069,2025-12-16,2025-12-31,78227.69,15,paid
HIST-002002,CUS-0061,2025-08-19,2025-10-03,114019.11,45,paid
HIST-002003,CUS-0149,2026-03-12,2026-04-26,29655.56,45,paid
HIST-002004,CUS-0140,2026-02-17,2026-04-03,22088.18,45,paid
HIST-002005,CUS-0039,2025-10-17,2025-12-01,49633.93,45,paid
HIST-002006,CUS-0010,2025-03-18,2025-04-17,223404.74,30,paid
HIST-002007,CUS-0104,2025-06-13,2025-07-28,87697.77,45,paid
HIST-002008,CUS-0062,2025-11-04,2025-12-04,43459.52,30,paid
HIST-002009,CUS-0064,2025-12-06,2026-01-05,27589.03,30,paid
HIST-002010,CUS-0078,2026-01-06,2026-02-20,26624.48,45,paid
HIST-002011,CUS-0074,2026-04-07,2026-05-07,129612.95,30,paid
HIST-002012,CUS-0152,2025-10-16,2025-11-30,16816.52,45,paid
HIST-002013,CUS-0065,2025-03-26,2025-04-10,373567.86,15,paid
HIST-002014,CUS-0001,2026-03-17,2026-05-16,15542.64,60,paid
HIST-002015,CUS-0122,2025-07-22,2025-08-21,73642.75,30,paid
HIST-002016,CUS-0106,2026-03-16,2026-04-15,46256.24,30,paid
HIST-002017,CUS-0053,2026-03-16,2026-04-30,54509.03,45,paid
HIST-002018,CUS-0045,2025-12-31,2026-01-30,40367.22,30,paid
HIST-002019,CUS-0154,2025-10-13,2025-12-12,17161.42,60,paid
HIST-002020,CUS-0111,2025-12-28,2026-01-27,52008.56,30,paid
HIST-002021,CUS-0073,2025-10-09,2025-11-08,73387.59,30,paid
HIST-002022,CUS-0036,2026-05-10,2026-06-24,74088.64,45,paid
HIST-002023,CUS-0108,2025-09-14,2025-11-13,7400.79,60,paid
HIST-002024,CUS-0077,2025-12-27,2026-02-10,68899.96,45,paid
HIST-002025,CUS-0006,2025-11-07,2025-11-22,24000.07,15,paid
HIST-002026,CUS-0011,2025-08-02,2025-09-16,84846.14,45,paid
HIST-002027,CUS-0038,2026-01-10,2026-02-09,64922.12,30,paid
HIST-002028,CUS-0125,2025-12-31,2026-01-30,40077.9,30,paid
HIST-002029,CUS-0021,2025-05-25,2025-06-24,103123.8,30,paid
HIST-002030,CUS-0034,2025-03-17,2025-04-16,40481.27,30,paid
HIST-002031,CUS-0142,2025-11-24,2026-01-08,44530.64,45,paid
HIST-002032,CUS-0064,2026-05-25,2026-06-24,22025.04,30,paid
HIST-002033,CUS-0018,2025-06-17,2025-07-17,33413.72,30,paid
HIST-002034,CUS-0002,2026-02-24,2026-03-11,21870.41,15,paid
HIST-002035,CUS-0016,2025-08-08,2025-09-22,27374.78,45,paid
HIST-002036,CUS-0002,2025-11-06,2025-12-06,75553.87,30,paid
HIST-002037,CUS-0158,2026-04-28,2026-05-13,11611.13,15,paid
HIST-002038,CUS-0026,2025-08-29,2025-09-28,69654.7,30,paid
HIST-002039,CUS-0128,2026-04-08,2026-05-08,14602.84,30,paid
HIST-002040,CUS-0005,2025-07-05,2025-08-04,44238.37,30,paid
HIST-002041,CUS-0050,2026-04-15,2026-06-14,100943.68,60,paid
HIST-002042,CUS-0124,2025-07-19,2025-09-02,25631.14,45,paid
HIST-002043,CUS-0129,2026-05-25,2026-06-09,28353.25,15,paid
HIST-002044,CUS-0090,2026-01-28,2026-03-29,87275.26,60,paid
HIST-002045,CUS-0009,2026-02-19,2026-03-21,44989.72,30,paid
HIST-002046,CUS-0061,2025-11-25,2025-12-25,91728.25,30,paid
HIST-002047,CUS-0031,2026-02-22,2026-03-24,12701.89,30,paid
HIST-002048,CUS-0076,2025-12-21,2026-01-20,58788.35,30,paid
HIST-002049,CUS-0018,2026-04-10,2026-05-25,23253.64,45,paid
HIST-002050,CUS-0104,2025-05-15,2025-06-29,30636.81,45,paid
HIST-002051,CUS-0026,2026-05-09,2026-06-23,145286.24,45,paid
HIST-002052,CUS-0097,2025-10-29,2025-11-28,30481.21,30,paid
HIST-002053,CUS-0022,2026-01-14,2026-02-13,37580.4,30,paid
HIST-002054,CUS-0079,2025-12-08,2026-01-22,97066.96,45,paid
HIST-002055,CUS-0156,2026-05-08,2026-06-07,136249.48,30,paid
HIST-002056,CUS-0006,2025-06-18,2025-07-18,37570.72,30,paid
HIST-002057,CUS-0061,2025-07-18,2025-08-17,14049.23,30,paid
HIST-002058,CUS-0113,2025-05-14,2025-06-13,47605.67,30,paid
HIST-002059,CUS-0081,2025-08-24,2025-10-08,33259.04,45,paid
HIST-002060,CUS-0102,2025-09-24,2025-11-08,70276.22,45,paid
HIST-002061,CUS-0063,2026-01-15,2026-02-14,18293.58,30,paid
HIST-002062,CUS-0113,2025-10-23,2025-11-22,24131.46,30,paid
HIST-002063,CUS-0054,2025-08-17,2025-10-16,7133.05,60,paid
HIST-002064,CUS-0089,2026-01-22,2026-03-08,14966.91,45,paid
HIST-002065,CUS-0020,2026-01-27,2026-02-26,36041.93,30,paid
HIST-002066,CUS-0094,2025-07-25,2025-08-24,18487.91,30,paid
HIST-002067,CUS-0111,2025-07-12,2025-08-26,99237.0,45,paid
HIST-002068,CUS-0035,2025-04-15,2025-05-15,69185.42,30,paid
HIST-002069,CUS-0046,2025-07-31,2025-09-14,50915.19,45,paid
HIST-002070,CUS-0118,2025-09-03,2025-10-18,57346.24,45,paid
HIST-002071,CUS-0076,2025-06-08,2025-07-08,55775.7,30,paid
HIST-002072,CUS-0018,2025-10-06,2025-10-21,24625.37,15,paid
HIST-002073,CUS-0059,2025-03-19,2025-04-18,125334.09,30,paid
HIST-002074,CUS-0103,2025-08-29,2025-09-28,110683.25,30,paid
HIST-002075,CUS-0110,2026-04-26,2026-06-10,77228.4,45,paid
HIST-002076,CUS-0010,2026-03-27,2026-05-11,14973.33,45,paid
HIST-002077,CUS-0160,2026-05-22,2026-06-21,78575.15,30,paid
HIST-002078,CUS-0026,2025-12-11,2026-01-25,66619.05,45,paid
HIST-002079,CUS-0096,2026-02-21,2026-03-23,32461.33,30,paid
HIST-002080,CUS-0142,2026-02-27,2026-03-29,51656.16,30,paid
HIST-002081,CUS-0049,2025-04-07,2025-04-22,45837.03,15,paid
HIST-002082,CUS-0124,2026-02-13,2026-03-15,20471.17,30,paid
HIST-002083,CUS-0057,2026-01-23,2026-02-07,112923.55,15,paid
HIST-002084,CUS-0068,2025-07-18,2025-08-17,53275.94,30,paid
HIST-002085,CUS-0055,2026-04-09,2026-05-09,73372.64,30,paid
HIST-002086,CUS-0096,2026-01-15,2026-02-14,20275.63,30,paid
HIST-002087,CUS-0111,2025-12-18,2026-01-17,30880.58,30,paid
HIST-002088,CUS-0124,2026-01-06,2026-02-20,63781.22,45,paid
HIST-002089,CUS-0099,2025-03-21,2025-04-20,25205.29,30,paid
HIST-002090,CUS-0078,2026-03-19,2026-04-18,11718.76,30,paid
HIST-002091,CUS-0029,2025-08-07,2025-09-06,59391.13,30,paid
HIST-002092,CUS-0116,2025-05-26,2025-06-25,23270.49,30,paid
HIST-002093,CUS-0073,2025-05-22,2025-06-06,50010.67,15,paid
HIST-002094,CUS-0145,2025-05-28,2025-07-27,31808.58,60,paid
HIST-002095,CUS-0024,2026-05-22,2026-06-21,16092.54,30,paid
HIST-002096,CUS-0029,2025-03-12,2025-04-26,60557.42,45,paid
HIST-002097,CUS-0052,2025-09-07,2025-10-07,11919.7,30,paid
HIST-002098,CUS-0001,2026-04-15,2026-05-15,31163.86,30,paid
HIST-002099,CUS-0143,2025-07-23,2025-09-06,112427.61,45,paid
HIST-002100,CUS-0112,2026-02-01,2026-03-18,24646.5,45,paid
HIST-002101,CUS-0003,2026-02-02,2026-04-03,66513.17,60,paid
HIST-002102,CUS-0104,2025-03-14,2025-04-13,25351.31,30,paid
HIST-002103,CUS-0109,2026-01-31,2026-04-01,31958.71,60,paid
HIST-002104,CUS-0055,2026-02-10,2026-03-12,144264.68,30,paid
HIST-002105,CUS-0014,2025-05-16,2025-06-15,27261.92,30,paid
HIST-002106,CUS-0149,2025-10-18,2025-12-02,26303.21,45,paid
HIST-002107,CUS-0049,2026-04-29,2026-05-29,109833.3,30,paid
HIST-002108,CUS-0141,2025-10-12,2025-11-26,17486.11,45,paid
HIST-002109,CUS-0012,2026-03-10,2026-04-24,64243.66,45,paid
HIST-002110,CUS-0036,2025-09-27,2025-10-27,32256.98,30,paid
HIST-002111,CUS-0065,2025-08-12,2025-09-11,44683.47,30,paid
HIST-002112,CUS-0126,2026-05-06,2026-06-20,129097.35,45,paid
HIST-002113,CUS-0124,2026-04-05,2026-05-05,20432.45,30,paid
HIST-002114,CUS-0046,2026-05-25,2026-07-24,45701.73,60,paid
HIST-002115,CUS-0057,2025-08-11,2025-09-10,49433.33,30,paid
HIST-002116,CUS-0055,2025-11-26,2025-12-26,44476.6,30,paid
HIST-002117,CUS-0037,2025-12-07,2026-01-21,18130.98,45,paid
HIST-002118,CUS-0003,2026-03-27,2026-05-11,18915.33,45,paid
HIST-002119,CUS-0011,2026-01-22,2026-02-21,29762.01,30,paid
HIST-002120,CUS-0042,2025-09-27,2025-10-27,52268.3,30,paid
HIST-002121,CUS-0037,2025-04-04,2025-05-04,21821.21,30,paid
HIST-002122,CUS-0149,2025-05-10,2025-06-09,104814.62,30,paid
HIST-002123,CUS-0096,2025-09-14,2025-10-29,57689.13,45,paid
HIST-002124,CUS-0121,2025-07-14,2025-08-13,67137.74,30,paid
HIST-002125,CUS-0046,2025-08-04,2025-09-03,27004.78,30,paid
HIST-002126,CUS-0121,2026-01-23,2026-03-09,60203.7,45,paid
HIST-002127,CUS-0072,2026-03-26,2026-05-10,70061.97,45,paid
HIST-002128,CUS-0113,2025-08-23,2025-09-22,16278.7,30,paid
HIST-002129,CUS-0023,2025-11-23,2025-12-23,52240.42,30,paid
HIST-002130,CUS-0152,2025-05-24,2025-06-23,101335.14,30,paid
HIST-002131,CUS-0107,2025-10-25,2025-11-24,18249.16,30,paid
HIST-002132,CUS-0097,2026-02-18,2026-03-20,237187.9,30,paid
HIST-002133,CUS-0154,2025-05-03,2025-06-02,99017.27,30,paid
HIST-002134,CUS-0006,2026-04-14,2026-05-14,37341.03,30,paid
HIST-002135,CUS-0143,2025-11-27,2025-12-12,27561.84,15,paid
HIST-002136,CUS-0105,2025-06-08,2025-07-08,20315.98,30,paid
HIST-002137,CUS-0014,2025-03-24,2025-05-23,31861.25,60,paid
HIST-002138,CUS-0035,2025-12-23,2026-01-22,106443.82,30,paid
HIST-002139,CUS-0145,2025-09-02,2025-11-01,24625.92,60,paid
HIST-002140,CUS-0061,2025-03-17,2025-05-01,98820.89,45,paid
HIST-002141,CUS-0117,2025-08-17,2025-09-16,12967.44,30,paid
HIST-002142,CUS-0005,2025-04-30,2025-06-14,40785.44,45,paid
HIST-002143,CUS-0146,2025-04-10,2025-05-10,28446.33,30,paid
HIST-002144,CUS-0110,2026-04-29,2026-05-29,150602.23,30,paid
HIST-002145,CUS-0038,2026-03-25,2026-04-24,51486.91,30,paid
HIST-002146,CUS-0087,2025-06-04,2025-07-04,31482.1,30,paid
HIST-002147,CUS-0061,2025-04-12,2025-05-27,212164.42,45,paid
HIST-002148,CUS-0041,2026-04-17,2026-06-01,57543.17,45,paid
HIST-002149,CUS-0046,2026-06-03,2026-08-02,29093.48,60,paid
HIST-002150,CUS-0096,2025-09-08,2025-11-07,21613.16,60,paid
HIST-002151,CUS-0100,2025-04-07,2025-04-22,288005.02,15,paid
HIST-002152,CUS-0102,2025-11-26,2025-12-26,28161.78,30,paid
HIST-002153,CUS-0105,2026-03-13,2026-05-12,45149.57,60,paid
HIST-002154,CUS-0159,2025-08-28,2025-09-27,43057.63,30,paid
HIST-002155,CUS-0047,2026-05-30,2026-06-29,19686.42,30,paid
HIST-002156,CUS-0065,2025-11-19,2026-01-03,62968.92,45,paid
HIST-002157,CUS-0061,2025-03-25,2025-05-09,19369.48,45,paid
HIST-002158,CUS-0071,2026-05-28,2026-06-27,36575.22,30,paid
HIST-002159,CUS-0005,2025-04-19,2025-05-19,59863.61,30,paid
HIST-002160,CUS-0085,2026-01-03,2026-02-17,23159.71,45,paid
HIST-002161,CUS-0087,2025-11-01,2025-12-16,12058.36,45,paid
HIST-002162,CUS-0062,2026-05-20,2026-06-19,52647.79,30,paid
HIST-002163,CUS-0050,2026-02-10,2026-03-27,35550.02,45,paid
HIST-002164,CUS-0071,2025-08-10,2025-09-24,50603.44,45,paid
HIST-002165,CUS-0083,2025-11-02,2025-12-17,119482.61,45,paid
HIST-002166,CUS-0110,2025-06-05,2025-07-05,41409.92,30,paid
HIST-002167,CUS-0101,2026-04-03,2026-05-18,91357.42,45,paid
HIST-002168,CUS-0033,2025-04-02,2025-06-01,18781.73,60,paid
HIST-002169,CUS-0071,2025-05-22,2025-06-06,131906.67,15,paid
HIST-002170,CUS-0013,2025-06-08,2025-07-23,54554.59,45,paid
HIST-002171,CUS-0010,2026-04-19,2026-06-03,40790.24,45,paid
HIST-002172,CUS-0006,2026-03-24,2026-04-23,83216.38,30,paid
HIST-002173,CUS-0057,2026-03-21,2026-05-05,17050.14,45,paid
HIST-002174,CUS-0118,2025-12-27,2026-01-26,21015.78,30,paid
HIST-002175,CUS-0063,2025-08-08,2025-10-07,48509.27,60,paid
HIST-002176,CUS-0101,2026-04-07,2026-05-07,31589.91,30,paid
HIST-002177,CUS-0037,2026-02-18,2026-04-04,19819.21,45,paid
HIST-002178,CUS-0157,2025-05-10,2025-06-09,11328.51,30,paid
HIST-002179,CUS-0118,2025-09-21,2025-11-05,65227.43,45,paid
HIST-002180,CUS-0122,2026-03-07,2026-03-22,19106.17,15,paid
HIST-002181,CUS-0045,2025-12-29,2026-01-28,58220.02,30,paid
HIST-002182,CUS-0030,2026-01-22,2026-02-21,60834.62,30,paid
HIST-002183,CUS-0095,2026-03-27,2026-04-26,31758.61,30,paid
HIST-002184,CUS-0130,2025-11-01,2025-12-01,118691.05,30,paid
HIST-002185,CUS-0020,2025-12-27,2026-02-10,36802.42,45,paid
HIST-002186,CUS-0055,2026-02-08,2026-02-23,44006.27,15,paid
HIST-002187,CUS-0007,2025-05-27,2025-06-26,93309.46,30,paid
HIST-002188,CUS-0061,2025-10-20,2025-11-19,24101.08,30,paid
HIST-002189,CUS-0013,2025-06-29,2025-07-29,33838.57,30,paid
HIST-002190,CUS-0065,2026-05-21,2026-06-20,95889.54,30,paid
HIST-002191,CUS-0135,2025-12-08,2026-01-07,10132.06,30,paid
HIST-002192,CUS-0137,2025-05-11,2025-06-25,17385.89,45,paid
HIST-002193,CUS-0032,2025-12-07,2026-01-21,49616.95,45,paid
HIST-002194,CUS-0106,2026-02-11,2026-04-12,50535.13,60,paid
HIST-002195,CUS-0035,2025-08-12,2025-09-26,115673.43,45,paid
HIST-002196,CUS-0061,2026-05-06,2026-06-20,71110.84,45,paid
HIST-002197,CUS-0034,2025-10-09,2025-11-08,65524.45,30,paid
HIST-002198,CUS-0003,2025-12-03,2026-01-02,124251.15,30,paid
HIST-002199,CUS-0024,2025-09-30,2025-10-30,38618.05,30,paid
HIST-002200,CUS-0148,2026-02-12,2026-02-27,37566.7,15,paid
HIST-002201,CUS-0106,2025-12-17,2026-01-16,166112.4,30,paid
HIST-002202,CUS-0118,2026-05-31,2026-06-30,16134.23,30,paid
HIST-002203,CUS-0115,2025-06-06,2025-07-21,69811.94,45,paid
HIST-002204,CUS-0071,2025-12-24,2026-02-07,11692.6,45,paid
HIST-002205,CUS-0107,2025-04-21,2025-06-05,25601.33,45,paid
HIST-002206,CUS-0108,2025-12-08,2025-12-23,37712.73,15,paid
HIST-002207,CUS-0066,2025-06-08,2025-07-08,49479.53,30,paid
HIST-002208,CUS-0099,2025-08-08,2025-09-07,45769.96,30,paid
HIST-002209,CUS-0061,2025-12-28,2026-02-26,28855.89,60,paid
HIST-002210,CUS-0065,2026-01-11,2026-02-10,58019.96,30,paid
HIST-002211,CUS-0008,2025-03-20,2025-04-19,15081.52,30,paid
HIST-002212,CUS-0060,2025-03-16,2025-04-15,50314.89,30,paid
HIST-002213,CUS-0006,2025-12-17,2026-01-16,8805.61,30,paid
HIST-002214,CUS-0005,2026-04-21,2026-06-05,74587.8,45,paid
HIST-002215,CUS-0101,2026-02-17,2026-04-03,4075.75,45,paid
HIST-002216,CUS-0148,2025-12-30,2026-01-14,41309.67,15,paid
HIST-002217,CUS-0140,2026-03-08,2026-04-07,20540.73,30,paid
HIST-002218,CUS-0033,2025-07-18,2025-08-17,203710.24,30,paid
HIST-002219,CUS-0005,2025-05-01,2025-05-31,47177.18,30,paid
HIST-002220,CUS-0057,2025-12-07,2026-02-05,43389.44,60,paid
HIST-002221,CUS-0060,2026-03-09,2026-04-23,14991.32,45,paid
HIST-002222,CUS-0121,2026-04-17,2026-05-17,88405.34,30,paid
HIST-002223,CUS-0081,2026-05-13,2026-06-12,19625.93,30,paid
HIST-002224,CUS-0057,2026-01-02,2026-02-01,28670.87,30,paid
HIST-002225,CUS-0120,2026-04-08,2026-05-08,141115.26,30,paid
HIST-002226,CUS-0068,2026-03-24,2026-04-23,59639.34,30,paid
HIST-002227,CUS-0078,2025-08-08,2025-09-07,60662.49,30,paid
HIST-002228,CUS-0065,2026-05-20,2026-06-19,24748.31,30,paid
HIST-002229,CUS-0007,2026-03-20,2026-05-04,21798.92,45,paid
HIST-002230,CUS-0049,2025-10-13,2025-11-27,26260.86,45,paid
HIST-002231,CUS-0061,2026-04-15,2026-05-15,51978.1,30,paid
HIST-002232,CUS-0094,2026-01-18,2026-02-17,31433.97,30,paid
HIST-002233,CUS-0114,2025-08-21,2025-09-20,40127.66,30,paid
HIST-002234,CUS-0092,2025-09-02,2025-10-02,107502.13,30,paid
HIST-002235,CUS-0095,2025-08-15,2025-09-29,31689.68,45,paid
HIST-002236,CUS-0037,2026-03-06,2026-04-05,49739.59,30,paid
HIST-002237,CUS-0158,2025-10-06,2025-11-20,105113.23,45,paid
HIST-002238,CUS-0046,2025-09-18,2025-10-18,67655.03,30,paid
HIST-002239,CUS-0083,2025-07-04,2025-09-02,46779.36,60,paid
HIST-002240,CUS-0101,2025-07-13,2025-08-27,33741.1,45,paid
HIST-002241,CUS-0040,2026-03-03,2026-04-17,27564.59,45,paid
HIST-002242,CUS-0099,2025-05-05,2025-05-20,7714.99,15,paid
HIST-002243,CUS-0132,2026-02-26,2026-03-28,38087.59,30,paid
HIST-002244,CUS-0046,2025-04-21,2025-05-21,42137.68,30,paid
HIST-002245,CUS-0040,2025-05-01,2025-06-15,255214.65,45,paid
HIST-002246,CUS-0038,2026-04-16,2026-05-31,51977.86,45,paid
HIST-002247,CUS-0046,2025-11-29,2026-01-13,69054.5,45,paid
HIST-002248,CUS-0089,2026-02-02,2026-04-03,60999.91,60,paid
HIST-002249,CUS-0039,2025-12-21,2026-01-20,46730.57,30,paid
HIST-002250,CUS-0098,2026-01-19,2026-02-18,26131.31,30,paid
HIST-002251,CUS-0034,2025-08-03,2025-09-02,46636.87,30,paid
HIST-002252,CUS-0107,2025-05-05,2025-06-19,41532.75,45,paid
HIST-002253,CUS-0064,2025-04-14,2025-05-14,114326.49,30,paid
HIST-002254,CUS-0053,2025-08-21,2025-10-05,72369.32,45,paid
HIST-002255,CUS-0061,2025-07-05,2025-08-04,59557.35,30,paid
HIST-002256,CUS-0095,2025-04-26,2025-05-26,86340.45,30,paid
HIST-002257,CUS-0033,2026-05-24,2026-07-08,31049.35,45,paid
HIST-002258,CUS-0034,2025-03-24,2025-05-08,19821.09,45,paid
HIST-002259,CUS-0154,2026-01-18,2026-02-17,14836.2,30,paid
HIST-002260,CUS-0095,2025-12-05,2026-01-04,23764.78,30,paid
HIST-002261,CUS-0078,2025-11-15,2025-12-15,86777.23,30,paid
HIST-002262,CUS-0044,2026-03-11,2026-04-10,70311.57,30,paid
HIST-002263,CUS-0074,2026-01-25,2026-03-11,68532.43,45,paid
HIST-002264,CUS-0101,2026-04-01,2026-05-16,95251.84,45,paid
HIST-002265,CUS-0099,2025-10-14,2025-11-28,22491.52,45,paid
HIST-002266,CUS-0075,2026-04-22,2026-05-22,275386.26,30,paid
HIST-002267,CUS-0078,2025-12-05,2026-01-04,43125.02,30,paid
HIST-002268,CUS-0046,2026-03-19,2026-04-18,89687.12,30,paid
HIST-002269,CUS-0095,2025-12-19,2026-02-02,104686.12,45,paid
HIST-002270,CUS-0134,2026-04-14,2026-05-14,44056.52,30,paid
HIST-002271,CUS-0010,2025-04-07,2025-05-07,23345.54,30,paid
HIST-002272,CUS-0059,2025-06-14,2025-07-29,42881.83,45,paid
HIST-002273,CUS-0107,2026-02-22,2026-04-08,23287.81,45,paid
HIST-002274,CUS-0095,2025-04-04,2025-05-04,5688.84,30,paid
HIST-002275,CUS-0130,2026-05-21,2026-06-20,18413.8,30,paid
HIST-002276,CUS-0031,2025-09-26,2025-11-10,34762.16,45,paid
HIST-002277,CUS-0015,2026-04-16,2026-05-31,18680.27,45,paid
HIST-002278,CUS-0068,2025-11-24,2026-01-08,74961.59,45,paid
HIST-002279,CUS-0122,2026-04-14,2026-05-14,18735.69,30,paid
HIST-002280,CUS-0009,2025-06-07,2025-07-07,35921.19,30,paid
HIST-002281,CUS-0026,2025-05-04,2025-06-03,40158.64,30,paid
HIST-002282,CUS-0060,2025-07-20,2025-08-19,29262.05,30,paid
HIST-002283,CUS-0019,2025-11-15,2025-12-30,76607.57,45,paid
HIST-002284,CUS-0093,2025-10-28,2025-11-27,96389.01,30,paid
HIST-002285,CUS-0017,2026-03-27,2026-05-26,31575.16,60,paid
HIST-002286,CUS-0107,2025-04-19,2025-06-03,45727.69,45,paid
HIST-002287,CUS-0147,2025-06-13,2025-07-13,24263.67,30,paid
HIST-002288,CUS-0086,2025-10-18,2025-12-02,40614.91,45,paid
HIST-002289,CUS-0049,2025-10-13,2025-11-12,55714.16,30,paid
HIST-002290,CUS-0069,2025-11-25,2025-12-25,104186.16,30,paid
HIST-002291,CUS-0071,2025-04-09,2025-05-09,11572.19,30,paid
HIST-002292,CUS-0125,2025-03-27,2025-04-26,25420.43,30,paid
HIST-002293,CUS-0129,2025-04-04,2025-05-19,55071.36,45,paid
HIST-002294,CUS-0094,2026-03-21,2026-04-20,26971.99,30,paid
HIST-002295,CUS-0113,2026-03-18,2026-05-02,79085.66,45,paid
HIST-002296,CUS-0061,2026-02-11,2026-03-13,49091.55,30,paid
HIST-002297,CUS-0108,2026-02-22,2026-03-24,102255.7,30,paid
HIST-002298,CUS-0150,2025-09-23,2025-10-08,35443.76,15,paid
HIST-002299,CUS-0103,2025-12-27,2026-01-26,31253.69,30,paid
HIST-002300,CUS-0008,2026-03-08,2026-04-07,82487.78,30,paid
HIST-002301,CUS-0005,2025-12-17,2026-01-16,28208.02,30,paid
HIST-002302,CUS-0115,2025-08-11,2025-09-25,54498.58,45,paid
HIST-002303,CUS-0004,2025-10-14,2025-11-13,34496.19,30,paid
HIST-002304,CUS-0046,2026-04-30,2026-06-29,38109.42,60,paid
HIST-002305,CUS-0035,2026-01-23,2026-02-22,22286.05,30,paid
HIST-002306,CUS-0128,2025-09-16,2025-10-31,17725.7,45,paid
HIST-002307,CUS-0016,2026-01-11,2026-02-10,94810.43,30,paid
HIST-002308,CUS-0005,2025-06-22,2025-07-22,13807.67,30,paid
HIST-002309,CUS-0095,2025-08-23,2025-09-22,46961.09,30,paid
HIST-002310,CUS-0129,2025-03-15,2025-04-14,87990.08,30,paid
HIST-002311,CUS-0140,2025-03-12,2025-04-26,69394.75,45,paid
HIST-002312,CUS-0147,2025-05-08,2025-06-22,34553.61,45,paid
HIST-002313,CUS-0026,2026-03-07,2026-04-21,97353.54,45,paid
HIST-002314,CUS-0158,2026-04-03,2026-04-18,56676.18,15,paid
HIST-002315,CUS-0034,2025-10-04,2025-11-03,115968.24,30,paid
HIST-002316,CUS-0062,2025-10-22,2025-12-06,27963.34,45,paid
HIST-002317,CUS-0069,2025-12-11,2026-01-25,24191.42,45,paid
HIST-002318,CUS-0008,2026-02-06,2026-03-08,17685.52,30,paid
HIST-002319,CUS-0004,2025-11-11,2025-12-11,100157.61,30,paid
HIST-002320,CUS-0052,2025-09-29,2025-11-13,106183.44,45,paid
HIST-002321,CUS-0036,2026-04-19,2026-05-19,27473.5,30,paid
HIST-002322,CUS-0076,2025-07-27,2025-08-26,85285.45,30,paid
HIST-002323,CUS-0059,2025-06-17,2025-07-17,34662.74,30,paid
HIST-002324,CUS-0095,2025-07-16,2025-08-30,51246.89,45,paid
HIST-002325,CUS-0041,2026-04-04,2026-05-04,9298.97,30,paid
HIST-002326,CUS-0018,2025-07-07,2025-08-21,23862.05,45,paid
HIST-002327,CUS-0026,2025-04-22,2025-05-22,37669.75,30,paid
HIST-002328,CUS-0095,2025-11-03,2025-12-18,101078.12,45,paid
HIST-002329,CUS-0007,2025-09-01,2025-10-01,6408.56,30,paid
HIST-002330,CUS-0157,2025-10-03,2025-12-02,181639.98,60,paid
HIST-002331,CUS-0059,2025-05-02,2025-06-16,62870.81,45,paid
HIST-002332,CUS-0003,2025-11-29,2025-12-29,9264.27,30,paid
HIST-002333,CUS-0005,2026-05-18,2026-07-02,157860.12,45,paid
HIST-002334,CUS-0076,2026-01-05,2026-02-04,61359.99,30,paid
HIST-002335,CUS-0093,2026-03-06,2026-04-20,91723.59,45,paid
HIST-002336,CUS-0101,2025-05-10,2025-06-09,48772.29,30,paid
HIST-002337,CUS-0042,2026-02-11,2026-03-13,37523.96,30,paid
HIST-002338,CUS-0129,2025-07-18,2025-08-17,18484.45,30,paid
HIST-002339,CUS-0102,2026-03-31,2026-04-30,10804.34,30,paid
HIST-002340,CUS-0116,2025-10-14,2025-11-28,33346.35,45,paid
HIST-002341,CUS-0077,2026-01-26,2026-03-27,67938.0,60,paid
HIST-002342,CUS-0025,2026-05-22,2026-06-21,74540.54,30,paid
HIST-002343,CUS-0035,2026-02-02,2026-03-04,58866.94,30,paid
HIST-002344,CUS-0132,2026-02-28,2026-03-30,82854.6,30,paid
HIST-002345,CUS-0015,2025-04-06,2025-05-06,67537.41,30,paid
HIST-002346,CUS-0096,2025-03-23,2025-04-22,42863.7,30,paid
HIST-002347,CUS-0095,2025-03-21,2025-05-05,36959.64,45,paid
HIST-002348,CUS-0011,2026-04-01,2026-05-01,31722.14,30,paid
HIST-002349,CUS-0069,2025-12-07,2026-01-21,28432.02,45,paid
HIST-002350,CUS-0131,2025-06-21,2025-07-21,73088.49,30,paid
HIST-002351,CUS-0090,2025-10-03,2025-12-02,93565.73,60,paid
HIST-002352,CUS-0012,2026-02-21,2026-03-23,41041.17,30,paid
HIST-002353,CUS-0074,2026-02-25,2026-04-26,34232.25,60,paid
HIST-002354,CUS-0008,2026-03-11,2026-04-10,41945.25,30,paid
HIST-002355,CUS-0114,2026-02-14,2026-03-31,26028.32,45,paid
HIST-002356,CUS-0051,2025-03-11,2025-04-10,15537.38,30,paid
HIST-002357,CUS-0036,2025-10-26,2025-12-10,61528.65,45,paid
HIST-002358,CUS-0008,2025-05-02,2025-06-01,13764.31,30,paid
HIST-002359,CUS-0153,2026-05-10,2026-06-09,47173.43,30,paid
HIST-002360,CUS-0140,2026-03-13,2026-05-12,45703.24,60,paid
HIST-002361,CUS-0112,2025-09-02,2025-10-02,31533.69,30,paid
HIST-002362,CUS-0082,2026-05-31,2026-06-30,50805.3,30,paid
HIST-002363,CUS-0134,2025-12-05,2025-12-20,26042.21,15,paid
HIST-002364,CUS-0102,2026-02-02,2026-04-03,51307.96,60,paid
HIST-002365,CUS-0042,2025-09-27,2025-10-27,12370.35,30,paid
HIST-002366,CUS-0053,2025-10-13,2025-11-27,25575.05,45,paid
HIST-002367,CUS-0087,2025-07-14,2025-08-13,27742.75,30,paid
HIST-002368,CUS-0071,2026-05-04,2026-07-03,21470.79,60,paid
HIST-002369,CUS-0106,2025-12-14,2026-01-28,108887.46,45,paid
HIST-002370,CUS-0100,2025-03-14,2025-04-13,82024.61,30,paid
HIST-002371,CUS-0082,2025-06-10,2025-07-10,36614.39,30,paid
HIST-002372,CUS-0043,2026-02-06,2026-03-08,54815.44,30,paid
HIST-002373,CUS-0089,2025-07-06,2025-08-20,17855.53,45,paid
HIST-002374,CUS-0065,2026-01-13,2026-02-12,9286.81,30,paid
HIST-002375,CUS-0133,2025-05-21,2025-07-05,72388.86,45,paid
HIST-002376,CUS-0006,2026-03-11,2026-05-10,37234.05,60,paid
HIST-002377,CUS-0124,2026-04-05,2026-05-05,21820.06,30,paid
HIST-002378,CUS-0009,2026-05-09,2026-06-08,24632.18,30,paid
HIST-002379,CUS-0051,2026-01-21,2026-03-07,28974.5,45,paid
HIST-002380,CUS-0126,2025-04-17,2025-05-17,10286.27,30,paid
HIST-002381,CUS-0120,2026-03-13,2026-04-12,147021.06,30,paid
HIST-002382,CUS-0084,2025-07-14,2025-08-13,42893.37,30,paid
HIST-002383,CUS-0095,2026-03-28,2026-04-27,14026.27,30,paid
HIST-002384,CUS-0055,2025-08-09,2025-09-23,61897.16,45,paid
HIST-002385,CUS-0117,2025-10-07,2025-11-06,74591.4,30,paid
HIST-002386,CUS-0143,2025-10-22,2025-11-06,10937.99,15,paid
HIST-002387,CUS-0118,2026-05-17,2026-07-01,34821.44,45,paid
HIST-002388,CUS-0015,2026-04-10,2026-06-09,7228.11,60,paid
HIST-002389,CUS-0072,2026-04-01,2026-05-01,36058.26,30,paid
HIST-002390,CUS-0137,2026-04-13,2026-05-28,29628.23,45,paid
HIST-002391,CUS-0097,2026-02-09,2026-03-11,29198.31,30,paid
HIST-002392,CUS-0159,2026-03-20,2026-04-04,25607.8,15,paid
HIST-002393,CUS-0096,2025-07-02,2025-07-17,65393.61,15,paid
HIST-002394,CUS-0008,2025-05-30,2025-06-29,55952.04,30,paid
HIST-002395,CUS-0052,2026-05-28,2026-07-12,61997.83,45,paid
HIST-002396,CUS-0048,2025-08-28,2025-10-12,19388.88,45,paid
HIST-002397,CUS-0046,2025-09-11,2025-11-10,84031.66,60,paid
HIST-002398,CUS-0005,2026-05-13,2026-06-27,57798.15,45,paid
HIST-002399,CUS-0052,2026-05-16,2026-06-15,47361.33,30,paid
HIST-002400,CUS-0122,2026-02-17,2026-03-19,29924.72,30,paid
HIST-002401,CUS-0030,2026-01-30,2026-03-01,207376.22,30,paid
HIST-002402,CUS-0121,2026-02-25,2026-03-27,68718.04,30,paid
HIST-002403,CUS-0048,2025-08-20,2025-10-04,14281.95,45,paid
HIST-002404,CUS-0034,2025-08-12,2025-09-11,48064.58,30,paid
HIST-002405,CUS-0070,2025-07-29,2025-08-28,156847.37,30,paid
HIST-002406,CUS-0096,2026-02-26,2026-04-12,17781.99,45,paid
HIST-002407,CUS-0010,2025-09-03,2025-10-18,18758.71,45,paid
HIST-002408,CUS-0115,2025-11-20,2026-01-04,20800.07,45,paid
HIST-002409,CUS-0095,2025-04-25,2025-05-25,27054.47,30,paid
HIST-002410,CUS-0153,2025-10-24,2025-12-23,21996.08,60,paid
HIST-002411,CUS-0095,2025-07-13,2025-08-27,39971.82,45,paid
HIST-002412,CUS-0096,2025-07-05,2025-07-20,14876.52,15,paid
HIST-002413,CUS-0135,2025-09-18,2025-10-18,53178.85,30,paid
HIST-002414,CUS-0090,2025-04-17,2025-05-17,248747.67,30,paid
HIST-002415,CUS-0117,2026-01-05,2026-01-20,132140.09,15,paid
HIST-002416,CUS-0078,2025-08-16,2025-09-15,75375.13,30,paid
HIST-002417,CUS-0107,2026-04-02,2026-05-02,23431.0,30,paid
HIST-002418,CUS-0115,2026-05-24,2026-07-08,45540.71,45,paid
HIST-002419,CUS-0124,2025-09-29,2025-11-13,27021.73,45,paid
HIST-002420,CUS-0149,2025-07-23,2025-09-21,40261.98,60,paid
HIST-002421,CUS-0046,2025-09-26,2025-10-26,95947.08,30,paid
HIST-002422,CUS-0047,2026-01-23,2026-02-22,153110.65,30,paid
HIST-002423,CUS-0019,2025-10-12,2025-11-26,161333.19,45,paid
HIST-002424,CUS-0042,2025-03-11,2025-04-10,33078.27,30,paid
HIST-002425,CUS-0074,2025-12-18,2026-01-17,33998.64,30,paid
HIST-002426,CUS-0012,2025-12-02,2026-01-01,92315.66,30,paid
HIST-002427,CUS-0071,2026-03-09,2026-04-23,104073.89,45,paid
HIST-002428,CUS-0019,2026-02-17,2026-03-19,76532.93,30,paid
HIST-002429,CUS-0045,2025-07-02,2025-08-31,19786.6,60,paid
HIST-002430,CUS-0006,2026-01-03,2026-02-02,20451.5,30,paid
HIST-002431,CUS-0154,2025-07-02,2025-08-16,57477.69,45,paid
HIST-002432,CUS-0008,2026-04-27,2026-05-27,152851.12,30,paid
HIST-002433,CUS-0113,2025-04-21,2025-06-20,20709.86,60,paid
HIST-002434,CUS-0108,2025-11-02,2025-12-02,24192.51,30,paid
HIST-002435,CUS-0044,2025-09-09,2025-10-24,56326.4,45,paid
HIST-002436,CUS-0074,2026-04-02,2026-05-02,53562.28,30,paid
HIST-002437,CUS-0069,2025-07-10,2025-08-09,19979.16,30,paid
HIST-002438,CUS-0157,2025-07-25,2025-08-09,40119.63,15,paid
HIST-002439,CUS-0121,2025-07-07,2025-08-21,93904.01,45,paid
HIST-002440,CUS-0061,2025-04-21,2025-05-21,32998.9,30,paid
HIST-002441,CUS-0115,2026-01-05,2026-02-04,48807.24,30,paid
HIST-002442,CUS-0123,2026-05-11,2026-06-10,41373.07,30,paid
HIST-002443,CUS-0157,2025-11-13,2025-12-28,16038.15,45,paid
HIST-002444,CUS-0033,2025-07-04,2025-08-03,24530.07,30,paid
HIST-002445,CUS-0077,2026-03-05,2026-04-04,36113.46,30,paid
HIST-002446,CUS-0133,2025-10-21,2025-12-05,60302.9,45,paid
HIST-002447,CUS-0041,2025-04-15,2025-05-15,24627.87,30,paid
HIST-002448,CUS-0019,2026-03-26,2026-05-25,207437.37,60,paid
HIST-002449,CUS-0154,2025-04-14,2025-05-14,44925.61,30,paid
HIST-002450,CUS-0095,2025-12-06,2026-02-04,40327.7,60,paid
HIST-002451,CUS-0112,2025-06-01,2025-07-01,125384.89,30,paid
HIST-002452,CUS-0045,2025-07-14,2025-08-13,42626.08,30,paid
HIST-002453,CUS-0024,2026-02-01,2026-03-03,44109.85,30,paid
HIST-002454,CUS-0028,2025-07-26,2025-09-09,217352.66,45,paid
HIST-002455,CUS-0022,2025-05-26,2025-06-25,44960.83,30,paid
HIST-002456,CUS-0020,2026-02-04,2026-03-21,37666.31,45,paid
HIST-002457,CUS-0100,2025-07-09,2025-09-07,21282.64,60,paid
HIST-002458,CUS-0109,2025-04-28,2025-05-28,33320.85,30,paid
HIST-002459,CUS-0033,2026-04-03,2026-05-03,76922.72,30,paid
HIST-002460,CUS-0146,2025-04-10,2025-05-25,17819.82,45,paid
HIST-002461,CUS-0101,2025-03-27,2025-05-26,226940.62,60,paid
HIST-002462,CUS-0102,2025-11-24,2025-12-24,31645.88,30,paid
HIST-002463,CUS-0122,2025-05-15,2025-06-14,19203.23,30,paid
HIST-002464,CUS-0023,2025-06-19,2025-07-19,41991.09,30,paid
HIST-002465,CUS-0049,2026-05-29,2026-06-28,70283.7,30,paid
HIST-002466,CUS-0077,2025-06-27,2025-07-27,17786.17,30,paid
HIST-002467,CUS-0073,2025-06-18,2025-07-18,172197.3,30,paid
HIST-002468,CUS-0099,2025-10-14,2025-11-13,22272.56,30,paid
HIST-002469,CUS-0135,2025-12-31,2026-02-14,122771.65,45,paid
HIST-002470,CUS-0033,2025-05-26,2025-07-25,36678.21,60,paid
HIST-002471,CUS-0081,2025-11-05,2025-12-05,14099.39,30,paid
HIST-002472,CUS-0127,2026-02-02,2026-04-03,88503.63,60,paid
HIST-002473,CUS-0078,2025-04-10,2025-05-10,59585.76,30,paid
HIST-002474,CUS-0034,2026-05-03,2026-06-02,208884.22,30,paid
HIST-002475,CUS-0115,2025-06-27,2025-08-11,207559.87,45,paid
HIST-002476,CUS-0090,2026-01-06,2026-02-05,72587.23,30,paid
HIST-002477,CUS-0058,2025-11-14,2025-11-29,110283.24,15,paid
HIST-002478,CUS-0158,2025-12-03,2026-01-17,37461.54,45,paid
HIST-002479,CUS-0072,2026-05-26,2026-06-25,24209.52,30,paid
HIST-002480,CUS-0028,2025-06-16,2025-08-15,36801.43,60,paid
HIST-002481,CUS-0094,2025-05-20,2025-06-19,41149.31,30,paid
HIST-002482,CUS-0101,2026-01-22,2026-02-21,21145.4,30,paid
HIST-002483,CUS-0065,2025-07-04,2025-08-03,41215.47,30,paid
HIST-002484,CUS-0138,2025-03-12,2025-04-11,17657.08,30,paid
HIST-002485,CUS-0012,2025-12-29,2026-01-28,24423.7,30,paid
HIST-002486,CUS-0154,2026-03-12,2026-03-27,44801.78,15,paid
HIST-002487,CUS-0042,2025-12-26,2026-02-24,69659.99,60,paid
HIST-002488,CUS-0149,2025-11-24,2025-12-24,28677.7,30,paid
HIST-002489,CUS-0122,2026-01-10,2026-01-25,40319.73,15,paid
HIST-002490,CUS-0040,2025-04-15,2025-05-15,25803.63,30,paid
HIST-002491,CUS-0101,2026-02-01,2026-03-03,34719.78,30,paid
HIST-002492,CUS-0002,2026-05-23,2026-06-22,113939.64,30,paid
HIST-002493,CUS-0024,2026-01-18,2026-02-17,80885.51,30,paid
HIST-002494,CUS-0069,2025-12-30,2026-01-29,46252.58,30,paid
HIST-002495,CUS-0023,2026-06-03,2026-07-03,57522.86,30,paid
HIST-002496,CUS-0126,2026-04-29,2026-05-14,30754.98,15,paid
HIST-002497,CUS-0101,2025-11-07,2025-12-22,52866.03,45,paid
HIST-002498,CUS-0149,2025-08-18,2025-09-17,14953.34,30,paid
HIST-002499,CUS-0128,2026-02-20,2026-03-22,36128.59,30,paid
HIST-002500,CUS-0142,2025-12-31,2026-03-01,19042.52,60,paid
HIST-002501,CUS-0013,2026-04-02,2026-06-01,27825.59,60,paid
HIST-002502,CUS-0021,2025-07-31,2025-08-30,27945.79,30,paid
HIST-002503,CUS-0072,2025-06-21,2025-08-05,22252.4,45,paid
HIST-002504,CUS-0027,2025-12-12,2026-01-11,67742.03,30,paid
HIST-002505,CUS-0154,2025-05-28,2025-07-12,41858.8,45,paid
HIST-002506,CUS-0157,2026-04-12,2026-05-12,42975.55,30,paid
HIST-002507,CUS-0076,2025-06-09,2025-07-09,68801.87,30,paid
HIST-002508,CUS-0007,2025-04-10,2025-05-25,51044.24,45,paid
HIST-002509,CUS-0076,2026-01-05,2026-03-06,178407.18,60,paid
HIST-002510,CUS-0055,2025-10-04,2025-11-03,34706.46,30,paid
HIST-002511,CUS-0085,2025-12-06,2025-12-21,193820.61,15,paid
HIST-002512,CUS-0085,2025-12-17,2026-01-01,19215.38,15,paid
HIST-002513,CUS-0134,2026-03-31,2026-04-30,45047.11,30,paid
HIST-002514,CUS-0012,2025-05-30,2025-06-29,94427.84,30,paid
HIST-002515,CUS-0110,2025-05-06,2025-07-05,17443.68,60,paid
HIST-002516,CUS-0133,2026-01-28,2026-02-27,51661.0,30,paid
HIST-002517,CUS-0095,2025-04-24,2025-06-08,46409.84,45,paid
HIST-002518,CUS-0024,2026-04-12,2026-04-27,13900.26,15,paid
HIST-002519,CUS-0021,2026-04-03,2026-05-03,47738.47,30,paid
HIST-002520,CUS-0134,2026-02-07,2026-03-24,116296.73,45,paid
HIST-002521,CUS-0005,2025-07-19,2025-08-18,120829.57,30,paid
HIST-002522,CUS-0064,2025-12-15,2026-01-14,7410.82,30,paid
HIST-002523,CUS-0155,2025-11-11,2025-12-26,15060.37,45,paid
HIST-002524,CUS-0027,2025-10-14,2025-11-13,88343.59,30,paid
HIST-002525,CUS-0066,2026-03-18,2026-04-17,13713.67,30,paid
HIST-002526,CUS-0003,2025-06-26,2025-08-10,18484.36,45,paid
HIST-002527,CUS-0046,2026-02-16,2026-03-18,16544.38,30,paid
HIST-002528,CUS-0040,2026-02-22,2026-03-09,28035.59,15,paid
HIST-002529,CUS-0110,2026-02-22,2026-04-08,68585.27,45,paid
HIST-002530,CUS-0037,2026-04-10,2026-05-10,25817.53,30,paid
HIST-002531,CUS-0089,2026-02-10,2026-03-27,35160.02,45,paid
HIST-002532,CUS-0144,2025-12-26,2026-02-09,26297.84,45,paid
HIST-002533,CUS-0140,2026-02-16,2026-03-18,31092.73,30,paid
HIST-002534,CUS-0160,2025-12-27,2026-01-26,18053.45,30,paid
HIST-002535,CUS-0067,2025-06-28,2025-07-28,53367.32,30,paid
HIST-002536,CUS-0076,2025-09-28,2025-10-28,75149.01,30,paid
HIST-002537,CUS-0037,2025-06-18,2025-07-18,23984.4,30,paid
HIST-002538,CUS-0105,2025-08-04,2025-09-03,19626.13,30,paid
HIST-002539,CUS-0101,2026-05-23,2026-07-07,53622.67,45,paid
HIST-002540,CUS-0108,2025-03-20,2025-04-19,17939.84,30,paid
HIST-002541,CUS-0028,2026-05-11,2026-06-25,11742.59,45,paid
HIST-002542,CUS-0055,2025-04-12,2025-05-27,8221.77,45,paid
HIST-002543,CUS-0087,2025-11-14,2025-12-14,45734.62,30,paid
HIST-002544,CUS-0113,2026-04-25,2026-05-25,41702.18,30,paid
HIST-002545,CUS-0056,2025-08-27,2025-09-26,34453.87,30,paid
HIST-002546,CUS-0078,2026-02-14,2026-03-16,175180.35,30,paid
HIST-002547,CUS-0160,2025-11-04,2026-01-03,48364.28,60,paid
HIST-002548,CUS-0050,2025-11-01,2025-12-01,19839.45,30,paid
HIST-002549,CUS-0110,2025-12-12,2026-01-26,45291.17,45,paid
HIST-002550,CUS-0069,2026-02-23,2026-03-25,34623.64,30,paid
HIST-002551,CUS-0063,2025-06-10,2025-07-25,37082.24,45,paid
HIST-002552,CUS-0036,2025-05-21,2025-06-20,18198.51,30,paid
HIST-002553,CUS-0005,2025-09-17,2025-11-01,21210.78,45,paid
HIST-002554,CUS-0004,2025-05-04,2025-06-03,18426.99,30,paid
HIST-002555,CUS-0010,2025-04-15,2025-05-15,50249.77,30,paid
HIST-002556,CUS-0096,2025-06-18,2025-08-02,24308.94,45,paid
HIST-002557,CUS-0027,2025-04-14,2025-05-14,30437.05,30,paid
HIST-002558,CUS-0121,2025-12-10,2026-01-09,25699.66,30,paid
HIST-002559,CUS-0096,2025-10-20,2025-12-04,223178.17,45,paid
HIST-002560,CUS-0033,2026-02-02,2026-03-04,33436.5,30,paid
HIST-002561,CUS-0023,2026-01-21,2026-02-05,47400.89,15,paid
HIST-002562,CUS-0003,2025-11-20,2026-01-04,55188.79,45,paid
HIST-002563,CUS-0008,2025-05-05,2025-06-04,182411.03,30,paid
HIST-002564,CUS-0060,2025-10-15,2025-11-29,12996.31,45,paid
HIST-002565,CUS-0100,2025-07-21,2025-09-04,11504.0,45,paid
HIST-002566,CUS-0127,2026-02-22,2026-04-08,40741.66,45,paid
HIST-002567,CUS-0037,2025-08-31,2025-10-15,36155.89,45,paid
HIST-002568,CUS-0154,2025-12-06,2026-01-20,12793.08,45,paid
HIST-002569,CUS-0111,2026-04-18,2026-06-02,21711.13,45,paid
HIST-002570,CUS-0068,2025-12-19,2026-01-18,83063.77,30,paid
HIST-002571,CUS-0101,2025-11-22,2025-12-22,35805.01,30,paid
HIST-002572,CUS-0156,2025-05-10,2025-06-09,26590.84,30,paid
HIST-002573,CUS-0008,2025-07-28,2025-08-27,14698.43,30,paid
HIST-002574,CUS-0083,2026-01-05,2026-02-04,39847.05,30,paid
HIST-002575,CUS-0077,2026-04-12,2026-06-11,24034.75,60,paid
HIST-002576,CUS-0062,2026-02-22,2026-03-24,67357.01,30,paid
HIST-002577,CUS-0038,2025-07-05,2025-08-04,29564.1,30,paid
HIST-002578,CUS-0158,2025-08-30,2025-09-29,26375.16,30,paid
HIST-002579,CUS-0159,2025-08-07,2025-08-22,35613.64,15,paid
HIST-002580,CUS-0008,2026-01-16,2026-02-15,14063.89,30,paid
HIST-002581,CUS-0105,2025-10-06,2025-11-20,37511.34,45,paid
HIST-002582,CUS-0035,2026-04-07,2026-06-06,62494.74,60,paid
HIST-002583,CUS-0059,2026-04-08,2026-06-07,78406.62,60,paid
HIST-002584,CUS-0105,2026-03-14,2026-04-13,17770.79,30,paid
HIST-002585,CUS-0061,2025-12-22,2026-02-05,19998.06,45,paid
HIST-002586,CUS-0112,2025-05-12,2025-07-11,11300.42,60,paid
HIST-002587,CUS-0118,2026-03-11,2026-04-10,18463.75,30,paid
HIST-002588,CUS-0139,2025-05-04,2025-06-03,55906.52,30,paid
HIST-002589,CUS-0029,2025-12-24,2026-02-07,69508.96,45,paid
HIST-002590,CUS-0064,2025-03-28,2025-04-27,11296.6,30,paid
HIST-002591,CUS-0088,2025-12-06,2026-01-05,48267.17,30,paid
HIST-002592,CUS-0033,2025-03-27,2025-05-11,19348.49,45,paid
HIST-002593,CUS-0027,2025-04-27,2025-06-26,32616.48,60,paid
HIST-002594,CUS-0061,2026-05-14,2026-06-13,34540.1,30,paid
HIST-002595,CUS-0077,2025-09-22,2025-11-06,50175.08,45,paid
HIST-002596,CUS-0045,2025-05-19,2025-06-18,120941.07,30,paid
HIST-002597,CUS-0071,2025-05-19,2025-06-18,34495.01,30,paid
HIST-002598,CUS-0095,2026-03-14,2026-03-29,10437.08,15,paid
HIST-002599,CUS-0037,2026-05-13,2026-06-12,162993.72,30,paid
HIST-002600,CUS-0082,2025-12-21,2026-02-04,26441.07,45,paid
HIST-002601,CUS-0005,2025-04-21,2025-05-06,46378.37,15,paid
HIST-002602,CUS-0119,2025-03-23,2025-04-07,24593.92,15,paid
HIST-002603,CUS-0055,2025-04-20,2025-05-20,8901.2,30,paid
HIST-002604,CUS-0010,2025-11-10,2025-12-25,30046.74,45,paid
HIST-002605,CUS-0134,2026-05-20,2026-07-04,25612.84,45,paid
HIST-002606,CUS-0159,2025-05-17,2025-06-01,95425.85,15,paid
HIST-002607,CUS-0034,2025-10-22,2025-12-06,71838.63,45,paid
HIST-002608,CUS-0083,2025-12-15,2026-01-29,37504.62,45,paid
HIST-002609,CUS-0082,2025-05-15,2025-06-14,41387.67,30,paid
HIST-002610,CUS-0085,2025-06-10,2025-07-10,51261.02,30,paid
HIST-002611,CUS-0155,2025-12-18,2026-01-17,150410.16,30,paid
HIST-002612,CUS-0097,2026-02-19,2026-04-20,83216.44,60,paid
HIST-002613,CUS-0027,2026-02-05,2026-03-07,37637.35,30,paid
HIST-002614,CUS-0160,2026-03-18,2026-04-17,17004.02,30,paid
HIST-002615,CUS-0095,2025-10-07,2025-11-21,38727.64,45,paid
HIST-002616,CUS-0059,2026-05-29,2026-06-28,36764.04,30,paid
HIST-002617,CUS-0059,2026-05-27,2026-06-26,123229.66,30,paid
HIST-002618,CUS-0011,2025-12-07,2026-01-21,30094.01,45,paid
HIST-002619,CUS-0007,2025-04-08,2025-05-08,93165.21,30,paid
HIST-002620,CUS-0010,2025-12-13,2025-12-28,144698.81,15,paid
HIST-002621,CUS-0021,2025-05-10,2025-06-09,25193.7,30,paid
HIST-002622,CUS-0084,2025-04-27,2025-06-26,48212.11,60,paid
HIST-002623,CUS-0046,2025-07-13,2025-08-12,14283.37,30,paid
HIST-002624,CUS-0101,2025-10-12,2025-11-26,35294.89,45,paid
HIST-002625,CUS-0131,2026-04-30,2026-05-30,63302.48,30,paid
HIST-002626,CUS-0062,2025-08-13,2025-09-27,136477.28,45,paid
HIST-002627,CUS-0098,2025-09-15,2025-11-14,40580.99,60,paid
HIST-002628,CUS-0105,2025-05-10,2025-06-09,49558.67,30,paid
HIST-002629,CUS-0046,2025-12-02,2026-01-01,10587.47,30,paid
HIST-002630,CUS-0107,2026-01-15,2026-02-14,92068.47,30,paid
HIST-002631,CUS-0019,2025-05-09,2025-06-23,17577.03,45,paid
HIST-002632,CUS-0074,2026-05-21,2026-06-05,140397.94,15,paid
HIST-002633,CUS-0045,2025-04-21,2025-06-05,34224.5,45,paid
HIST-002634,CUS-0095,2025-10-23,2025-11-22,94643.11,30,paid
HIST-002635,CUS-0076,2025-04-06,2025-05-21,25834.57,45,paid
HIST-002636,CUS-0061,2025-03-25,2025-04-24,25650.26,30,paid
HIST-002637,CUS-0064,2025-09-20,2025-10-20,31884.92,30,paid
HIST-002638,CUS-0122,2025-05-21,2025-06-20,254025.35,30,paid
HIST-002639,CUS-0020,2026-03-15,2026-04-14,76198.65,30,paid
HIST-002640,CUS-0076,2025-03-12,2025-04-11,64347.49,30,paid
HIST-002641,CUS-0062,2026-04-18,2026-06-17,79104.3,60,paid
HIST-002642,CUS-0006,2025-09-15,2025-11-14,42617.77,60,paid
HIST-002643,CUS-0066,2025-08-09,2025-09-23,53348.41,45,paid
HIST-002644,CUS-0121,2026-03-25,2026-05-24,43551.77,60,paid
HIST-002645,CUS-0023,2025-08-18,2025-10-02,32088.62,45,paid
HIST-002646,CUS-0159,2025-10-23,2025-11-07,37851.59,15,paid
HIST-002647,CUS-0078,2025-08-15,2025-09-29,113268.52,45,paid
HIST-002648,CUS-0080,2025-10-23,2025-11-22,66255.18,30,paid
HIST-002649,CUS-0078,2025-07-26,2025-08-25,65351.38,30,paid
HIST-002650,CUS-0020,2025-05-06,2025-06-20,78273.1,45,paid
HIST-002651,CUS-0046,2025-09-01,2025-10-01,7330.48,30,paid
HIST-002652,CUS-0024,2026-05-14,2026-06-28,58707.54,45,paid
HIST-002653,CUS-0111,2025-07-14,2025-08-28,76457.19,45,paid
HIST-002654,CUS-0069,2026-03-30,2026-05-29,59689.28,60,paid
HIST-002655,CUS-0148,2025-05-13,2025-06-12,33442.02,30,paid
HIST-002656,CUS-0071,2026-01-21,2026-02-20,55704.05,30,paid
HIST-002657,CUS-0104,2025-08-09,2025-09-08,95628.84,30,paid
HIST-002658,CUS-0143,2026-04-11,2026-05-11,58822.04,30,paid
HIST-002659,CUS-0152,2026-02-28,2026-03-30,37001.09,30,paid
HIST-002660,CUS-0002,2026-05-10,2026-06-09,28175.53,30,paid
HIST-002661,CUS-0007,2025-10-28,2025-12-12,36118.79,45,paid
HIST-002662,CUS-0149,2025-12-20,2026-01-04,84395.12,15,paid
HIST-002663,CUS-0066,2025-08-29,2025-09-28,34237.03,30,paid
HIST-002664,CUS-0036,2025-07-03,2025-08-17,62636.27,45,paid
HIST-002665,CUS-0135,2025-09-27,2025-11-11,123943.64,45,paid
HIST-002666,CUS-0005,2026-01-27,2026-02-26,78302.47,30,paid
HIST-002667,CUS-0158,2025-05-15,2025-06-29,25312.13,45,paid
HIST-002668,CUS-0017,2026-05-29,2026-06-28,11348.09,30,paid
HIST-002669,CUS-0121,2025-04-10,2025-05-25,45921.04,45,paid
HIST-002670,CUS-0044,2026-01-21,2026-03-07,61150.98,45,paid
HIST-002671,CUS-0056,2025-10-31,2025-11-30,39244.61,30,paid
HIST-002672,CUS-0106,2026-01-23,2026-02-22,76510.72,30,paid
HIST-002673,CUS-0019,2025-10-17,2025-12-01,17304.13,45,paid
HIST-002674,CUS-0106,2026-05-09,2026-06-08,23378.84,30,paid
HIST-002675,CUS-0027,2025-10-16,2025-11-15,39536.67,30,paid
HIST-002676,CUS-0128,2025-09-20,2025-10-20,19950.29,30,paid
HIST-002677,CUS-0012,2025-04-03,2025-05-03,23005.38,30,paid
HIST-002678,CUS-0121,2026-02-22,2026-03-24,79238.08,30,paid
HIST-002679,CUS-0046,2025-09-29,2025-10-29,140396.38,30,paid
HIST-002680,CUS-0019,2025-07-31,2025-09-14,58301.74,45,paid
HIST-002681,CUS-0038,2025-12-01,2025-12-31,28076.93,30,paid
HIST-002682,CUS-0151,2025-11-16,2025-12-01,19925.39,15,paid
HIST-002683,CUS-0096,2025-10-02,2025-11-16,37312.0,45,paid
HIST-002684,CUS-0030,2025-08-08,2025-10-07,19065.67,60,paid
HIST-002685,CUS-0083,2025-08-25,2025-10-24,84510.16,60,paid
HIST-002686,CUS-0016,2025-10-11,2025-11-10,143894.6,30,paid
HIST-002687,CUS-0042,2025-06-21,2025-08-20,31957.74,60,paid
HIST-002688,CUS-0129,2025-06-07,2025-07-07,13414.51,30,paid
HIST-002689,CUS-0010,2026-04-04,2026-05-19,31620.38,45,paid
HIST-002690,CUS-0067,2025-07-01,2025-07-31,43579.73,30,paid
HIST-002691,CUS-0030,2026-02-08,2026-03-10,50386.69,30,paid
HIST-002692,CUS-0042,2025-06-04,2025-07-04,40372.42,30,paid
HIST-002693,CUS-0044,2025-07-06,2025-08-20,57555.56,45,paid
HIST-002694,CUS-0079,2026-05-13,2026-06-12,41327.57,30,paid
HIST-002695,CUS-0065,2026-01-25,2026-03-11,12946.58,45,paid
HIST-002696,CUS-0051,2026-02-24,2026-03-26,30449.23,30,paid
HIST-002697,CUS-0038,2025-04-28,2025-05-28,272740.42,30,paid
HIST-002698,CUS-0121,2026-02-13,2026-03-15,46105.2,30,paid
HIST-002699,CUS-0131,2025-06-01,2025-07-31,34736.53,60,paid
HIST-002700,CUS-0051,2025-05-09,2025-06-08,17488.34,30,paid
HIST-002701,CUS-0126,2025-05-12,2025-06-26,64577.61,45,paid
HIST-002702,CUS-0116,2025-12-18,2026-01-02,20405.22,15,paid
HIST-002703,CUS-0097,2025-12-03,2026-01-02,102783.1,30,paid
HIST-002704,CUS-0032,2025-05-30,2025-06-29,89201.12,30,paid
HIST-002705,CUS-0017,2026-02-24,2026-03-26,40735.0,30,paid
HIST-002706,CUS-0071,2025-10-04,2025-12-03,34808.98,60,paid
HIST-002707,CUS-0007,2026-02-25,2026-03-27,31994.02,30,paid
HIST-002708,CUS-0064,2025-09-08,2025-10-08,48143.05,30,paid
HIST-002709,CUS-0071,2025-10-05,2025-11-04,279894.87,30,paid
HIST-002710,CUS-0009,2025-09-22,2025-11-21,156949.92,60,paid
HIST-002711,CUS-0134,2026-02-26,2026-03-28,72818.49,30,paid
HIST-002712,CUS-0095,2025-12-20,2026-02-03,14384.01,45,paid
HIST-002713,CUS-0006,2025-04-07,2025-05-07,19692.2,30,paid
HIST-002714,CUS-0092,2025-10-28,2025-12-12,84664.71,45,paid
HIST-002715,CUS-0079,2025-10-04,2025-11-03,132014.21,30,paid
HIST-002716,CUS-0007,2025-03-31,2025-04-30,18787.73,30,paid
HIST-002717,CUS-0149,2026-02-02,2026-03-04,27889.43,30,paid
HIST-002718,CUS-0059,2025-10-15,2025-11-14,8597.46,30,paid
HIST-002719,CUS-0134,2025-06-21,2025-07-21,131967.1,30,paid
HIST-002720,CUS-0059,2025-07-06,2025-08-20,9675.95,45,paid
HIST-002721,CUS-0104,2025-07-19,2025-09-02,78194.81,45,paid
HIST-002722,CUS-0008,2026-04-05,2026-05-20,22807.76,45,paid
HIST-002723,CUS-0005,2025-12-06,2026-01-05,29629.98,30,paid
HIST-002724,CUS-0101,2025-05-28,2025-07-27,185608.18,60,paid
HIST-002725,CUS-0117,2025-11-26,2026-01-10,27871.21,45,paid
HIST-002726,CUS-0007,2025-11-16,2025-12-16,40990.48,30,paid
HIST-002727,CUS-0019,2025-11-13,2025-12-28,50109.4,45,paid
HIST-002728,CUS-0042,2025-05-06,2025-06-05,22675.97,30,paid
HIST-002729,CUS-0155,2025-06-11,2025-07-26,31339.29,45,paid
HIST-002730,CUS-0074,2025-12-15,2026-01-14,24108.31,30,paid
HIST-002731,CUS-0134,2026-03-26,2026-05-10,5491.72,45,paid
HIST-002732,CUS-0005,2025-12-12,2026-02-10,75380.21,60,paid
HIST-002733,CUS-0124,2026-04-03,2026-05-18,90200.0,45,paid
HIST-002734,CUS-0136,2025-07-04,2025-08-03,33526.75,30,paid
HIST-002735,CUS-0045,2026-04-01,2026-05-16,205833.15,45,paid
HIST-002736,CUS-0002,2025-08-13,2025-09-12,18510.04,30,paid
HIST-002737,CUS-0003,2026-04-25,2026-06-24,19338.16,60,paid
HIST-002738,CUS-0135,2025-10-04,2025-11-03,37063.3,30,paid
HIST-002739,CUS-0006,2026-05-07,2026-06-21,18226.57,45,paid
HIST-002740,CUS-0081,2025-07-02,2025-08-31,29033.25,60,paid
HIST-002741,CUS-0095,2025-06-15,2025-08-14,101131.98,60,paid
HIST-002742,CUS-0149,2025-06-21,2025-07-21,148334.98,30,paid
HIST-002743,CUS-0073,2025-12-14,2026-01-13,32397.01,30,paid
HIST-002744,CUS-0027,2025-06-28,2025-07-28,39165.2,30,paid
HIST-002745,CUS-0061,2025-05-25,2025-06-24,24795.91,30,paid
HIST-002746,CUS-0026,2026-05-12,2026-06-11,46519.63,30,paid
HIST-002747,CUS-0024,2025-08-15,2025-10-14,11104.15,60,paid
HIST-002748,CUS-0152,2026-04-24,2026-05-24,39890.09,30,paid
HIST-002749,CUS-0032,2026-03-28,2026-04-27,117658.28,30,paid
HIST-002750,CUS-0072,2026-01-16,2026-03-02,167210.28,45,paid
HIST-002751,CUS-0039,2025-07-29,2025-08-13,24602.53,15,paid
HIST-002752,CUS-0041,2025-08-04,2025-09-18,112645.86,45,paid
HIST-002753,CUS-0024,2025-05-29,2025-06-28,23985.85,30,paid
HIST-002754,CUS-0157,2026-04-21,2026-05-21,26595.63,30,paid
HIST-002755,CUS-0066,2025-12-29,2026-02-27,103334.05,60,paid
HIST-002756,CUS-0035,2026-03-28,2026-04-12,13478.52,15,paid
HIST-002757,CUS-0103,2026-05-25,2026-06-24,103649.24,30,paid
HIST-002758,CUS-0113,2025-06-17,2025-07-17,150095.92,30,paid
HIST-002759,CUS-0065,2025-10-16,2025-11-15,63012.5,30,paid
HIST-002760,CUS-0024,2025-11-21,2026-01-20,18129.94,60,paid
HIST-002761,CUS-0108,2025-12-10,2026-01-09,100227.97,30,paid
HIST-002762,CUS-0133,2026-05-29,2026-06-28,33072.54,30,paid
HIST-002763,CUS-0157,2025-08-24,2025-09-23,68884.66,30,paid
HIST-002764,CUS-0045,2025-07-30,2025-09-13,74746.49,45,paid
HIST-002765,CUS-0138,2025-12-07,2025-12-22,29131.96,15,paid
HIST-002766,CUS-0060,2026-01-16,2026-02-15,31579.86,30,paid
HIST-002767,CUS-0103,2025-12-23,2026-01-22,16874.55,30,paid
HIST-002768,CUS-0061,2025-10-30,2025-11-29,130754.9,30,paid
HIST-002769,CUS-0059,2025-12-27,2026-02-25,50914.36,60,paid
HIST-002770,CUS-0018,2026-04-13,2026-05-28,36472.34,45,paid
HIST-002771,CUS-0041,2026-04-11,2026-05-26,36310.96,45,paid
HIST-002772,CUS-0078,2025-11-13,2025-12-28,130041.7,45,paid
HIST-002773,CUS-0033,2025-06-11,2025-07-11,17202.58,30,paid
HIST-002774,CUS-0042,2025-04-17,2025-06-16,53611.2,60,paid
HIST-002775,CUS-0070,2025-05-10,2025-06-09,58877.46,30,paid
HIST-002776,CUS-0089,2025-07-19,2025-08-18,7163.13,30,paid
HIST-002777,CUS-0051,2026-02-20,2026-03-07,23729.75,15,paid
HIST-002778,CUS-0061,2025-05-06,2025-06-05,18494.82,30,paid
HIST-002779,CUS-0006,2025-11-05,2025-12-20,60914.69,45,paid
HIST-002780,CUS-0145,2025-07-04,2025-08-03,35664.19,30,paid
HIST-002781,CUS-0125,2026-04-25,2026-06-09,50420.64,45,paid
HIST-002782,CUS-0111,2025-06-23,2025-08-07,32829.66,45,paid
HIST-002783,CUS-0050,2025-11-13,2025-12-28,7550.87,45,paid
HIST-002784,CUS-0097,2026-03-14,2026-04-28,46889.83,45,paid
HIST-002785,CUS-0104,2025-09-13,2025-10-28,25698.9,45,paid
HIST-002786,CUS-0117,2025-05-16,2025-06-30,20487.5,45,paid
HIST-002787,CUS-0022,2026-01-21,2026-03-22,19966.51,60,paid
HIST-002788,CUS-0073,2026-04-18,2026-05-18,57513.91,30,paid
HIST-002789,CUS-0046,2025-12-28,2026-01-27,26186.95,30,paid
HIST-002790,CUS-0008,2025-11-05,2025-12-20,22515.98,45,paid
HIST-002791,CUS-0057,2025-07-26,2025-08-25,30645.84,30,paid
HIST-002792,CUS-0140,2026-02-08,2026-03-25,14653.98,45,paid
HIST-002793,CUS-0121,2026-02-14,2026-03-16,88768.84,30,paid
HIST-002794,CUS-0062,2025-10-16,2025-11-15,85553.03,30,paid
HIST-002795,CUS-0007,2025-07-20,2025-09-03,86719.11,45,paid
HIST-002796,CUS-0093,2025-11-18,2025-12-18,43540.75,30,paid
HIST-002797,CUS-0007,2026-05-07,2026-06-06,53807.09,30,paid
HIST-002798,CUS-0107,2026-05-10,2026-06-24,21380.93,45,paid
HIST-002799,CUS-0061,2026-05-30,2026-06-29,40859.08,30,paid
HIST-002800,CUS-0006,2026-05-30,2026-06-29,22035.11,30,paid
HIST-002801,CUS-0110,2025-11-09,2025-12-09,10493.5,30,paid
HIST-002802,CUS-0008,2026-01-01,2026-02-15,9566.09,45,paid
HIST-002803,CUS-0056,2026-01-28,2026-03-29,47739.19,60,paid
HIST-002804,CUS-0096,2025-10-03,2025-11-17,63386.53,45,paid
HIST-002805,CUS-0046,2025-06-20,2025-07-20,14891.18,30,paid
HIST-002806,CUS-0097,2025-07-05,2025-08-04,29411.63,30,paid
HIST-002807,CUS-0033,2025-07-07,2025-08-06,37421.46,30,paid
HIST-002808,CUS-0014,2025-10-04,2025-11-03,54014.87,30,paid
HIST-002809,CUS-0038,2025-10-22,2025-12-06,44999.7,45,paid
HIST-002810,CUS-0057,2026-03-01,2026-03-31,23415.6,30,paid
HIST-002811,CUS-0036,2026-01-31,2026-03-02,42468.25,30,paid
HIST-002812,CUS-0031,2026-02-28,2026-03-30,68320.17,30,paid
HIST-002813,CUS-0047,2026-03-23,2026-05-07,45184.96,45,paid
HIST-002814,CUS-0093,2026-05-11,2026-06-10,28185.22,30,paid
HIST-002815,CUS-0059,2025-03-30,2025-04-29,26108.98,30,paid
HIST-002816,CUS-0157,2025-08-13,2025-09-12,48150.44,30,paid
HIST-002817,CUS-0021,2025-09-20,2025-10-20,62989.68,30,paid
HIST-002818,CUS-0097,2025-05-25,2025-07-24,42912.29,60,paid
HIST-002819,CUS-0068,2025-05-16,2025-06-15,14245.51,30,paid
HIST-002820,CUS-0046,2025-08-13,2025-09-27,115350.88,45,paid
HIST-002821,CUS-0025,2025-05-18,2025-06-17,78399.9,30,paid
HIST-002822,CUS-0004,2025-10-24,2025-11-23,15884.79,30,paid
HIST-002823,CUS-0133,2025-10-10,2025-11-24,29555.04,45,paid
HIST-002824,CUS-0092,2025-07-18,2025-09-01,90498.93,45,paid
HIST-002825,CUS-0147,2025-04-23,2025-06-07,40038.82,45,paid
HIST-002826,CUS-0135,2025-12-19,2026-02-02,27044.18,45,paid
HIST-002827,CUS-0103,2026-02-08,2026-03-10,15978.9,30,paid
HIST-002828,CUS-0092,2025-06-30,2025-08-14,54313.06,45,paid
HIST-002829,CUS-0090,2025-05-30,2025-06-29,82293.34,30,paid
HIST-002830,CUS-0062,2025-08-21,2025-09-20,92308.94,30,paid
HIST-002831,CUS-0134,2026-02-04,2026-03-06,62873.56,30,paid
HIST-002832,CUS-0006,2025-10-30,2025-11-29,37709.45,30,paid
HIST-002833,CUS-0028,2025-07-24,2025-08-23,40191.3,30,paid
HIST-002834,CUS-0036,2026-02-11,2026-03-13,109986.57,30,paid
HIST-002835,CUS-0084,2025-04-22,2025-05-22,8863.14,30,paid
HIST-002836,CUS-0151,2025-11-22,2026-01-06,64349.11,45,paid
HIST-002837,CUS-0024,2025-12-22,2026-02-05,8678.36,45,paid
HIST-002838,CUS-0029,2025-03-21,2025-04-20,89428.44,30,paid
HIST-002839,CUS-0020,2026-02-01,2026-04-02,23437.48,60,paid
HIST-002840,CUS-0134,2025-12-18,2026-02-01,205882.55,45,paid
HIST-002841,CUS-0033,2025-09-05,2025-10-05,8446.52,30,paid
HIST-002842,CUS-0073,2025-11-05,2025-12-20,29799.91,45,paid
HIST-002843,CUS-0132,2025-07-11,2025-08-10,88749.55,30,paid
HIST-002844,CUS-0059,2025-05-13,2025-06-12,12660.5,30,paid
HIST-002845,CUS-0007,2025-08-19,2025-10-18,18556.36,60,paid
HIST-002846,CUS-0100,2026-02-20,2026-03-22,12001.17,30,paid
HIST-002847,CUS-0085,2025-04-25,2025-05-10,22930.81,15,paid
HIST-002848,CUS-0092,2026-05-28,2026-06-27,51591.28,30,paid
HIST-002849,CUS-0007,2025-11-05,2025-12-05,54520.08,30,paid
HIST-002850,CUS-0003,2025-12-13,2026-01-27,56990.62,45,paid
HIST-002851,CUS-0071,2025-08-04,2025-09-18,36784.52,45,paid
HIST-002852,CUS-0010,2026-03-28,2026-04-27,17112.22,30,paid
HIST-002853,CUS-0124,2026-05-01,2026-06-15,55900.43,45,paid
HIST-002854,CUS-0062,2025-07-07,2025-07-22,31657.99,15,paid
HIST-002855,CUS-0062,2025-07-05,2025-08-04,52454.16,30,paid
HIST-002856,CUS-0023,2026-04-18,2026-05-18,7031.61,30,paid
HIST-002857,CUS-0069,2025-11-30,2025-12-15,85176.66,15,paid
HIST-002858,CUS-0130,2026-03-15,2026-04-29,55822.62,45,paid
HIST-002859,CUS-0023,2025-09-24,2025-10-09,36523.73,15,paid
HIST-002860,CUS-0076,2025-05-31,2025-06-30,50332.0,30,paid
HIST-002861,CUS-0115,2025-12-27,2026-01-26,193281.86,30,paid
HIST-002862,CUS-0112,2026-05-25,2026-07-09,134116.79,45,paid
HIST-002863,CUS-0013,2025-05-16,2025-07-15,52818.67,60,paid
HIST-002864,CUS-0098,2026-01-03,2026-03-04,185546.47,60,paid
HIST-002865,CUS-0011,2025-06-26,2025-07-26,94101.66,30,paid
HIST-002866,CUS-0028,2026-05-29,2026-07-13,52457.95,45,paid
HIST-002867,CUS-0077,2025-08-23,2025-09-22,116110.13,30,paid
HIST-002868,CUS-0019,2026-01-06,2026-02-05,76303.22,30,paid
HIST-002869,CUS-0095,2026-04-05,2026-05-20,25915.51,45,paid
HIST-002870,CUS-0038,2025-11-01,2025-12-16,75605.75,45,paid
HIST-002871,CUS-0018,2025-09-29,2025-11-13,35138.45,45,paid
HIST-002872,CUS-0064,2025-11-05,2025-12-20,42327.5,45,paid
HIST-002873,CUS-0083,2026-05-01,2026-05-31,34013.01,30,paid
HIST-002874,CUS-0089,2025-05-05,2025-06-19,17848.57,45,paid
HIST-002875,CUS-0042,2026-05-02,2026-07-01,30270.84,60,paid
HIST-002876,CUS-0074,2026-05-10,2026-06-24,20863.04,45,paid
HIST-002877,CUS-0149,2025-11-25,2025-12-25,36430.19,30,paid
HIST-002878,CUS-0025,2025-12-07,2026-01-21,102449.06,45,paid
HIST-002879,CUS-0006,2025-10-30,2025-11-29,108307.6,30,paid
HIST-002880,CUS-0063,2025-08-26,2025-09-25,199362.91,30,paid
HIST-002881,CUS-0139,2026-01-17,2026-02-16,146242.82,30,paid
HIST-002882,CUS-0008,2026-05-25,2026-06-24,22407.57,30,paid
HIST-002883,CUS-0111,2026-02-06,2026-03-23,146159.37,45,paid
HIST-002884,CUS-0014,2026-02-01,2026-03-03,15770.01,30,paid
HIST-002885,CUS-0122,2025-12-22,2026-02-05,15184.02,45,paid
HIST-002886,CUS-0109,2025-10-21,2025-12-05,40356.79,45,paid
HIST-002887,CUS-0023,2026-03-16,2026-04-15,26838.2,30,paid
HIST-002888,CUS-0007,2025-05-05,2025-06-04,17482.55,30,paid
HIST-002889,CUS-0141,2025-03-14,2025-04-13,29866.85,30,paid
HIST-002890,CUS-0065,2025-11-10,2025-12-25,65350.72,45,paid
HIST-002891,CUS-0024,2025-12-26,2026-01-25,39827.06,30,paid
HIST-002892,CUS-0037,2025-07-22,2025-08-21,67768.33,30,paid
HIST-002893,CUS-0082,2025-05-28,2025-06-27,94848.54,30,paid
HIST-002894,CUS-0077,2026-01-08,2026-02-07,9593.18,30,paid
HIST-002895,CUS-0010,2025-07-10,2025-08-09,17555.53,30,paid
HIST-002896,CUS-0029,2026-04-01,2026-05-01,126385.15,30,paid
HIST-002897,CUS-0154,2025-09-21,2025-11-05,20508.33,45,paid
HIST-002898,CUS-0118,2025-12-20,2026-01-19,34065.62,30,paid
HIST-002899,CUS-0055,2025-12-06,2026-01-20,54934.43,45,paid
HIST-002900,CUS-0041,2025-05-23,2025-07-22,30141.79,60,paid
HIST-002901,CUS-0010,2026-04-21,2026-06-05,52359.16,45,paid
HIST-002902,CUS-0089,2025-05-02,2025-06-01,102235.1,30,paid
HIST-002903,CUS-0072,2025-03-11,2025-04-25,45590.78,45,paid
HIST-002904,CUS-0115,2025-11-01,2025-12-01,87127.03,30,paid
HIST-002905,CUS-0078,2025-06-26,2025-08-10,12697.59,45,paid
HIST-002906,CUS-0085,2026-04-11,2026-05-11,49044.39,30,paid
HIST-002907,CUS-0103,2026-05-22,2026-06-21,82158.39,30,paid
HIST-002908,CUS-0149,2026-04-27,2026-06-11,13236.6,45,paid
HIST-002909,CUS-0135,2025-06-19,2025-08-03,30679.75,45,paid
HIST-002910,CUS-0020,2025-07-24,2025-09-22,118234.37,60,paid
HIST-002911,CUS-0138,2025-12-30,2026-01-14,41450.23,15,paid
HIST-002912,CUS-0020,2025-05-18,2025-06-17,81784.91,30,paid
HIST-002913,CUS-0157,2026-03-26,2026-04-25,30617.54,30,paid
HIST-002914,CUS-0060,2025-09-27,2025-10-27,12181.52,30,paid
HIST-002915,CUS-0128,2025-05-18,2025-07-02,34105.4,45,paid
HIST-002916,CUS-0126,2025-10-30,2025-11-14,28208.49,15,paid
HIST-002917,CUS-0122,2025-05-09,2025-06-23,49208.94,45,paid
HIST-002918,CUS-0072,2026-04-16,2026-05-31,81006.06,45,paid
HIST-002919,CUS-0098,2025-07-11,2025-07-26,50637.02,15,paid
HIST-002920,CUS-0034,2025-03-25,2025-04-24,115774.12,30,paid
HIST-002921,CUS-0139,2026-03-18,2026-04-17,48472.68,30,paid
HIST-002922,CUS-0135,2025-10-14,2025-11-13,58012.1,30,paid
HIST-002923,CUS-0001,2026-06-02,2026-07-17,24998.34,45,paid
HIST-002924,CUS-0035,2025-10-27,2025-11-26,23587.26,30,paid
HIST-002925,CUS-0157,2025-05-17,2025-06-16,239639.1,30,paid
HIST-002926,CUS-0071,2025-09-12,2025-10-27,45906.16,45,paid
HIST-002927,CUS-0035,2026-01-24,2026-02-08,150449.46,15,paid
HIST-002928,CUS-0059,2026-01-08,2026-02-07,115312.14,30,paid
HIST-002929,CUS-0157,2026-02-03,2026-03-05,46459.93,30,paid
HIST-002930,CUS-0136,2025-07-15,2025-08-29,8789.67,45,paid
HIST-002931,CUS-0040,2026-03-07,2026-04-06,22315.32,30,paid
HIST-002932,CUS-0062,2025-09-01,2025-10-01,22882.08,30,paid
HIST-002933,CUS-0124,2025-06-11,2025-07-26,84681.07,45,paid
HIST-002934,CUS-0113,2026-04-25,2026-06-09,43960.4,45,paid
HIST-002935,CUS-0136,2025-12-09,2026-01-23,55817.06,45,paid
HIST-002936,CUS-0014,2026-02-17,2026-03-19,43933.68,30,paid
HIST-002937,CUS-0145,2025-10-02,2025-11-01,40225.88,30,paid
HIST-002938,CUS-0063,2025-05-03,2025-06-17,251459.27,45,paid
HIST-002939,CUS-0039,2025-05-09,2025-05-24,43054.63,15,paid
HIST-002940,CUS-0143,2025-04-16,2025-05-16,40476.01,30,paid
HIST-002941,CUS-0078,2025-03-24,2025-04-08,57694.04,15,paid
HIST-002942,CUS-0073,2025-08-13,2025-09-27,130793.51,45,paid
HIST-002943,CUS-0014,2025-12-26,2026-01-25,25685.02,30,paid
HIST-002944,CUS-0099,2026-03-01,2026-04-15,47499.16,45,paid
HIST-002945,CUS-0103,2025-11-24,2026-01-08,48431.66,45,paid
HIST-002946,CUS-0100,2025-06-29,2025-07-14,35419.6,15,paid
HIST-002947,CUS-0092,2025-09-12,2025-10-12,38567.29,30,paid
HIST-002948,CUS-0140,2025-12-12,2026-01-26,38478.33,45,paid
HIST-002949,CUS-0078,2025-12-03,2026-01-02,40622.67,30,paid
HIST-002950,CUS-0139,2026-01-19,2026-03-05,50792.73,45,paid
HIST-002951,CUS-0024,2025-10-20,2025-11-19,18797.78,30,paid
HIST-002952,CUS-0151,2026-04-10,2026-05-25,114902.9,45,paid
HIST-002953,CUS-0096,2026-04-30,2026-06-14,68629.8,45,paid
HIST-002954,CUS-0015,2025-03-20,2025-04-19,21281.11,30,paid
HIST-002955,CUS-0126,2026-02-23,2026-03-25,43042.44,30,paid
HIST-002956,CUS-0005,2025-09-19,2025-10-19,42410.54,30,paid
HIST-002957,CUS-0049,2025-04-21,2025-05-21,48530.69,30,paid
HIST-002958,CUS-0114,2025-07-13,2025-09-11,29891.61,60,paid
HIST-002959,CUS-0155,2025-09-04,2025-10-04,19862.41,30,paid
HIST-002960,CUS-0008,2025-12-25,2026-02-08,60620.73,45,paid
HIST-002961,CUS-0013,2025-12-06,2026-01-20,87244.45,45,paid
HIST-002962,CUS-0059,2025-05-21,2025-06-20,35916.04,30,paid
HIST-002963,CUS-0124,2025-06-14,2025-07-14,69157.81,30,paid
HIST-002964,CUS-0047,2025-10-24,2025-12-08,17987.29,45,paid
HIST-002965,CUS-0026,2025-09-02,2025-10-17,229526.24,45,paid
HIST-002966,CUS-0005,2026-04-09,2026-05-09,118044.45,30,paid
HIST-002967,CUS-0076,2025-04-20,2025-05-20,33957.34,30,paid
HIST-002968,CUS-0048,2026-05-01,2026-05-31,10751.21,30,paid
HIST-002969,CUS-0040,2025-08-03,2025-08-18,15530.95,15,paid
HIST-002970,CUS-0105,2026-04-08,2026-05-23,28661.84,45,paid
HIST-002971,CUS-0090,2026-03-02,2026-04-16,38430.32,45,paid
HIST-002972,CUS-0065,2026-04-01,2026-05-16,54878.66,45,paid
HIST-002973,CUS-0153,2025-10-06,2025-12-05,41548.45,60,paid
HIST-002974,CUS-0083,2025-05-30,2025-07-14,15396.08,45,paid
HIST-002975,CUS-0061,2026-01-10,2026-02-09,42955.28,30,paid
HIST-002976,CUS-0077,2026-03-27,2026-04-26,42493.59,30,paid
HIST-002977,CUS-0031,2025-12-19,2026-02-02,22460.05,45,paid
HIST-002978,CUS-0040,2025-07-31,2025-09-29,72126.88,60,paid
HIST-002979,CUS-0001,2025-04-14,2025-05-29,18576.1,45,paid
HIST-002980,CUS-0104,2026-01-26,2026-03-12,29408.19,45,paid
HIST-002981,CUS-0045,2025-08-10,2025-09-09,16074.86,30,paid
HIST-002982,CUS-0098,2026-05-31,2026-06-30,44710.57,30,paid
HIST-002983,CUS-0059,2026-03-20,2026-04-19,28859.95,30,paid
HIST-002984,CUS-0046,2026-04-13,2026-06-12,76794.27,60,paid
HIST-002985,CUS-0090,2025-07-16,2025-08-15,37427.97,30,paid
HIST-002986,CUS-0015,2026-01-21,2026-02-20,47728.89,30,paid
HIST-002987,CUS-0113,2025-09-16,2025-10-16,19691.58,30,paid
HIST-002988,CUS-0018,2026-01-01,2026-03-02,28271.59,60,paid
HIST-002989,CUS-0028,2025-05-19,2025-06-18,43113.02,30,paid
HIST-002990,CUS-0047,2026-04-12,2026-05-12,20077.01,30,paid
HIST-002991,CUS-0145,2026-04-25,2026-06-09,74913.24,45,paid
HIST-002992,CUS-0069,2025-03-28,2025-04-27,18252.87,30,paid
HIST-002993,CUS-0044,2025-03-30,2025-04-29,51243.05,30,paid
HIST-002994,CUS-0135,2025-06-23,2025-08-07,169848.99,45,paid
HIST-002995,CUS-0012,2026-01-10,2026-01-25,11084.19,15,paid
HIST-002996,CUS-0010,2025-10-08,2025-11-07,30718.57,30,paid
HIST-002997,CUS-0026,2025-11-22,2026-01-21,79432.1,60,paid
HIST-002998,CUS-0071,2026-05-06,2026-07-05,91789.06,60,paid
HIST-002999,CUS-0157,2025-11-13,2025-12-13,28886.17,30,paid
HIST-003000,CUS-0156,2025-06-15,2025-07-30,61896.42,45,paid
HIST-003001,CUS-0107,2025-05-28,2025-06-27,37120.54,30,paid
HIST-003002,CUS-0091,2025-06-23,2025-07-23,358893.45,30,paid
HIST-003003,CUS-0157,2026-04-22,2026-05-22,37730.4,30,paid
HIST-003004,CUS-0114,2025-05-02,2025-06-16,47409.06,45,paid
HIST-003005,CUS-0017,2025-07-10,2025-08-09,55229.54,30,paid
HIST-003006,CUS-0076,2025-06-09,2025-07-09,113080.58,30,paid
HIST-003007,CUS-0059,2026-02-09,2026-03-26,13551.55,45,paid
HIST-003008,CUS-0040,2025-10-14,2025-11-28,233347.54,45,paid
HIST-003009,CUS-0076,2025-08-30,2025-10-14,71865.98,45,paid
HIST-003010,CUS-0038,2025-08-26,2025-10-25,33216.87,60,paid
HIST-003011,CUS-0033,2025-11-09,2025-12-24,69419.15,45,paid
HIST-003012,CUS-0005,2025-11-09,2025-12-09,56405.06,30,paid
HIST-003013,CUS-0123,2026-01-05,2026-02-04,18059.47,30,paid
HIST-003014,CUS-0010,2026-02-24,2026-03-26,21855.66,30,paid
HIST-003015,CUS-0011,2026-03-17,2026-04-16,37484.47,30,paid
HIST-003016,CUS-0065,2025-09-05,2025-10-05,26330.92,30,paid
HIST-003017,CUS-0122,2025-06-02,2025-07-02,23007.86,30,paid
HIST-003018,CUS-0159,2026-05-19,2026-06-18,76987.09,30,paid
HIST-003019,CUS-0115,2025-05-14,2025-06-13,52190.07,30,paid
HIST-003020,CUS-0101,2025-08-29,2025-10-13,25099.07,45,paid
HIST-003021,CUS-0097,2026-05-18,2026-06-17,29332.0,30,paid
HIST-003022,CUS-0001,2025-09-22,2025-10-22,54588.55,30,paid
HIST-003023,CUS-0026,2025-12-30,2026-01-29,95267.84,30,paid
HIST-003024,CUS-0077,2025-06-14,2025-06-29,290997.96,15,paid
HIST-003025,CUS-0023,2026-01-22,2026-03-23,46109.73,60,paid
HIST-003026,CUS-0118,2026-04-30,2026-06-14,64106.15,45,paid
HIST-003027,CUS-0119,2025-08-11,2025-09-10,18978.2,30,paid
HIST-003028,CUS-0090,2025-12-25,2026-01-24,56886.33,30,paid
HIST-003029,CUS-0047,2026-03-28,2026-05-27,22745.67,60,paid
HIST-003030,CUS-0152,2025-08-16,2025-09-30,39617.49,45,paid
HIST-003031,CUS-0056,2025-04-24,2025-05-24,36101.66,30,paid
HIST-003032,CUS-0152,2026-01-29,2026-02-13,66489.05,15,paid
HIST-003033,CUS-0059,2026-01-10,2026-02-09,14597.55,30,paid
HIST-003034,CUS-0004,2026-05-06,2026-06-05,27419.95,30,paid
HIST-003035,CUS-0028,2025-04-13,2025-04-28,188741.04,15,paid
HIST-003036,CUS-0057,2025-05-08,2025-06-07,46202.67,30,paid
HIST-003037,CUS-0071,2026-01-14,2026-02-13,99331.75,30,paid
HIST-003038,CUS-0046,2025-09-28,2025-10-28,41731.83,30,paid
HIST-003039,CUS-0051,2025-07-19,2025-08-18,59542.88,30,paid
HIST-003040,CUS-0038,2025-10-26,2025-11-10,123953.76,15,paid
HIST-003041,CUS-0038,2026-05-28,2026-07-12,88247.51,45,paid
HIST-003042,CUS-0007,2025-03-17,2025-04-16,122079.8,30,paid
HIST-003043,CUS-0019,2025-11-11,2025-12-11,80604.47,30,paid
HIST-003044,CUS-0059,2025-06-03,2025-08-02,71786.58,60,paid
HIST-003045,CUS-0113,2025-08-26,2025-09-25,97696.53,30,paid
HIST-003046,CUS-0025,2025-11-18,2025-12-18,46852.07,30,paid
HIST-003047,CUS-0033,2026-02-07,2026-03-09,20773.76,30,paid
HIST-003048,CUS-0154,2025-08-03,2025-09-02,47764.2,30,paid
HIST-003049,CUS-0055,2025-04-13,2025-05-28,18842.74,45,paid
HIST-003050,CUS-0115,2026-05-16,2026-06-15,55456.5,30,paid
HIST-003051,CUS-0017,2026-02-02,2026-02-17,41679.9,15,paid
HIST-003052,CUS-0005,2025-06-26,2025-07-26,70335.22,30,paid
HIST-003053,CUS-0006,2025-03-14,2025-03-29,47750.61,15,paid
HIST-003054,CUS-0062,2025-05-13,2025-06-27,115225.09,45,paid
HIST-003055,CUS-0071,2026-02-05,2026-03-22,78774.23,45,paid
HIST-003056,CUS-0157,2025-06-20,2025-08-04,30020.5,45,paid
HIST-003057,CUS-0006,2025-04-11,2025-06-10,40110.07,60,paid
HIST-003058,CUS-0004,2026-01-09,2026-02-08,36090.76,30,paid
HIST-003059,CUS-0079,2026-05-19,2026-07-03,32156.3,45,paid
HIST-003060,CUS-0025,2025-09-10,2025-10-10,61593.59,30,paid
HIST-003061,CUS-0085,2026-04-24,2026-05-24,72496.74,30,paid
HIST-003062,CUS-0107,2025-06-23,2025-08-07,42146.86,45,paid
HIST-003063,CUS-0044,2025-10-19,2025-11-18,14356.56,30,paid
HIST-003064,CUS-0035,2025-03-31,2025-04-30,82655.61,30,paid
HIST-003065,CUS-0009,2025-04-30,2025-05-30,31480.13,30,paid
HIST-003066,CUS-0071,2025-12-12,2026-01-11,38053.13,30,paid
HIST-003067,CUS-0059,2025-10-31,2025-11-30,33569.0,30,paid
HIST-003068,CUS-0101,2026-03-19,2026-04-18,23207.34,30,paid
HIST-003069,CUS-0046,2025-06-26,2025-08-25,119535.89,60,paid
HIST-003070,CUS-0054,2025-11-08,2025-12-08,12611.15,30,paid
HIST-003071,CUS-0121,2026-04-16,2026-05-16,30672.49,30,paid
HIST-003072,CUS-0139,2025-06-29,2025-07-29,118041.64,30,paid
HIST-003073,CUS-0084,2025-07-26,2025-09-09,54449.07,45,paid
HIST-003074,CUS-0127,2025-10-08,2025-11-22,75567.53,45,paid
HIST-003075,CUS-0008,2025-11-07,2026-01-06,15782.59,60,paid
HIST-003076,CUS-0120,2025-05-25,2025-07-09,15324.92,45,paid
HIST-003077,CUS-0065,2025-11-01,2025-12-01,38747.85,30,paid
HIST-003078,CUS-0038,2026-02-05,2026-04-06,22463.88,60,paid
HIST-003079,CUS-0081,2026-05-26,2026-07-10,42074.34,45,paid
HIST-003080,CUS-0149,2025-05-06,2025-06-20,55680.2,45,paid
HIST-003081,CUS-0005,2025-07-24,2025-08-23,10030.44,30,paid
HIST-003082,CUS-0006,2025-04-19,2025-05-19,38075.62,30,paid
HIST-003083,CUS-0026,2025-04-22,2025-05-22,96538.3,30,paid
HIST-003084,CUS-0059,2025-12-17,2026-01-31,24790.32,45,paid
HIST-003085,CUS-0037,2025-03-30,2025-04-29,126980.17,30,paid
HIST-003086,CUS-0018,2025-03-17,2025-05-01,18868.75,45,paid
HIST-003087,CUS-0106,2026-05-25,2026-06-24,12649.55,30,paid
HIST-003088,CUS-0054,2026-03-08,2026-03-23,98950.47,15,paid
HIST-003089,CUS-0059,2025-05-16,2025-06-15,44376.06,30,paid
HIST-003090,CUS-0027,2025-12-17,2026-01-31,61334.45,45,paid
HIST-003091,CUS-0038,2025-12-16,2026-01-15,28338.19,30,paid
HIST-003092,CUS-0044,2026-04-24,2026-06-08,65868.34,45,paid
HIST-003093,CUS-0050,2025-08-27,2025-09-26,41882.17,30,paid
HIST-003094,CUS-0107,2025-05-17,2025-06-16,86510.06,30,paid
HIST-003095,CUS-0101,2026-01-12,2026-02-11,27222.3,30,paid
HIST-003096,CUS-0011,2026-05-27,2026-07-26,36517.99,60,paid
HIST-003097,CUS-0097,2025-12-20,2026-01-19,31601.12,30,paid
HIST-003098,CUS-0126,2025-05-09,2025-06-08,25587.74,30,paid
HIST-003099,CUS-0068,2025-12-05,2026-01-04,20625.28,30,paid
HIST-003100,CUS-0091,2026-04-21,2026-05-21,33922.05,30,paid
HIST-003101,CUS-0071,2025-03-13,2025-04-27,30767.87,45,paid
HIST-003102,CUS-0101,2025-12-18,2026-02-16,56170.38,60,paid
HIST-003103,CUS-0090,2026-01-17,2026-02-01,13219.88,15,paid
HIST-003104,CUS-0062,2026-03-28,2026-04-27,54214.65,30,paid
HIST-003105,CUS-0038,2025-05-20,2025-07-04,36063.52,45,paid
HIST-003106,CUS-0009,2026-03-06,2026-04-05,48142.36,30,paid
HIST-003107,CUS-0005,2026-05-08,2026-06-07,43293.59,30,paid
HIST-003108,CUS-0077,2025-05-25,2025-07-24,311721.17,60,paid
HIST-003109,CUS-0006,2025-08-20,2025-10-19,96285.06,60,paid
HIST-003110,CUS-0008,2025-06-15,2025-07-15,11235.58,30,paid
HIST-003111,CUS-0028,2026-01-30,2026-03-31,48651.06,60,paid
HIST-003112,CUS-0099,2026-04-15,2026-06-14,33256.84,60,paid
HIST-003113,CUS-0043,2025-03-16,2025-05-15,32625.65,60,paid
HIST-003114,CUS-0130,2025-11-23,2025-12-23,13951.01,30,paid
HIST-003115,CUS-0040,2025-04-28,2025-05-28,47727.71,30,paid
HIST-003116,CUS-0130,2025-10-15,2025-11-14,34256.49,30,paid
HIST-003117,CUS-0059,2026-04-30,2026-06-14,45465.62,45,paid
HIST-003118,CUS-0055,2026-03-22,2026-05-06,10331.56,45,paid
HIST-003119,CUS-0038,2026-03-28,2026-04-27,26503.86,30,paid
HIST-003120,CUS-0054,2026-01-19,2026-03-05,67899.31,45,paid
HIST-003121,CUS-0035,2025-09-21,2025-10-21,35104.49,30,paid
HIST-003122,CUS-0099,2025-05-04,2025-06-18,19430.18,45,paid
HIST-003123,CUS-0024,2025-11-22,2026-01-06,46748.48,45,paid
HIST-003124,CUS-0005,2025-04-21,2025-05-21,45931.6,30,paid
HIST-003125,CUS-0017,2025-09-25,2025-10-10,63846.38,15,paid
HIST-003126,CUS-0046,2025-06-18,2025-07-18,149081.34,30,paid
HIST-003127,CUS-0103,2026-02-01,2026-04-02,85420.06,60,paid
HIST-003128,CUS-0065,2026-01-26,2026-02-25,46598.86,30,paid
HIST-003129,CUS-0124,2026-04-15,2026-05-15,52999.94,30,paid
HIST-003130,CUS-0081,2026-04-11,2026-05-11,19254.28,30,paid
HIST-003131,CUS-0040,2026-02-21,2026-03-23,46520.11,30,paid
HIST-003132,CUS-0071,2025-03-18,2025-05-17,51458.26,60,paid
HIST-003133,CUS-0033,2025-10-22,2025-12-21,69793.36,60,paid
HIST-003134,CUS-0011,2026-04-21,2026-06-05,33747.03,45,paid
HIST-003135,CUS-0085,2025-08-15,2025-09-14,118197.0,30,paid
HIST-003136,CUS-0029,2025-09-13,2025-10-28,37046.94,45,paid
HIST-003137,CUS-0004,2026-01-20,2026-02-19,49528.08,30,paid
HIST-003138,CUS-0010,2025-11-24,2025-12-24,81738.06,30,paid
HIST-003139,CUS-0159,2025-07-20,2025-08-19,34195.84,30,paid
HIST-003140,CUS-0159,2025-08-10,2025-09-24,107468.85,45,paid
HIST-003141,CUS-0076,2025-12-08,2025-12-23,55448.2,15,paid
HIST-003142,CUS-0113,2026-04-30,2026-05-30,20493.13,30,paid
HIST-003143,CUS-0015,2026-04-25,2026-05-25,82321.21,30,paid
HIST-003144,CUS-0029,2025-03-28,2025-04-27,15150.36,30,paid
HIST-003145,CUS-0084,2025-05-28,2025-06-27,42562.44,30,paid
HIST-003146,CUS-0081,2025-08-27,2025-09-26,22535.88,30,paid
HIST-003147,CUS-0052,2025-08-09,2025-09-08,23648.93,30,paid
HIST-003148,CUS-0066,2025-07-23,2025-09-21,16298.45,60,paid
HIST-003149,CUS-0066,2025-08-15,2025-09-29,11633.1,45,paid
HIST-003150,CUS-0070,2026-02-04,2026-03-21,53226.06,45,paid
HIST-003151,CUS-0118,2026-03-21,2026-04-20,22501.33,30,paid
HIST-003152,CUS-0066,2025-09-24,2025-10-24,37461.4,30,paid
HIST-003153,CUS-0044,2025-06-21,2025-08-05,54985.03,45,paid
HIST-003154,CUS-0070,2025-11-17,2025-12-17,230184.26,30,paid
HIST-003155,CUS-0105,2026-03-04,2026-04-03,20027.17,30,paid
HIST-003156,CUS-0068,2025-11-07,2025-12-07,27375.24,30,paid
HIST-003157,CUS-0078,2025-08-30,2025-09-29,50412.9,30,paid
HIST-003158,CUS-0065,2026-04-23,2026-06-22,27782.08,60,paid
HIST-003159,CUS-0144,2026-04-01,2026-05-01,28194.68,30,paid
HIST-003160,CUS-0037,2025-03-21,2025-04-20,87003.65,30,paid
HIST-003161,CUS-0080,2026-03-12,2026-04-11,13540.5,30,paid
HIST-003162,CUS-0066,2026-05-22,2026-06-21,12791.75,30,paid
HIST-003163,CUS-0078,2025-12-25,2026-02-08,77456.27,45,paid
HIST-003164,CUS-0012,2026-05-20,2026-06-19,28215.63,30,paid
HIST-003165,CUS-0102,2026-03-25,2026-04-24,195942.63,30,paid
HIST-003166,CUS-0120,2025-09-20,2025-11-04,101362.72,45,paid
HIST-003167,CUS-0090,2025-12-07,2026-02-05,44151.65,60,paid
HIST-003168,CUS-0080,2026-05-12,2026-06-11,30796.62,30,paid
HIST-003169,CUS-0096,2025-06-05,2025-07-05,30739.08,30,paid
HIST-003170,CUS-0045,2026-06-03,2026-07-03,32611.2,30,paid
HIST-003171,CUS-0058,2025-11-06,2025-12-06,38320.18,30,paid
HIST-003172,CUS-0138,2026-04-11,2026-06-10,58886.2,60,paid
HIST-003173,CUS-0080,2025-09-15,2025-10-15,28360.14,30,paid
HIST-003174,CUS-0073,2025-08-18,2025-09-17,126920.46,30,paid
HIST-003175,CUS-0029,2025-05-03,2025-07-02,41799.54,60,paid
HIST-003176,CUS-0011,2026-03-14,2026-04-28,63352.77,45,paid
HIST-003177,CUS-0137,2025-04-16,2025-05-01,61255.73,15,paid
HIST-003178,CUS-0059,2025-12-03,2026-01-17,72759.41,45,paid
HIST-003179,CUS-0104,2025-11-29,2025-12-29,69889.06,30,paid
HIST-003180,CUS-0033,2025-06-26,2025-07-26,25465.81,30,paid
HIST-003181,CUS-0100,2025-12-06,2026-02-04,36679.0,60,paid
HIST-003182,CUS-0006,2026-05-19,2026-06-18,37552.88,30,paid
HIST-003183,CUS-0021,2026-05-12,2026-06-11,37685.31,30,paid
HIST-003184,CUS-0086,2026-04-04,2026-05-04,177262.98,30,paid
HIST-003185,CUS-0033,2026-03-17,2026-04-16,29892.78,30,paid
HIST-003186,CUS-0044,2026-05-08,2026-06-07,84729.07,30,paid
HIST-003187,CUS-0034,2025-06-21,2025-07-21,48962.51,30,paid
HIST-003188,CUS-0008,2025-12-29,2026-01-13,26521.82,15,paid
HIST-003189,CUS-0078,2026-01-14,2026-02-13,51023.24,30,paid
HIST-003190,CUS-0029,2025-07-15,2025-08-14,83137.26,30,paid
HIST-003191,CUS-0030,2026-02-27,2026-03-14,79203.29,15,paid
HIST-003192,CUS-0148,2025-11-25,2026-01-09,56092.92,45,paid
HIST-003193,CUS-0080,2025-11-04,2026-01-03,14657.98,60,paid
HIST-003194,CUS-0008,2026-03-01,2026-03-31,50279.66,30,paid
HIST-003195,CUS-0158,2025-10-01,2025-10-31,22021.5,30,paid
HIST-003196,CUS-0037,2026-03-18,2026-05-02,50001.93,45,paid
HIST-003197,CUS-0038,2025-11-15,2025-12-30,43770.04,45,paid
HIST-003198,CUS-0158,2025-09-10,2025-10-25,14669.03,45,paid
HIST-003199,CUS-0004,2026-01-24,2026-02-23,133936.82,30,paid
HIST-003200,CUS-0016,2025-06-16,2025-08-15,57847.43,60,paid
HIST-003201,CUS-0075,2025-09-09,2025-10-24,30629.39,45,paid
HIST-003202,CUS-0065,2025-05-23,2025-06-22,26673.78,30,paid
HIST-003203,CUS-0065,2025-03-13,2025-04-12,19948.94,30,paid
HIST-003204,CUS-0044,2025-08-28,2025-10-12,45786.69,45,paid
HIST-003205,CUS-0121,2026-04-18,2026-06-17,48791.31,60,paid
HIST-003206,CUS-0073,2025-09-10,2025-10-25,126512.35,45,paid
HIST-003207,CUS-0068,2025-07-25,2025-08-09,38124.58,15,paid
HIST-003208,CUS-0038,2025-03-13,2025-04-27,17178.58,45,paid
HIST-003209,CUS-0052,2026-01-12,2026-02-11,328325.27,30,paid
HIST-003210,CUS-0153,2025-04-15,2025-05-30,26152.03,45,paid
HIST-003211,CUS-0133,2025-09-26,2025-11-10,40113.59,45,paid
HIST-003212,CUS-0067,2025-10-07,2025-11-06,90866.05,30,paid
HIST-003213,CUS-0058,2025-04-09,2025-05-24,44928.71,45,paid
HIST-003214,CUS-0117,2026-04-17,2026-05-17,15763.03,30,paid
HIST-003215,CUS-0149,2026-05-31,2026-07-15,12986.42,45,paid
HIST-003216,CUS-0063,2025-10-09,2025-10-24,72471.61,15,paid
HIST-003217,CUS-0090,2026-02-07,2026-03-09,118262.02,30,paid
HIST-003218,CUS-0041,2026-03-01,2026-04-15,78878.65,45,paid
HIST-003219,CUS-0003,2025-03-14,2025-04-28,77086.7,45,paid
HIST-003220,CUS-0059,2025-04-23,2025-05-23,43973.5,30,paid
HIST-003221,CUS-0078,2025-12-09,2026-01-08,18020.6,30,paid
HIST-003222,CUS-0150,2025-06-15,2025-07-15,72668.63,30,paid
HIST-003223,CUS-0115,2025-03-22,2025-04-21,35043.33,30,paid
HIST-003224,CUS-0131,2025-06-30,2025-07-30,28429.5,30,paid
HIST-003225,CUS-0094,2025-04-11,2025-06-10,254082.44,60,paid
HIST-003226,CUS-0078,2025-11-15,2025-12-15,68710.24,30,paid
HIST-003227,CUS-0064,2026-02-05,2026-03-07,11642.08,30,paid
HIST-003228,CUS-0041,2026-02-02,2026-03-04,31166.4,30,paid
HIST-003229,CUS-0055,2025-11-26,2025-12-26,8799.91,30,paid
HIST-003230,CUS-0156,2025-04-03,2025-05-03,95460.69,30,paid
HIST-003231,CUS-0009,2026-05-28,2026-06-27,163808.23,30,paid
HIST-003232,CUS-0040,2025-06-27,2025-07-27,41905.71,30,paid
HIST-003233,CUS-0070,2025-07-08,2025-08-22,40898.34,45,paid
HIST-003234,CUS-0080,2025-05-25,2025-07-09,102374.62,45,paid
HIST-003235,CUS-0110,2026-05-10,2026-07-09,22533.54,60,paid
HIST-003236,CUS-0059,2025-10-08,2025-12-07,36923.88,60,paid
HIST-003237,CUS-0061,2025-11-22,2026-01-06,65243.22,45,paid
HIST-003238,CUS-0034,2025-04-29,2025-06-28,77386.78,60,paid
HIST-003239,CUS-0102,2025-10-10,2025-11-24,35517.63,45,paid
HIST-003240,CUS-0065,2025-06-26,2025-07-26,17520.99,30,paid
HIST-003241,CUS-0008,2025-07-05,2025-08-19,67730.81,45,paid
HIST-003242,CUS-0071,2026-04-17,2026-05-17,27966.63,30,paid
HIST-003243,CUS-0100,2025-12-15,2026-01-14,49421.79,30,paid
HIST-003244,CUS-0050,2025-05-11,2025-06-10,17623.32,30,paid
HIST-003245,CUS-0124,2026-05-24,2026-07-08,24659.87,45,paid
HIST-003246,CUS-0078,2025-12-26,2026-01-25,69387.74,30,paid
HIST-003247,CUS-0050,2026-04-29,2026-05-29,47788.26,30,paid
HIST-003248,CUS-0148,2025-08-19,2025-09-18,19248.72,30,paid
HIST-003249,CUS-0054,2025-03-23,2025-05-22,80141.51,60,paid
HIST-003250,CUS-0101,2026-02-08,2026-03-10,10280.89,30,paid
HIST-003251,CUS-0085,2025-07-26,2025-08-25,18894.68,30,paid
HIST-003252,CUS-0033,2025-05-28,2025-06-27,6370.52,30,paid
HIST-003253,CUS-0004,2025-07-12,2025-08-26,41311.93,45,paid
HIST-003254,CUS-0005,2025-07-07,2025-08-06,100076.15,30,paid
HIST-003255,CUS-0036,2026-03-23,2026-04-22,61185.51,30,paid
HIST-003256,CUS-0107,2025-09-20,2025-10-05,25720.19,15,paid
HIST-003257,CUS-0135,2025-10-09,2025-12-08,39565.04,60,paid
HIST-003258,CUS-0095,2025-04-19,2025-05-19,23881.67,30,paid
HIST-003259,CUS-0086,2025-07-24,2025-08-23,8732.11,30,paid
HIST-003260,CUS-0054,2025-09-25,2025-11-09,304475.08,45,paid
HIST-003261,CUS-0019,2025-07-12,2025-08-11,25458.39,30,paid
HIST-003262,CUS-0027,2025-12-03,2026-01-02,47039.18,30,paid
HIST-003263,CUS-0101,2026-03-05,2026-04-19,61864.21,45,paid
HIST-003264,CUS-0119,2025-05-04,2025-05-19,64171.31,15,paid
HIST-003265,CUS-0103,2025-09-20,2025-11-04,19764.51,45,paid
HIST-003266,CUS-0033,2026-01-27,2026-02-26,131675.42,30,paid
HIST-003267,CUS-0040,2025-05-29,2025-07-13,37720.81,45,paid
HIST-003268,CUS-0152,2025-09-24,2025-10-24,13294.75,30,paid
HIST-003269,CUS-0090,2025-08-08,2025-10-07,56937.75,60,paid
HIST-003270,CUS-0008,2026-03-25,2026-04-24,43426.71,30,paid
HIST-003271,CUS-0046,2025-12-27,2026-01-26,13394.73,30,paid
HIST-003272,CUS-0133,2026-04-09,2026-05-09,40626.05,30,paid
HIST-003273,CUS-0035,2025-11-16,2025-12-31,158245.5,45,paid
HIST-003274,CUS-0099,2025-04-06,2025-05-06,69282.64,30,paid
HIST-003275,CUS-0093,2025-09-09,2025-10-09,70719.43,30,paid
HIST-003276,CUS-0038,2025-06-30,2025-07-30,50731.62,30,paid
HIST-003277,CUS-0020,2025-05-18,2025-06-17,17161.9,30,paid
HIST-003278,CUS-0007,2025-06-26,2025-07-26,15971.54,30,paid
HIST-003279,CUS-0057,2025-05-29,2025-07-28,133388.54,60,paid
HIST-003280,CUS-0141,2025-11-10,2025-12-10,40254.15,30,paid
HIST-003281,CUS-0059,2025-10-26,2025-11-25,30366.5,30,paid
HIST-003282,CUS-0082,2026-05-26,2026-06-10,74318.6,15,paid
HIST-003283,CUS-0082,2025-04-18,2025-05-03,55513.13,15,paid
HIST-003284,CUS-0047,2025-12-05,2025-12-20,33325.78,15,paid
HIST-003285,CUS-0095,2025-10-29,2025-12-13,34662.72,45,paid
HIST-003286,CUS-0149,2026-05-29,2026-06-28,49244.15,30,paid
HIST-003287,CUS-0108,2025-08-17,2025-10-01,32991.33,45,paid
HIST-003288,CUS-0148,2025-07-04,2025-08-03,59967.07,30,paid
HIST-003289,CUS-0075,2025-05-31,2025-06-30,70839.11,30,paid
HIST-003290,CUS-0065,2025-08-27,2025-10-11,19939.35,45,paid
HIST-003291,CUS-0080,2025-03-22,2025-05-06,81548.54,45,paid
HIST-003292,CUS-0068,2025-09-19,2025-10-19,16944.42,30,paid
HIST-003293,CUS-0135,2026-04-13,2026-05-13,15666.16,30,paid
HIST-003294,CUS-0099,2025-05-12,2025-06-26,34797.17,45,paid
HIST-003295,CUS-0090,2025-03-20,2025-04-04,13713.14,15,paid
HIST-003296,CUS-0076,2025-11-23,2026-01-07,21088.01,45,paid
HIST-003297,CUS-0124,2026-03-27,2026-04-26,18700.08,30,paid
HIST-003298,CUS-0121,2025-08-06,2025-09-20,33478.28,45,paid
HIST-003299,CUS-0066,2026-04-30,2026-06-14,38361.42,45,paid
HIST-003300,CUS-0083,2025-09-24,2025-11-08,13921.62,45,paid
HIST-003301,CUS-0069,2025-05-05,2025-06-04,35675.94,30,paid
HIST-003302,CUS-0078,2025-11-08,2025-12-23,30285.26,45,paid
HIST-003303,CUS-0158,2026-01-24,2026-02-23,51532.34,30,paid
HIST-003304,CUS-0107,2025-09-27,2025-10-27,12211.44,30,paid
HIST-003305,CUS-0031,2025-05-27,2025-07-11,140385.55,45,paid
HIST-003306,CUS-0071,2026-03-09,2026-04-08,37211.86,30,paid
HIST-003307,CUS-0009,2025-06-26,2025-07-26,16322.24,30,paid
HIST-003308,CUS-0071,2026-02-09,2026-03-11,141977.71,30,paid
HIST-003309,CUS-0153,2026-01-19,2026-02-18,15893.44,30,paid
HIST-003310,CUS-0157,2025-05-16,2025-06-15,37316.22,30,paid
HIST-003311,CUS-0061,2025-06-14,2025-07-14,8002.63,30,paid
HIST-003312,CUS-0026,2025-07-28,2025-09-11,14511.05,45,paid
HIST-003313,CUS-0010,2025-05-07,2025-06-06,26243.43,30,paid
HIST-003314,CUS-0052,2026-02-23,2026-03-25,163256.19,30,paid
HIST-003315,CUS-0038,2025-12-21,2026-02-04,40434.97,45,paid
HIST-003316,CUS-0030,2025-08-01,2025-08-31,18634.74,30,paid
HIST-003317,CUS-0048,2026-04-12,2026-05-12,36043.6,30,paid
HIST-003318,CUS-0050,2025-04-16,2025-05-16,48025.38,30,paid
HIST-003319,CUS-0128,2025-11-09,2025-12-09,30827.34,30,paid
HIST-003320,CUS-0128,2025-04-14,2025-04-29,77755.36,15,paid
HIST-003321,CUS-0065,2025-03-14,2025-04-28,49158.87,45,paid
HIST-003322,CUS-0069,2026-01-21,2026-02-20,26338.85,30,paid
HIST-003323,CUS-0076,2025-10-02,2025-11-01,112141.55,30,paid
HIST-003324,CUS-0149,2025-11-30,2025-12-15,30081.95,15,paid
HIST-003325,CUS-0157,2025-08-13,2025-09-27,46701.4,45,paid
HIST-003326,CUS-0091,2025-06-21,2025-08-05,81719.58,45,paid
HIST-003327,CUS-0033,2026-02-04,2026-03-21,24450.83,45,paid
HIST-003328,CUS-0101,2025-05-28,2025-06-27,16530.51,30,paid
HIST-003329,CUS-0019,2026-05-09,2026-06-08,21522.43,30,paid
HIST-003330,CUS-0061,2026-05-27,2026-06-26,29161.27,30,paid
HIST-003331,CUS-0033,2025-08-27,2025-10-26,126826.55,60,paid
HIST-003332,CUS-0027,2025-09-07,2025-10-07,19205.81,30,paid
HIST-003333,CUS-0014,2026-04-10,2026-05-10,63780.72,30,paid
HIST-003334,CUS-0047,2026-01-28,2026-02-27,18142.65,30,paid
HIST-003335,CUS-0023,2025-11-15,2025-11-30,4415.33,15,paid
HIST-003336,CUS-0050,2025-07-20,2025-09-03,35071.78,45,paid
HIST-003337,CUS-0021,2025-05-27,2025-06-26,19422.72,30,paid
HIST-003338,CUS-0149,2025-12-26,2026-01-25,10246.26,30,paid
HIST-003339,CUS-0148,2026-03-15,2026-04-14,97697.61,30,paid
HIST-003340,CUS-0103,2025-11-26,2025-12-26,20460.4,30,paid
HIST-003341,CUS-0061,2026-05-16,2026-05-31,21591.96,15,paid
HIST-003342,CUS-0034,2026-04-01,2026-05-31,38785.1,60,paid
HIST-003343,CUS-0068,2025-07-15,2025-08-29,60902.78,45,paid
HIST-003344,CUS-0099,2026-03-11,2026-04-25,45503.9,45,paid
HIST-003345,CUS-0064,2025-09-25,2025-10-25,11664.14,30,paid
HIST-003346,CUS-0092,2026-03-09,2026-03-24,89701.85,15,paid
HIST-003347,CUS-0038,2026-01-30,2026-03-31,35383.34,60,paid
HIST-003348,CUS-0115,2025-05-13,2025-06-12,96249.49,30,paid
HIST-003349,CUS-0010,2025-10-20,2025-12-04,83671.88,45,paid
HIST-003350,CUS-0037,2025-06-13,2025-07-28,75272.41,45,paid
HIST-003351,CUS-0081,2025-10-31,2025-11-30,45687.97,30,paid
HIST-003352,CUS-0019,2025-04-23,2025-06-07,137934.07,45,paid
HIST-003353,CUS-0066,2026-01-13,2026-02-12,186994.32,30,paid
HIST-003354,CUS-0046,2025-08-22,2025-10-06,54044.94,45,paid
HIST-003355,CUS-0061,2025-06-20,2025-07-20,82534.32,30,paid
HIST-003356,CUS-0010,2025-07-04,2025-08-03,39667.16,30,paid
HIST-003357,CUS-0132,2026-01-12,2026-02-11,8576.31,30,paid
HIST-003358,CUS-0066,2026-02-10,2026-03-12,37255.68,30,paid
HIST-003359,CUS-0039,2026-04-23,2026-06-07,37504.68,45,paid
HIST-003360,CUS-0107,2026-01-17,2026-03-18,82751.56,60,paid
HIST-003361,CUS-0007,2025-08-26,2025-10-25,27079.37,60,paid
HIST-003362,CUS-0107,2025-12-29,2026-02-12,49174.62,45,paid
HIST-003363,CUS-0106,2025-11-24,2025-12-24,102651.65,30,paid
HIST-003364,CUS-0091,2026-03-14,2026-05-13,15942.32,60,paid
HIST-003365,CUS-0088,2025-08-27,2025-10-26,81006.0,60,paid
HIST-003366,CUS-0004,2026-05-26,2026-06-25,34725.26,30,paid
HIST-003367,CUS-0115,2026-05-09,2026-06-23,48043.39,45,paid
HIST-003368,CUS-0105,2026-01-08,2026-02-07,40148.81,30,paid
HIST-003369,CUS-0075,2026-05-28,2026-06-27,20642.35,30,paid
HIST-003370,CUS-0081,2025-03-22,2025-05-21,78125.94,60,paid
HIST-003371,CUS-0107,2025-03-23,2025-05-07,71254.01,45,paid
HIST-003372,CUS-0042,2025-12-04,2026-01-18,64365.16,45,paid
HIST-003373,CUS-0145,2026-01-25,2026-02-24,47622.76,30,paid
HIST-003374,CUS-0115,2025-05-29,2025-06-13,22207.46,15,paid
HIST-003375,CUS-0008,2026-02-14,2026-03-16,33676.29,30,paid
HIST-003376,CUS-0110,2025-06-14,2025-07-14,44433.02,30,paid
HIST-003377,CUS-0008,2025-06-27,2025-08-11,9740.09,45,paid
HIST-003378,CUS-0141,2026-02-08,2026-02-23,29693.46,15,paid
HIST-003379,CUS-0064,2025-09-03,2025-10-18,17753.13,45,paid
HIST-003380,CUS-0071,2025-11-06,2025-12-06,22471.65,30,paid
HIST-003381,CUS-0059,2026-02-18,2026-04-04,48214.18,45,paid
HIST-003382,CUS-0035,2025-08-31,2025-09-30,61133.06,30,paid
HIST-003383,CUS-0049,2025-10-13,2025-10-28,38174.35,15,paid
HIST-003384,CUS-0112,2025-03-25,2025-04-09,30063.92,15,paid
HIST-003385,CUS-0026,2026-04-13,2026-05-28,100797.1,45,paid
HIST-003386,CUS-0095,2025-07-15,2025-08-14,29998.13,30,paid
HIST-003387,CUS-0115,2025-04-16,2025-05-31,10285.59,45,paid
HIST-003388,CUS-0074,2026-01-29,2026-03-15,42927.13,45,paid
HIST-003389,CUS-0122,2026-01-27,2026-02-26,39399.45,30,paid
HIST-003390,CUS-0037,2026-03-19,2026-04-18,17256.39,30,paid
HIST-003391,CUS-0038,2025-10-29,2025-11-28,26285.82,30,paid
HIST-003392,CUS-0009,2025-11-03,2025-11-18,34458.69,15,paid
HIST-003393,CUS-0119,2025-08-16,2025-09-15,55582.54,30,paid
HIST-003394,CUS-0156,2026-02-09,2026-03-11,7720.37,30,paid
HIST-003395,CUS-0005,2026-02-01,2026-03-03,27365.26,30,paid
HIST-003396,CUS-0071,2025-09-08,2025-10-08,27002.49,30,paid
HIST-003397,CUS-0037,2026-03-28,2026-04-27,53363.4,30,paid
HIST-003398,CUS-0138,2025-09-26,2025-11-25,69034.96,60,paid
HIST-003399,CUS-0070,2025-12-27,2026-02-25,62174.89,60,paid
HIST-003400,CUS-0009,2025-10-11,2025-11-10,67195.64,30,paid
HIST-003401,CUS-0123,2026-03-18,2026-04-17,57555.68,30,paid
HIST-003402,CUS-0041,2026-03-24,2026-05-08,113299.15,45,paid
HIST-003403,CUS-0056,2026-06-03,2026-07-18,34680.92,45,paid
HIST-003404,CUS-0134,2026-02-17,2026-04-18,21350.85,60,paid
HIST-003405,CUS-0005,2025-12-23,2026-01-22,94707.07,30,paid
HIST-003406,CUS-0033,2025-10-14,2025-11-28,86570.41,45,paid
HIST-003407,CUS-0072,2025-04-10,2025-05-25,16565.43,45,paid
HIST-003408,CUS-0005,2026-02-21,2026-04-07,35331.4,45,paid
HIST-003409,CUS-0153,2025-04-14,2025-05-29,186203.45,45,paid
HIST-003410,CUS-0140,2025-08-12,2025-09-11,140665.24,30,paid
HIST-003411,CUS-0064,2025-12-18,2026-01-02,111322.11,15,paid
HIST-003412,CUS-0107,2026-01-11,2026-02-10,26763.26,30,paid
HIST-003413,CUS-0046,2025-08-10,2025-09-09,4000.0,30,paid
HIST-003414,CUS-0159,2025-10-02,2025-11-01,9809.39,30,paid
HIST-003415,CUS-0100,2025-07-08,2025-08-07,74332.58,30,paid
HIST-003416,CUS-0059,2026-01-18,2026-03-04,102230.75,45,paid
HIST-003417,CUS-0046,2025-04-08,2025-05-23,109199.93,45,paid
HIST-003418,CUS-0045,2025-03-30,2025-05-29,81502.38,60,paid
HIST-003419,CUS-0086,2025-03-26,2025-04-25,18973.05,30,paid
HIST-003420,CUS-0019,2026-05-07,2026-06-06,44820.34,30,paid
HIST-003421,CUS-0116,2026-05-03,2026-06-17,38454.92,45,paid
HIST-003422,CUS-0020,2025-11-27,2025-12-27,21713.94,30,paid
HIST-003423,CUS-0120,2025-10-10,2025-10-25,47727.04,15,paid
HIST-003424,CUS-0065,2026-06-02,2026-07-17,91041.15,45,paid
HIST-003425,CUS-0068,2025-12-30,2026-01-29,10598.24,30,paid
HIST-003426,CUS-0081,2025-11-16,2025-12-16,97306.61,30,paid
HIST-003427,CUS-0037,2025-07-13,2025-07-28,128908.46,15,paid
HIST-003428,CUS-0010,2026-04-10,2026-05-10,24890.83,30,paid
HIST-003429,CUS-0088,2025-11-05,2025-12-05,112623.46,30,paid
HIST-003430,CUS-0105,2026-01-27,2026-03-13,26258.23,45,paid
HIST-003431,CUS-0038,2025-11-11,2025-11-26,51357.55,15,paid
HIST-003432,CUS-0091,2025-04-10,2025-05-25,51296.06,45,paid
HIST-003433,CUS-0059,2025-04-28,2025-05-28,50132.59,30,paid
HIST-003434,CUS-0086,2025-04-14,2025-05-29,44812.5,45,paid
HIST-003435,CUS-0121,2025-10-18,2025-12-02,40603.61,45,paid
HIST-003436,CUS-0006,2025-09-30,2025-10-30,33187.73,30,paid
HIST-003437,CUS-0157,2026-03-26,2026-04-25,36697.15,30,paid
HIST-003438,CUS-0133,2025-09-09,2025-10-24,18360.24,45,paid
HIST-003439,CUS-0015,2026-05-07,2026-05-22,49991.09,15,paid
HIST-003440,CUS-0106,2025-05-16,2025-06-15,40137.4,30,paid
HIST-003441,CUS-0026,2025-10-16,2025-11-15,27790.24,30,paid
HIST-003442,CUS-0113,2025-06-11,2025-07-11,18861.02,30,paid
HIST-003443,CUS-0152,2025-07-18,2025-09-16,147560.39,60,paid
HIST-003444,CUS-0003,2026-04-21,2026-05-21,27498.73,30,paid
HIST-003445,CUS-0115,2025-06-14,2025-07-14,34059.88,30,paid
HIST-003446,CUS-0033,2026-05-14,2026-06-28,40841.59,45,paid
HIST-003447,CUS-0125,2026-03-12,2026-04-11,51762.16,30,paid
HIST-003448,CUS-0039,2025-03-29,2025-04-28,36482.96,30,paid
HIST-003449,CUS-0100,2026-01-28,2026-02-27,63094.54,30,paid
HIST-003450,CUS-0110,2025-04-08,2025-05-08,57320.14,30,paid
HIST-003451,CUS-0101,2026-03-02,2026-04-16,64768.67,45,paid
HIST-003452,CUS-0038,2025-07-30,2025-08-29,153297.34,30,paid
HIST-003453,CUS-0059,2025-06-21,2025-08-05,22613.97,45,paid
HIST-003454,CUS-0038,2025-08-29,2025-10-13,246932.66,45,paid
HIST-003455,CUS-0026,2026-05-16,2026-06-15,30202.08,30,paid
HIST-003456,CUS-0064,2025-03-21,2025-04-20,27039.65,30,paid
HIST-003457,CUS-0124,2025-07-22,2025-08-21,190502.47,30,paid
HIST-003458,CUS-0037,2025-07-19,2025-08-18,12420.14,30,paid
HIST-003459,CUS-0009,2025-08-08,2025-10-07,61788.11,60,paid
HIST-003460,CUS-0029,2025-12-05,2026-02-03,82788.95,60,paid
HIST-003461,CUS-0065,2025-04-10,2025-05-10,96773.77,30,paid
HIST-003462,CUS-0038,2026-01-15,2026-03-16,85908.11,60,paid
HIST-003463,CUS-0056,2025-09-17,2025-10-17,51873.28,30,paid
HIST-003464,CUS-0018,2025-09-16,2025-10-31,92616.96,45,paid
HIST-003465,CUS-0099,2025-06-26,2025-07-26,68046.13,30,paid
HIST-003466,CUS-0071,2026-02-23,2026-04-09,40379.58,45,paid
HIST-003467,CUS-0001,2026-04-22,2026-06-06,13407.53,45,paid
HIST-003468,CUS-0004,2025-08-08,2025-09-07,25438.25,30,paid
HIST-003469,CUS-0088,2025-11-04,2025-12-19,28613.56,45,paid
HIST-003470,CUS-0087,2026-01-11,2026-02-10,59705.75,30,paid
HIST-003471,CUS-0081,2025-11-01,2025-12-01,70778.41,30,paid
HIST-003472,CUS-0003,2025-07-01,2025-07-31,60503.08,30,paid
HIST-003473,CUS-0014,2026-04-06,2026-05-06,8833.83,30,paid
HIST-003474,CUS-0030,2026-05-22,2026-06-21,121327.74,30,paid
HIST-003475,CUS-0008,2026-05-23,2026-07-22,17778.89,60,paid
HIST-003476,CUS-0092,2025-08-07,2025-09-06,57522.09,30,paid
HIST-003477,CUS-0055,2025-07-18,2025-08-17,43288.83,30,paid
HIST-003478,CUS-0083,2025-04-05,2025-05-20,276757.0,45,paid
HIST-003479,CUS-0034,2025-10-07,2025-11-21,21140.53,45,paid
HIST-003480,CUS-0002,2025-09-01,2025-10-01,35257.48,30,paid
HIST-003481,CUS-0090,2025-04-28,2025-06-12,39452.31,45,paid
HIST-003482,CUS-0107,2026-06-03,2026-07-18,129398.23,45,paid
HIST-003483,CUS-0137,2025-05-18,2025-07-02,12529.88,45,paid
HIST-003484,CUS-0017,2025-12-27,2026-01-26,21520.83,30,paid
HIST-003485,CUS-0060,2026-05-29,2026-06-28,95541.03,30,paid
HIST-003486,CUS-0142,2025-03-22,2025-04-21,72146.37,30,paid
HIST-003487,CUS-0081,2026-02-15,2026-03-17,75523.69,30,paid
HIST-003488,CUS-0038,2026-05-21,2026-07-05,20775.62,45,paid
HIST-003489,CUS-0046,2025-12-29,2026-01-13,54330.75,15,paid
HIST-003490,CUS-0033,2026-01-09,2026-01-24,37913.29,15,paid
HIST-003491,CUS-0038,2026-02-04,2026-03-06,51427.36,30,paid
HIST-003492,CUS-0006,2025-10-26,2025-12-25,68870.5,60,paid
HIST-003493,CUS-0160,2026-01-02,2026-02-01,57887.98,30,paid
HIST-003494,CUS-0099,2025-08-11,2025-08-26,34043.78,15,paid
HIST-003495,CUS-0108,2025-07-23,2025-09-06,38989.71,45,paid
HIST-003496,CUS-0018,2025-10-21,2025-11-20,434817.17,30,paid
HIST-003497,CUS-0051,2026-03-06,2026-04-05,41952.58,30,paid
HIST-003498,CUS-0119,2025-10-11,2025-11-10,98329.98,30,paid
HIST-003499,CUS-0059,2025-11-27,2025-12-27,44119.36,30,paid
HIST-003500,CUS-0009,2026-05-05,2026-06-19,20993.57,45,paid
HIST-003501,CUS-0052,2025-10-19,2025-11-18,18934.45,30,paid
HIST-003502,CUS-0116,2026-03-13,2026-04-12,49113.07,30,paid
HIST-003503,CUS-0034,2025-11-19,2025-12-19,43988.34,30,paid
HIST-003504,CUS-0058,2025-08-28,2025-09-27,79322.46,30,paid
HIST-003505,CUS-0007,2026-04-19,2026-05-19,53710.28,30,paid
HIST-003506,CUS-0081,2025-10-21,2025-12-05,26167.47,45,paid
HIST-003507,CUS-0125,2025-06-14,2025-07-14,83211.87,30,paid
HIST-003508,CUS-0152,2025-03-22,2025-04-06,20496.6,15,paid
HIST-003509,CUS-0083,2025-11-05,2025-12-05,71099.32,30,paid
HIST-003510,CUS-0154,2025-06-07,2025-07-07,32854.48,30,paid
HIST-003511,CUS-0108,2026-03-14,2026-03-29,105294.62,15,paid
HIST-003512,CUS-0006,2025-09-03,2025-10-03,61911.78,30,paid
HIST-003513,CUS-0110,2025-07-28,2025-09-11,20579.89,45,paid
HIST-003514,CUS-0097,2025-10-02,2025-11-01,60191.19,30,paid
HIST-003515,CUS-0059,2025-05-04,2025-07-03,37321.79,60,paid
HIST-003516,CUS-0019,2026-03-06,2026-04-05,27582.09,30,paid
HIST-003517,CUS-0135,2025-06-19,2025-07-04,154750.13,15,paid
HIST-003518,CUS-0084,2025-09-10,2025-10-25,17175.6,45,paid
HIST-003519,CUS-0107,2025-12-24,2026-01-23,40017.37,30,paid
HIST-003520,CUS-0012,2025-03-28,2025-04-12,7600.34,15,paid
HIST-003521,CUS-0008,2025-09-06,2025-11-05,6394.49,60,paid
HIST-003522,CUS-0024,2026-05-27,2026-07-11,14385.64,45,paid
HIST-003523,CUS-0047,2026-02-14,2026-03-16,13577.99,30,paid
HIST-003524,CUS-0078,2026-04-17,2026-05-02,41355.57,15,paid
HIST-003525,CUS-0159,2026-03-07,2026-04-06,129740.47,30,paid
HIST-003526,CUS-0015,2025-06-09,2025-08-08,43276.07,60,paid
HIST-003527,CUS-0019,2026-05-07,2026-06-21,13058.57,45,paid
HIST-003528,CUS-0015,2025-03-27,2025-05-11,110562.16,45,paid
HIST-003529,CUS-0065,2026-03-30,2026-04-29,96191.3,30,paid
HIST-003530,CUS-0110,2025-04-18,2025-05-03,25833.65,15,paid
HIST-003531,CUS-0008,2025-11-14,2025-12-14,52357.89,30,paid
HIST-003532,CUS-0127,2025-04-19,2025-06-18,28219.14,60,paid
HIST-003533,CUS-0113,2026-04-02,2026-05-17,39116.88,45,paid
HIST-003534,CUS-0133,2025-09-15,2025-10-30,33791.38,45,paid
HIST-003535,CUS-0101,2025-12-09,2026-02-07,12262.14,60,paid
HIST-003536,CUS-0030,2025-08-13,2025-09-27,24806.39,45,paid
HIST-003537,CUS-0127,2026-02-19,2026-03-21,25452.52,30,paid
HIST-003538,CUS-0009,2025-07-11,2025-07-26,13869.87,15,paid
HIST-003539,CUS-0078,2025-06-25,2025-07-25,26350.97,30,paid
HIST-003540,CUS-0005,2025-09-27,2025-10-27,46022.77,30,paid
HIST-003541,CUS-0108,2025-04-20,2025-06-04,52702.59,45,paid
HIST-003542,CUS-0149,2026-05-15,2026-06-14,45086.33,30,paid
HIST-003543,CUS-0008,2025-04-07,2025-06-06,154729.57,60,paid
HIST-003544,CUS-0081,2025-07-11,2025-08-10,135876.72,30,paid
HIST-003545,CUS-0002,2025-04-23,2025-05-23,19711.7,30,paid
HIST-003546,CUS-0016,2026-04-20,2026-06-04,58611.53,45,paid
HIST-003547,CUS-0042,2025-10-11,2025-11-10,58194.48,30,paid
HIST-003548,CUS-0084,2026-05-17,2026-06-16,88964.05,30,paid
HIST-003549,CUS-0106,2026-02-04,2026-03-06,107489.86,30,paid
HIST-003550,CUS-0148,2026-03-27,2026-04-26,10578.41,30,paid
HIST-003551,CUS-0138,2026-02-15,2026-04-01,14160.34,45,paid
HIST-003552,CUS-0081,2026-01-24,2026-03-10,25982.26,45,paid
HIST-003553,CUS-0101,2025-08-14,2025-09-28,32143.91,45,paid
HIST-003554,CUS-0008,2026-01-11,2026-02-10,21719.86,30,paid
HIST-003555,CUS-0003,2025-09-10,2025-10-10,16500.53,30,paid
HIST-003556,CUS-0008,2025-08-01,2025-09-15,134887.98,45,paid
HIST-003557,CUS-0157,2025-05-26,2025-07-10,28425.89,45,paid
HIST-003558,CUS-0094,2026-02-09,2026-03-26,72020.95,45,paid
HIST-003559,CUS-0069,2025-10-04,2025-12-03,82101.26,60,paid
HIST-003560,CUS-0085,2026-02-12,2026-03-14,64203.12,30,paid
HIST-003561,CUS-0089,2025-08-17,2025-09-16,109446.85,30,paid
HIST-003562,CUS-0083,2026-05-14,2026-06-13,38481.95,30,paid
HIST-003563,CUS-0063,2025-12-31,2026-02-14,30770.54,45,paid
HIST-003564,CUS-0035,2025-10-10,2025-11-09,119582.34,30,paid
HIST-003565,CUS-0044,2025-08-09,2025-09-08,17720.75,30,paid
HIST-003566,CUS-0149,2025-11-05,2025-12-05,21249.74,30,paid
HIST-003567,CUS-0015,2025-03-27,2025-04-11,22434.35,15,paid
HIST-003568,CUS-0026,2025-06-28,2025-08-27,34422.14,60,paid
HIST-003569,CUS-0141,2025-06-25,2025-08-24,29002.47,60,paid
HIST-003570,CUS-0076,2025-05-22,2025-07-21,48612.14,60,paid
HIST-003571,CUS-0060,2025-09-03,2025-10-03,80636.23,30,paid
HIST-003572,CUS-0107,2025-11-16,2025-12-16,14460.28,30,paid
HIST-003573,CUS-0026,2025-08-06,2025-10-05,30496.8,60,paid
HIST-003574,CUS-0087,2025-06-10,2025-07-25,50836.42,45,paid
HIST-003575,CUS-0010,2025-11-05,2025-11-20,22037.69,15,paid
HIST-003576,CUS-0008,2025-07-08,2025-09-06,49842.68,60,paid
HIST-003577,CUS-0109,2025-07-25,2025-09-08,79823.19,45,paid
HIST-003578,CUS-0008,2026-03-18,2026-05-02,49378.37,45,paid
HIST-003579,CUS-0104,2026-01-17,2026-02-01,37948.4,15,paid
HIST-003580,CUS-0010,2026-04-08,2026-05-23,14333.42,45,paid
HIST-003581,CUS-0063,2025-04-30,2025-05-30,43952.72,30,paid
HIST-003582,CUS-0150,2025-06-25,2025-07-25,172268.97,30,paid
HIST-003583,CUS-0121,2026-03-19,2026-05-18,96517.8,60,paid
HIST-003584,CUS-0078,2026-02-14,2026-03-16,169734.77,30,paid
HIST-003585,CUS-0152,2025-09-24,2025-11-08,232658.59,45,paid
HIST-003586,CUS-0081,2026-02-04,2026-03-21,31083.58,45,paid
HIST-003587,CUS-0104,2025-10-09,2025-11-08,160037.82,30,paid
HIST-003588,CUS-0131,2026-02-16,2026-03-18,57100.01,30,paid
HIST-003589,CUS-0068,2025-11-15,2025-12-15,36433.43,30,paid
HIST-003590,CUS-0149,2025-07-19,2025-08-18,118927.74,30,paid
HIST-003591,CUS-0040,2025-11-03,2025-12-03,15424.09,30,paid
HIST-003592,CUS-0039,2025-04-07,2025-05-22,70638.6,45,paid
HIST-003593,CUS-0090,2025-03-16,2025-03-31,94427.97,15,paid
HIST-003594,CUS-0065,2025-07-27,2025-08-26,20797.24,30,paid
HIST-003595,CUS-0157,2025-10-18,2025-12-02,24162.04,45,paid
HIST-003596,CUS-0014,2025-04-03,2025-05-03,52510.92,30,paid
HIST-003597,CUS-0123,2026-02-15,2026-04-01,105667.1,45,paid
HIST-003598,CUS-0094,2025-12-13,2026-01-12,19092.29,30,paid
HIST-003599,CUS-0060,2025-09-10,2025-11-09,27407.52,60,paid
HIST-003600,CUS-0018,2026-03-11,2026-04-10,36177.95,30,paid
HIST-003601,CUS-0040,2025-11-14,2026-01-13,15776.75,60,paid
HIST-003602,CUS-0139,2025-12-22,2026-01-21,18800.52,30,paid
HIST-003603,CUS-0081,2025-12-07,2026-01-06,9717.93,30,paid
HIST-003604,CUS-0072,2025-03-13,2025-04-12,35309.84,30,paid
HIST-003605,CUS-0158,2025-12-07,2026-01-06,43929.95,30,paid
HIST-003606,CUS-0157,2025-12-31,2026-01-30,18570.83,30,paid
HIST-003607,CUS-0077,2025-12-07,2026-01-06,22261.47,30,paid
HIST-003608,CUS-0065,2026-05-22,2026-07-21,122846.91,60,paid
HIST-003609,CUS-0084,2025-04-09,2025-05-24,16123.16,45,paid
HIST-003610,CUS-0076,2026-04-22,2026-06-06,18483.62,45,paid
HIST-003611,CUS-0147,2025-06-11,2025-07-26,22497.9,45,paid
HIST-003612,CUS-0157,2025-04-10,2025-06-09,22021.86,60,paid
HIST-003613,CUS-0014,2025-11-08,2025-12-08,36949.58,30,paid
HIST-003614,CUS-0117,2026-04-10,2026-05-10,37012.35,30,paid
HIST-003615,CUS-0158,2026-05-02,2026-06-01,80001.53,30,paid
HIST-003616,CUS-0063,2025-07-06,2025-08-05,48264.82,30,paid
HIST-003617,CUS-0040,2025-04-30,2025-05-30,22464.73,30,paid
HIST-003618,CUS-0093,2026-05-05,2026-06-19,24648.05,45,paid
HIST-003619,CUS-0069,2025-07-20,2025-08-19,49020.53,30,paid
HIST-003620,CUS-0082,2025-07-12,2025-08-11,32655.8,30,paid
HIST-003621,CUS-0014,2025-12-17,2026-01-31,47185.82,45,paid
HIST-003622,CUS-0125,2026-01-18,2026-02-17,34479.91,30,paid
HIST-003623,CUS-0010,2025-08-22,2025-10-06,16536.85,45,paid
HIST-003624,CUS-0061,2025-12-09,2026-01-23,132361.1,45,paid
HIST-003625,CUS-0037,2025-08-09,2025-09-08,37515.17,30,paid
HIST-003626,CUS-0040,2025-12-18,2026-02-16,67137.77,60,paid
HIST-003627,CUS-0061,2025-08-19,2025-10-03,22061.64,45,paid
HIST-003628,CUS-0157,2025-09-05,2025-10-05,58634.35,30,paid
HIST-003629,CUS-0115,2025-07-17,2025-08-16,255116.7,30,paid
HIST-003630,CUS-0010,2025-09-01,2025-10-16,4567.63,45,paid
HIST-003631,CUS-0022,2026-04-11,2026-05-26,30473.21,45,paid
HIST-003632,CUS-0030,2025-06-03,2025-07-03,94895.07,30,paid
HIST-003633,CUS-0111,2025-04-29,2025-06-13,40650.88,45,paid
HIST-003634,CUS-0060,2026-03-06,2026-04-20,18180.46,45,paid
HIST-003635,CUS-0124,2026-05-15,2026-06-14,38778.7,30,paid
HIST-003636,CUS-0012,2025-12-18,2026-01-17,70082.99,30,paid
HIST-003637,CUS-0152,2026-05-14,2026-06-13,14433.39,30,paid
HIST-003638,CUS-0078,2025-11-02,2025-12-02,13367.02,30,paid
HIST-003639,CUS-0095,2025-12-12,2025-12-27,70349.76,15,paid
HIST-003640,CUS-0149,2026-03-28,2026-05-27,69616.59,60,paid
HIST-003641,CUS-0097,2025-05-26,2025-06-25,30952.96,30,paid
HIST-003642,CUS-0040,2026-01-06,2026-02-05,28254.89,30,paid
HIST-003643,CUS-0132,2025-08-19,2025-09-18,61151.33,30,paid
HIST-003644,CUS-0008,2026-05-01,2026-06-15,47020.13,45,paid
HIST-003645,CUS-0157,2025-10-10,2025-12-09,95681.01,60,paid
HIST-003646,CUS-0014,2025-12-13,2026-02-11,100947.18,60,paid
HIST-003647,CUS-0011,2025-05-16,2025-07-15,16205.06,60,paid
HIST-003648,CUS-0118,2026-02-11,2026-02-26,51759.67,15,paid
HIST-003649,CUS-0095,2026-03-14,2026-05-13,41718.78,60,paid
HIST-003650,CUS-0114,2026-02-20,2026-03-22,67264.04,30,paid
HIST-003651,CUS-0085,2025-03-25,2025-05-09,79966.27,45,paid
HIST-003652,CUS-0134,2025-04-07,2025-06-06,67226.45,60,paid
HIST-003653,CUS-0066,2025-10-22,2025-11-21,25143.71,30,paid
HIST-003654,CUS-0034,2025-03-19,2025-05-03,36075.23,45,paid
HIST-003655,CUS-0122,2026-02-13,2026-03-30,103887.85,45,paid
HIST-003656,CUS-0030,2026-05-11,2026-06-10,13255.77,30,paid
HIST-003657,CUS-0101,2026-01-03,2026-02-17,52474.07,45,paid
HIST-003658,CUS-0009,2025-10-04,2025-11-03,11358.29,30,paid
HIST-003659,CUS-0004,2025-12-29,2026-01-28,95467.68,30,paid
HIST-003660,CUS-0133,2026-04-30,2026-06-29,51477.67,60,paid
HIST-003661,CUS-0005,2026-06-01,2026-07-01,125901.86,30,paid
HIST-003662,CUS-0010,2025-07-12,2025-08-11,30338.42,30,paid
HIST-003663,CUS-0087,2025-09-27,2025-11-26,50876.61,60,paid
HIST-003664,CUS-0113,2025-05-19,2025-07-03,35725.03,45,paid
HIST-003665,CUS-0017,2025-05-08,2025-07-07,54501.91,60,paid
HIST-003666,CUS-0120,2025-05-07,2025-06-21,15649.32,45,paid
HIST-003667,CUS-0101,2026-01-25,2026-02-24,13570.79,30,paid
HIST-003668,CUS-0084,2025-12-19,2026-01-03,57678.92,15,paid
HIST-003669,CUS-0154,2025-11-10,2025-12-25,29076.38,45,paid
HIST-003670,CUS-0051,2026-03-27,2026-04-26,65786.03,30,paid
HIST-003671,CUS-0039,2026-01-09,2026-02-23,14516.62,45,paid
HIST-003672,CUS-0017,2025-11-05,2026-01-04,13659.12,60,paid
HIST-003673,CUS-0002,2025-03-14,2025-04-13,21475.62,30,paid
HIST-003674,CUS-0023,2026-01-18,2026-02-17,25062.62,30,paid
HIST-003675,CUS-0084,2026-04-08,2026-05-23,40201.73,45,paid
HIST-003676,CUS-0039,2026-03-11,2026-04-10,50594.85,30,paid
HIST-003677,CUS-0059,2025-12-30,2026-02-13,58893.48,45,paid
HIST-003678,CUS-0101,2025-11-25,2025-12-10,31444.78,15,paid
HIST-003679,CUS-0156,2026-05-02,2026-06-01,25847.58,30,paid
HIST-003680,CUS-0038,2026-04-11,2026-05-11,55735.51,30,paid
HIST-003681,CUS-0083,2025-11-23,2026-01-07,26162.78,45,paid
HIST-003682,CUS-0053,2026-04-07,2026-05-07,45604.18,30,paid
HIST-003683,CUS-0146,2025-05-21,2025-06-20,15614.95,30,paid
HIST-003684,CUS-0032,2025-09-08,2025-09-23,37463.46,15,paid
HIST-003685,CUS-0020,2026-03-23,2026-04-22,56783.35,30,paid
HIST-003686,CUS-0135,2026-02-04,2026-03-06,59037.69,30,paid
HIST-003687,CUS-0054,2026-04-20,2026-05-20,45798.78,30,paid
HIST-003688,CUS-0115,2025-07-09,2025-08-08,37998.68,30,paid
HIST-003689,CUS-0149,2026-01-01,2026-01-31,167916.27,30,paid
HIST-003690,CUS-0122,2026-05-21,2026-06-05,21917.65,15,paid
HIST-003691,CUS-0040,2025-05-12,2025-06-26,91343.65,45,paid
HIST-003692,CUS-0030,2025-08-24,2025-09-23,85514.56,30,paid
HIST-003693,CUS-0106,2026-03-03,2026-04-17,16539.62,45,paid
HIST-003694,CUS-0027,2025-07-29,2025-09-12,23611.43,45,paid
HIST-003695,CUS-0158,2025-09-03,2025-10-03,43971.12,30,paid
HIST-003696,CUS-0132,2026-01-15,2026-02-14,33810.61,30,paid
HIST-003697,CUS-0093,2025-12-10,2026-01-24,36288.95,45,paid
HIST-003698,CUS-0071,2025-10-01,2025-11-15,28076.03,45,paid
HIST-003699,CUS-0074,2025-12-06,2026-01-20,76228.69,45,paid
HIST-003700,CUS-0084,2025-10-07,2025-11-21,23623.3,45,paid
HIST-003701,CUS-0099,2026-01-11,2026-02-10,21232.57,30,paid
HIST-003702,CUS-0083,2025-04-13,2025-05-13,189849.43,30,paid
HIST-003703,CUS-0033,2025-07-16,2025-08-30,66414.7,45,paid
HIST-003704,CUS-0143,2025-07-12,2025-08-11,7474.01,30,paid
HIST-003705,CUS-0021,2026-04-12,2026-05-27,18685.15,45,paid
HIST-003706,CUS-0034,2025-09-23,2025-11-07,96190.71,45,paid
HIST-003707,CUS-0073,2025-08-07,2025-09-21,34730.51,45,paid
HIST-003708,CUS-0074,2026-02-07,2026-03-24,128755.54,45,paid
HIST-003709,CUS-0113,2025-05-31,2025-07-30,23077.77,60,paid
HIST-003710,CUS-0048,2025-06-21,2025-07-21,81668.94,30,paid
HIST-003711,CUS-0026,2026-04-28,2026-06-27,33341.43,60,paid
HIST-003712,CUS-0092,2026-04-27,2026-06-11,105230.31,45,paid
HIST-003713,CUS-0006,2026-03-03,2026-04-02,46015.41,30,paid
HIST-003714,CUS-0107,2025-10-06,2025-11-05,40157.27,30,paid
HIST-003715,CUS-0111,2025-06-10,2025-07-10,19682.4,30,paid
HIST-003716,CUS-0067,2025-04-25,2025-05-25,16975.41,30,paid
HIST-003717,CUS-0024,2025-10-22,2025-12-06,21097.97,45,paid
HIST-003718,CUS-0061,2025-08-28,2025-09-12,82329.58,15,paid
HIST-003719,CUS-0118,2026-03-21,2026-04-05,28845.61,15,paid
HIST-003720,CUS-0084,2025-11-01,2025-12-16,27546.39,45,paid
HIST-003721,CUS-0103,2026-05-07,2026-06-06,88338.27,30,paid
HIST-003722,CUS-0069,2026-02-19,2026-03-21,19414.54,30,paid
HIST-003723,CUS-0055,2026-03-09,2026-04-08,39109.47,30,paid
HIST-003724,CUS-0095,2025-10-04,2025-12-03,87862.54,60,paid
HIST-003725,CUS-0106,2025-12-05,2026-01-04,243598.28,30,paid
HIST-003726,CUS-0021,2025-04-15,2025-06-14,46451.59,60,paid
HIST-003727,CUS-0071,2026-04-21,2026-06-05,141488.48,45,paid
HIST-003728,CUS-0008,2025-07-15,2025-08-29,28248.49,45,paid
HIST-003729,CUS-0137,2026-02-07,2026-03-24,87377.01,45,paid
HIST-003730,CUS-0013,2025-12-01,2025-12-31,338490.12,30,paid
HIST-003731,CUS-0112,2025-10-14,2025-11-13,46083.94,30,paid
HIST-003732,CUS-0090,2025-09-17,2025-10-17,38693.08,30,paid
HIST-003733,CUS-0049,2026-02-05,2026-03-07,21757.98,30,paid
HIST-003734,CUS-0078,2025-09-26,2025-10-26,36581.2,30,paid
HIST-003735,CUS-0120,2025-08-03,2025-09-02,65094.51,30,paid
HIST-003736,CUS-0013,2025-04-03,2025-05-18,18827.37,45,paid
HIST-003737,CUS-0066,2026-02-23,2026-03-10,117996.54,15,paid
HIST-003738,CUS-0007,2025-05-03,2025-05-18,127933.98,15,paid
HIST-003739,CUS-0067,2025-12-25,2026-01-24,18618.31,30,paid
HIST-003740,CUS-0054,2025-10-07,2025-10-22,37532.86,15,paid
HIST-003741,CUS-0095,2026-02-23,2026-03-25,24280.25,30,paid
HIST-003742,CUS-0066,2025-05-18,2025-07-02,45814.71,45,paid
HIST-003743,CUS-0033,2025-06-08,2025-07-08,295880.3,30,paid
HIST-003744,CUS-0084,2025-09-20,2025-10-20,49436.01,30,paid
HIST-003745,CUS-0126,2025-06-01,2025-07-01,45621.26,30,paid
HIST-003746,CUS-0018,2026-04-23,2026-06-07,21254.24,45,paid
HIST-003747,CUS-0028,2026-04-25,2026-05-10,10326.29,15,paid
HIST-003748,CUS-0086,2025-10-05,2025-11-04,33486.51,30,paid
HIST-003749,CUS-0021,2026-03-14,2026-04-13,116409.62,30,paid
HIST-003750,CUS-0008,2025-04-03,2025-05-18,120791.8,45,paid
HIST-003751,CUS-0097,2025-11-17,2026-01-01,117967.72,45,paid
HIST-003752,CUS-0080,2025-05-19,2025-07-03,47931.06,45,paid
HIST-003753,CUS-0065,2025-03-15,2025-05-14,52728.58,60,paid
HIST-003754,CUS-0072,2026-04-14,2026-05-14,74467.32,30,paid
HIST-003755,CUS-0009,2026-05-20,2026-06-19,32012.34,30,paid
HIST-003756,CUS-0088,2025-10-09,2025-11-08,37349.97,30,paid
HIST-003757,CUS-0015,2026-02-27,2026-03-29,55781.56,30,paid
HIST-003758,CUS-0133,2025-12-18,2026-01-17,36386.4,30,paid
HIST-003759,CUS-0090,2026-05-27,2026-06-26,16682.18,30,paid
HIST-003760,CUS-0107,2026-06-01,2026-07-01,24823.51,30,paid
HIST-003761,CUS-0073,2025-09-09,2025-10-09,12502.03,30,paid
HIST-003762,CUS-0034,2025-11-13,2025-12-28,73965.55,45,paid
HIST-003763,CUS-0007,2025-09-30,2025-10-30,162373.68,30,paid
HIST-003764,CUS-0054,2025-10-25,2025-11-09,41189.64,15,paid
HIST-003765,CUS-0040,2025-04-03,2025-05-03,42530.46,30,paid
HIST-003766,CUS-0079,2025-09-01,2025-10-01,23366.5,30,paid
HIST-003767,CUS-0001,2025-04-26,2025-05-26,49478.55,30,paid
HIST-003768,CUS-0135,2025-03-21,2025-05-05,43774.13,45,paid
HIST-003769,CUS-0046,2025-05-06,2025-07-05,12545.05,60,paid
HIST-003770,CUS-0014,2025-08-21,2025-09-20,57216.08,30,paid
HIST-003771,CUS-0010,2026-01-30,2026-03-01,12281.32,30,paid
HIST-003772,CUS-0097,2025-12-08,2026-01-07,105986.96,30,paid
HIST-003773,CUS-0026,2026-05-26,2026-06-25,30205.1,30,paid
HIST-003774,CUS-0055,2025-08-13,2025-09-12,11968.08,30,paid
HIST-003775,CUS-0144,2025-07-25,2025-09-08,134206.66,45,paid
HIST-003776,CUS-0017,2026-02-20,2026-04-06,40191.79,45,paid
HIST-003777,CUS-0028,2025-04-19,2025-06-03,68886.36,45,paid
HIST-003778,CUS-0037,2025-09-24,2025-10-24,33228.58,30,paid
HIST-003779,CUS-0135,2025-07-06,2025-08-05,103100.73,30,paid
HIST-003780,CUS-0097,2026-03-11,2026-05-10,38604.87,60,paid
HIST-003781,CUS-0017,2026-05-14,2026-05-29,90837.19,15,paid
HIST-003782,CUS-0025,2025-10-04,2025-11-18,25666.57,45,paid
HIST-003783,CUS-0101,2025-11-06,2025-12-06,57599.22,30,paid
HIST-003784,CUS-0008,2026-03-10,2026-05-09,67963.35,60,paid
HIST-003785,CUS-0107,2025-11-26,2026-01-25,9444.05,60,paid
HIST-003786,CUS-0127,2025-04-13,2025-05-13,63345.6,30,paid
HIST-003787,CUS-0145,2025-11-21,2026-01-20,172789.83,60,paid
HIST-003788,CUS-0019,2025-09-15,2025-10-15,18158.47,30,paid
HIST-003789,CUS-0055,2025-08-03,2025-09-02,95651.1,30,paid
HIST-003790,CUS-0028,2026-01-10,2026-02-09,25819.1,30,paid
HIST-003791,CUS-0071,2025-06-24,2025-08-08,19467.25,45,paid
HIST-003792,CUS-0005,2025-08-07,2025-09-06,65040.76,30,paid
HIST-003793,CUS-0097,2025-05-11,2025-06-10,15257.33,30,paid
HIST-003794,CUS-0037,2025-07-22,2025-08-21,41213.76,30,paid
HIST-003795,CUS-0010,2025-12-14,2026-01-13,38623.65,30,paid
HIST-003796,CUS-0016,2025-05-01,2025-06-15,163735.5,45,paid
HIST-003797,CUS-0061,2026-05-14,2026-06-13,13128.35,30,paid
HIST-003798,CUS-0042,2026-03-30,2026-05-14,93570.62,45,paid
HIST-003799,CUS-0067,2025-10-10,2025-10-25,35525.84,15,paid
HIST-003800,CUS-0006,2026-04-03,2026-05-03,24532.77,30,paid
HIST-003801,CUS-0080,2025-05-10,2025-06-09,44869.36,30,paid
HIST-003802,CUS-0053,2025-03-16,2025-04-15,11927.44,30,paid
HIST-003803,CUS-0040,2026-05-22,2026-06-21,17069.01,30,paid
HIST-003804,CUS-0107,2025-04-02,2025-06-01,52021.44,60,paid
HIST-003805,CUS-0103,2025-07-13,2025-08-27,70546.74,45,paid
HIST-003806,CUS-0030,2025-04-26,2025-05-26,34620.87,30,paid
HIST-003807,CUS-0046,2025-07-06,2025-08-20,84130.63,45,paid
HIST-003808,CUS-0006,2025-09-19,2025-10-19,15933.9,30,paid
HIST-003809,CUS-0001,2025-08-19,2025-09-18,218606.12,30,paid
HIST-003810,CUS-0048,2025-12-31,2026-02-14,20181.62,45,paid
HIST-003811,CUS-0061,2025-12-27,2026-01-26,62431.97,30,paid
HIST-003812,CUS-0140,2025-09-27,2025-10-27,9828.82,30,paid
HIST-003813,CUS-0086,2026-03-30,2026-05-14,64169.59,45,paid
HIST-003814,CUS-0115,2025-03-16,2025-04-30,26467.49,45,paid
HIST-003815,CUS-0012,2025-05-09,2025-07-08,55075.42,60,paid
HIST-003816,CUS-0158,2026-02-04,2026-03-06,21321.59,30,paid
HIST-003817,CUS-0074,2025-05-11,2025-06-10,22499.35,30,paid
HIST-003818,CUS-0030,2025-07-06,2025-07-21,10901.41,15,paid
HIST-003819,CUS-0126,2025-09-12,2025-10-12,24025.5,30,paid
HIST-003820,CUS-0044,2025-10-10,2025-12-09,44261.08,60,paid
HIST-003821,CUS-0067,2026-03-18,2026-04-17,73507.49,30,paid
HIST-003822,CUS-0033,2025-08-11,2025-09-10,23765.58,30,paid
HIST-003823,CUS-0065,2025-08-26,2025-09-10,70134.14,15,paid
HIST-003824,CUS-0006,2026-01-12,2026-03-13,54617.84,60,paid
HIST-003825,CUS-0083,2025-06-05,2025-08-04,35281.74,60,paid
HIST-003826,CUS-0121,2026-05-14,2026-06-28,43696.17,45,paid
HIST-003827,CUS-0154,2026-01-03,2026-02-17,42321.82,45,paid
HIST-003828,CUS-0084,2025-10-12,2025-11-11,50955.89,30,paid
HIST-003829,CUS-0019,2025-11-01,2025-12-16,34018.36,45,paid
HIST-003830,CUS-0039,2025-12-04,2026-02-02,75639.6,60,paid
HIST-003831,CUS-0007,2025-10-18,2025-12-02,52543.57,45,paid
HIST-003832,CUS-0077,2026-03-20,2026-04-19,32841.3,30,paid
HIST-003833,CUS-0032,2025-05-09,2025-06-08,22373.17,30,paid
HIST-003834,CUS-0053,2025-07-05,2025-08-04,12524.34,30,paid
HIST-003835,CUS-0062,2025-07-02,2025-08-01,109491.16,30,paid
HIST-003836,CUS-0008,2025-10-30,2025-11-29,46773.9,30,paid
HIST-003837,CUS-0039,2025-03-25,2025-05-09,51724.02,45,paid
HIST-003838,CUS-0042,2025-07-04,2025-08-03,52209.5,30,paid
HIST-003839,CUS-0101,2025-09-26,2025-10-11,70211.2,15,paid
HIST-003840,CUS-0157,2026-04-30,2026-05-30,65920.4,30,paid
HIST-003841,CUS-0005,2025-07-11,2025-07-26,85289.66,15,paid
HIST-003842,CUS-0117,2025-08-19,2025-09-18,47988.56,30,paid
HIST-003843,CUS-0078,2025-08-27,2025-09-11,15390.66,15,paid
HIST-003844,CUS-0076,2025-09-16,2025-10-16,10394.55,30,paid
HIST-003845,CUS-0102,2026-01-15,2026-02-14,48219.84,30,paid
HIST-003846,CUS-0061,2026-03-29,2026-04-28,4570.42,30,paid
HIST-003847,CUS-0082,2025-10-06,2025-11-05,31024.66,30,paid
HIST-003848,CUS-0013,2026-04-24,2026-05-24,188242.75,30,paid
HIST-003849,CUS-0022,2025-09-28,2025-11-27,101032.3,60,paid
HIST-003850,CUS-0008,2026-03-10,2026-04-09,79882.98,30,paid
HIST-003851,CUS-0057,2025-12-30,2026-01-29,14070.25,30,paid
HIST-003852,CUS-0073,2026-04-22,2026-05-22,57183.72,30,paid
HIST-003853,CUS-0110,2025-05-28,2025-06-27,62685.67,30,paid
HIST-003854,CUS-0065,2025-06-24,2025-07-24,29841.64,30,paid
HIST-003855,CUS-0068,2025-04-06,2025-05-21,13086.93,45,paid
HIST-003856,CUS-0077,2025-03-29,2025-05-13,20675.3,45,paid
HIST-003857,CUS-0039,2026-05-27,2026-07-11,24585.68,45,paid
HIST-003858,CUS-0138,2026-04-06,2026-05-06,8589.4,30,paid
HIST-003859,CUS-0062,2025-06-14,2025-08-13,36109.38,60,paid
HIST-003860,CUS-0157,2025-10-25,2025-11-24,53979.87,30,paid
HIST-003861,CUS-0099,2026-05-15,2026-07-14,28601.57,60,paid
HIST-003862,CUS-0071,2025-05-27,2025-06-26,178816.75,30,paid
HIST-003863,CUS-0064,2025-08-17,2025-09-16,61542.82,30,paid
HIST-003864,CUS-0055,2026-03-02,2026-04-01,32102.92,30,paid
HIST-003865,CUS-0008,2025-10-11,2025-11-25,25870.24,45,paid
HIST-003866,CUS-0006,2025-03-28,2025-05-12,31516.44,45,paid
HIST-003867,CUS-0082,2026-04-19,2026-05-04,55936.2,15,paid
HIST-003868,CUS-0082,2025-04-07,2025-05-07,251332.39,30,paid
HIST-003869,CUS-0116,2026-06-01,2026-07-01,97624.03,30,paid
HIST-003870,CUS-0157,2025-09-20,2025-11-04,117904.43,45,paid
HIST-003871,CUS-0031,2026-05-02,2026-05-17,38307.48,15,paid
HIST-003872,CUS-0084,2026-04-03,2026-05-03,19271.85,30,paid
HIST-003873,CUS-0016,2026-01-07,2026-01-22,20749.27,15,paid
HIST-003874,CUS-0143,2025-12-10,2026-01-09,59161.38,30,paid
HIST-003875,CUS-0055,2025-08-02,2025-09-01,84880.6,30,paid
HIST-003876,CUS-0037,2025-11-25,2025-12-25,169772.68,30,paid
HIST-003877,CUS-0039,2025-03-24,2025-04-23,50968.08,30,paid
HIST-003878,CUS-0051,2026-02-07,2026-03-09,26420.99,30,paid
HIST-003879,CUS-0059,2025-05-29,2025-06-13,36195.57,15,paid
HIST-003880,CUS-0115,2026-04-14,2026-05-14,28879.39,30,paid
HIST-003881,CUS-0024,2026-03-20,2026-05-04,55687.71,45,paid
HIST-003882,CUS-0030,2026-04-02,2026-05-02,128779.09,30,paid
HIST-003883,CUS-0101,2025-06-05,2025-07-05,70267.33,30,paid
HIST-003884,CUS-0033,2025-12-12,2026-01-11,87450.53,30,paid
HIST-003885,CUS-0090,2026-02-20,2026-03-22,19183.87,30,paid
HIST-003886,CUS-0006,2026-02-13,2026-03-15,282551.88,30,paid
HIST-003887,CUS-0057,2025-12-04,2026-02-02,42048.52,60,paid
HIST-003888,CUS-0013,2025-10-05,2025-10-20,25983.39,15,paid
HIST-003889,CUS-0026,2025-06-10,2025-07-10,25442.22,30,paid
HIST-003890,CUS-0103,2025-07-12,2025-08-11,39204.06,30,paid
HIST-003891,CUS-0062,2025-11-08,2025-11-23,46821.55,15,paid
HIST-003892,CUS-0065,2026-01-08,2026-01-23,145291.76,15,paid
HIST-003893,CUS-0138,2025-04-16,2025-05-31,204357.55,45,paid
HIST-003894,CUS-0048,2025-06-26,2025-07-26,43913.48,30,paid
HIST-003895,CUS-0005,2025-12-29,2026-01-28,92708.56,30,paid
HIST-003896,CUS-0120,2025-09-09,2025-10-09,11936.73,30,paid
HIST-003897,CUS-0046,2026-05-12,2026-06-26,57296.68,45,paid
HIST-003898,CUS-0008,2025-10-12,2025-11-26,43965.94,45,paid
HIST-003899,CUS-0130,2025-10-17,2025-11-16,13573.57,30,paid
HIST-003900,CUS-0142,2025-07-09,2025-08-23,75399.46,45,paid
HIST-003901,CUS-0042,2025-04-05,2025-04-20,16943.9,15,paid
HIST-003902,CUS-0001,2025-03-24,2025-05-23,72765.99,60,paid
HIST-003903,CUS-0141,2025-11-15,2025-12-15,118159.62,30,paid
HIST-003904,CUS-0149,2025-11-04,2025-12-04,13581.18,30,paid
HIST-003905,CUS-0039,2025-04-07,2025-05-22,57745.23,45,paid
HIST-003906,CUS-0030,2025-12-14,2026-02-12,21048.91,60,paid
HIST-003907,CUS-0074,2025-10-17,2025-11-16,17402.36,30,paid
HIST-003908,CUS-0028,2026-04-29,2026-05-29,7394.43,30,paid
HIST-003909,CUS-0072,2025-08-21,2025-09-20,86446.0,30,paid
HIST-003910,CUS-0048,2026-01-09,2026-02-08,24625.29,30,paid
HIST-003911,CUS-0154,2025-03-14,2025-04-28,14133.47,45,paid
HIST-003912,CUS-0010,2025-12-20,2026-01-19,39396.16,30,paid
HIST-003913,CUS-0010,2025-04-01,2025-05-16,47278.63,45,paid
HIST-003914,CUS-0104,2025-11-06,2025-12-21,66377.57,45,paid
HIST-003915,CUS-0054,2025-03-27,2025-04-11,11633.6,15,paid
HIST-003916,CUS-0099,2025-09-19,2025-11-18,25937.07,60,paid
HIST-003917,CUS-0045,2025-10-06,2025-11-05,11625.88,30,paid
HIST-003918,CUS-0115,2025-06-29,2025-07-29,45657.73,30,paid
HIST-003919,CUS-0061,2025-11-02,2025-12-02,43051.61,30,paid
HIST-003920,CUS-0095,2025-04-16,2025-05-31,10185.56,45,paid
HIST-003921,CUS-0078,2025-10-08,2025-12-07,232048.34,60,paid
HIST-003922,CUS-0021,2025-11-27,2025-12-27,91345.74,30,paid
HIST-003923,CUS-0102,2025-04-28,2025-05-28,67757.77,30,paid
HIST-003924,CUS-0033,2025-07-05,2025-08-04,41966.79,30,paid
HIST-003925,CUS-0074,2026-05-10,2026-07-09,41028.04,60,paid
HIST-003926,CUS-0026,2025-07-27,2025-08-26,19226.81,30,paid
HIST-003927,CUS-0029,2026-02-10,2026-03-12,38254.52,30,paid
HIST-003928,CUS-0024,2025-09-15,2025-10-15,62999.74,30,paid
HIST-003929,CUS-0015,2025-05-31,2025-07-15,38612.81,45,paid
HIST-003930,CUS-0007,2025-08-01,2025-09-30,114290.43,60,paid
HIST-003931,CUS-0153,2025-07-29,2025-08-28,43090.53,30,paid
HIST-003932,CUS-0008,2025-11-28,2026-01-27,38011.92,60,paid
HIST-003933,CUS-0081,2025-11-25,2025-12-25,71224.4,30,paid
HIST-003934,CUS-0034,2025-11-03,2025-12-03,27855.27,30,paid
HIST-003935,CUS-0008,2025-03-13,2025-04-12,72976.98,30,paid
HIST-003936,CUS-0005,2025-05-12,2025-06-11,19070.61,30,paid
HIST-003937,CUS-0059,2026-01-23,2026-02-22,34071.19,30,paid
HIST-003938,CUS-0116,2026-05-07,2026-06-06,98369.68,30,paid
HIST-003939,CUS-0005,2025-12-10,2026-01-09,25408.12,30,paid
HIST-003940,CUS-0078,2026-05-03,2026-07-02,13025.99,60,paid
HIST-003941,CUS-0077,2025-06-18,2025-08-02,27747.04,45,paid
HIST-003942,CUS-0103,2025-05-19,2025-06-18,8715.02,30,paid
HIST-003943,CUS-0038,2026-03-15,2026-04-14,32212.56,30,paid
HIST-003944,CUS-0111,2026-03-06,2026-05-05,69883.08,60,paid
HIST-003945,CUS-0069,2025-08-13,2025-10-12,15155.76,60,paid
HIST-003946,CUS-0056,2025-05-05,2025-06-04,82539.34,30,paid
HIST-003947,CUS-0026,2025-07-06,2025-08-05,73966.26,30,paid
HIST-003948,CUS-0022,2025-10-18,2025-12-02,33999.64,45,paid
HIST-003949,CUS-0075,2025-08-22,2025-10-06,12997.13,45,paid
HIST-003950,CUS-0107,2026-01-24,2026-03-10,12797.21,45,paid
HIST-003951,CUS-0061,2025-09-16,2025-10-31,45591.83,45,paid
HIST-003952,CUS-0071,2025-04-10,2025-05-25,15041.93,45,paid
HIST-003953,CUS-0006,2026-05-31,2026-06-30,20903.29,30,paid
HIST-003954,CUS-0096,2026-03-04,2026-04-03,28682.38,30,paid
HIST-003955,CUS-0002,2026-01-29,2026-03-15,65177.24,45,paid
HIST-003956,CUS-0039,2026-01-25,2026-02-24,4643.78,30,paid
HIST-003957,CUS-0033,2025-03-29,2025-05-13,151183.68,45,paid
HIST-003958,CUS-0147,2025-08-24,2025-10-08,71163.01,45,paid
HIST-003959,CUS-0065,2025-11-23,2026-01-07,35266.47,45,paid
HIST-003960,CUS-0001,2025-04-21,2025-05-21,77842.75,30,paid
HIST-003961,CUS-0008,2026-05-20,2026-07-04,29288.92,45,paid
HIST-003962,CUS-0046,2025-06-02,2025-07-17,26323.9,45,paid
HIST-003963,CUS-0090,2026-01-29,2026-02-28,40277.74,30,paid
HIST-003964,CUS-0159,2025-09-24,2025-11-08,51481.61,45,paid
HIST-003965,CUS-0132,2025-09-14,2025-09-29,24423.06,15,paid
HIST-003966,CUS-0115,2025-09-11,2025-10-11,35701.78,30,paid
HIST-003967,CUS-0029,2026-01-29,2026-02-28,73967.58,30,paid
HIST-003968,CUS-0095,2026-05-03,2026-06-02,57696.72,30,paid
HIST-003969,CUS-0025,2025-08-27,2025-09-26,16755.26,30,paid
HIST-003970,CUS-0136,2025-07-11,2025-07-26,27679.87,15,paid
HIST-003971,CUS-0072,2026-04-26,2026-06-10,107485.57,45,paid
HIST-003972,CUS-0003,2025-09-03,2025-10-18,22320.93,45,paid
HIST-003973,CUS-0037,2026-06-01,2026-07-01,103440.39,30,paid
HIST-003974,CUS-0042,2025-07-19,2025-08-03,326769.95,15,paid
HIST-003975,CUS-0107,2025-05-09,2025-06-08,28821.46,30,paid
HIST-003976,CUS-0022,2026-03-25,2026-04-24,27051.06,30,paid
HIST-003977,CUS-0079,2025-08-11,2025-09-10,15635.81,30,paid
HIST-003978,CUS-0008,2025-12-06,2026-01-05,94496.35,30,paid
HIST-003979,CUS-0058,2025-12-26,2026-02-09,5776.02,45,paid
HIST-003980,CUS-0094,2026-02-28,2026-04-14,70183.41,45,paid
HIST-003981,CUS-0149,2025-04-05,2025-05-20,49319.02,45,paid
HIST-003982,CUS-0081,2025-09-12,2025-11-11,16241.74,60,paid
HIST-003983,CUS-0008,2025-09-10,2025-10-10,38776.72,30,paid
HIST-003984,CUS-0084,2025-07-12,2025-08-26,69978.46,45,paid
HIST-003985,CUS-0049,2025-09-12,2025-10-12,44434.2,30,paid
HIST-003986,CUS-0040,2025-10-10,2025-11-24,134226.02,45,paid
HIST-003987,CUS-0131,2025-04-20,2025-06-04,20855.64,45,paid
HIST-003988,CUS-0096,2025-06-17,2025-07-17,18587.43,30,paid
HIST-003989,CUS-0130,2025-06-14,2025-07-29,17589.13,45,paid
HIST-003990,CUS-0116,2025-10-31,2025-12-15,91378.73,45,paid
HIST-003991,CUS-0011,2025-10-19,2025-12-18,20653.43,60,paid
HIST-003992,CUS-0064,2025-11-06,2025-12-06,24683.82,30,paid
HIST-003993,CUS-0030,2025-05-19,2025-06-18,24572.47,30,paid
HIST-003994,CUS-0115,2026-02-07,2026-04-08,53691.47,60,paid
HIST-003995,CUS-0006,2026-01-29,2026-02-13,16391.94,15,paid
HIST-003996,CUS-0058,2026-03-15,2026-04-29,11206.7,45,paid
HIST-003997,CUS-0010,2025-06-11,2025-07-11,39936.15,30,paid
HIST-003998,CUS-0082,2025-04-06,2025-05-21,26917.81,45,paid
HIST-003999,CUS-0064,2025-12-13,2026-01-27,9690.85,45,paid
HIST-004000,CUS-0001,2025-10-11,2025-11-25,30676.14,45,paid
HIST-004001,CUS-0110,2026-03-19,2026-04-18,77063.78,30,paid
HIST-004002,CUS-0083,2025-07-10,2025-08-24,16412.39,45,paid
HIST-004003,CUS-0102,2026-02-26,2026-04-12,26236.66,45,paid
HIST-004004,CUS-0159,2025-12-19,2026-02-02,58635.22,45,paid
HIST-004005,CUS-0005,2025-10-29,2025-11-28,33378.2,30,paid
HIST-004006,CUS-0106,2026-05-08,2026-06-07,115552.43,30,paid
HIST-004007,CUS-0143,2026-05-27,2026-06-26,58979.59,30,paid
HIST-004008,CUS-0031,2025-10-04,2025-10-19,51093.82,15,paid
HIST-004009,CUS-0024,2025-05-07,2025-06-06,21708.0,30,paid
HIST-004010,CUS-0024,2025-12-23,2026-01-22,21166.31,30,paid
HIST-004011,CUS-0138,2025-04-03,2025-05-03,33592.45,30,paid
HIST-004012,CUS-0042,2026-05-22,2026-06-21,28891.3,30,paid
HIST-004013,CUS-0122,2025-11-11,2025-12-11,55413.0,30,paid
HIST-004014,CUS-0015,2025-10-23,2025-12-07,132466.34,45,paid
HIST-004015,CUS-0093,2025-05-17,2025-06-16,48875.76,30,paid
HIST-004016,CUS-0103,2025-07-16,2025-08-15,12818.75,30,paid
HIST-004017,CUS-0107,2025-04-22,2025-05-22,39194.22,30,paid
HIST-004018,CUS-0072,2025-10-05,2025-11-04,15185.82,30,paid
HIST-004019,CUS-0006,2025-05-03,2025-06-17,70236.91,45,paid
HIST-004020,CUS-0152,2025-06-30,2025-07-30,35274.26,30,paid
HIST-004021,CUS-0095,2025-06-06,2025-07-06,45912.78,30,paid
HIST-004022,CUS-0134,2025-03-20,2025-05-04,26406.3,45,paid
HIST-004023,CUS-0100,2026-01-01,2026-01-16,43339.78,15,paid
HIST-004024,CUS-0046,2025-06-15,2025-07-15,19165.42,30,paid
HIST-004025,CUS-0062,2026-01-02,2026-03-03,83508.27,60,paid
HIST-004026,CUS-0068,2026-05-07,2026-06-06,12201.27,30,paid
HIST-004027,CUS-0139,2026-05-14,2026-05-29,70958.4,15,paid
HIST-004028,CUS-0009,2025-03-28,2025-04-27,58276.76,30,paid
HIST-004029,CUS-0056,2026-01-27,2026-03-13,33042.39,45,paid
HIST-004030,CUS-0106,2025-09-14,2025-09-29,37366.58,15,paid
HIST-004031,CUS-0005,2025-10-07,2025-11-21,66329.08,45,paid
HIST-004032,CUS-0015,2025-03-21,2025-04-20,29238.73,30,paid
HIST-004033,CUS-0043,2025-07-29,2025-08-28,29538.65,30,paid
HIST-004034,CUS-0010,2026-04-28,2026-05-28,114922.4,30,paid
HIST-004035,CUS-0065,2025-09-28,2025-10-28,41181.17,30,paid
HIST-004036,CUS-0047,2026-05-08,2026-06-07,26958.13,30,paid
HIST-004037,CUS-0072,2026-05-30,2026-07-14,25386.67,45,paid
HIST-004038,CUS-0033,2025-06-27,2025-08-26,39001.72,60,paid
HIST-004039,CUS-0133,2025-08-26,2025-09-25,31103.25,30,paid
HIST-004040,CUS-0042,2025-11-06,2025-12-21,41011.98,45,paid
HIST-004041,CUS-0063,2025-05-21,2025-06-20,145148.22,30,paid
HIST-004042,CUS-0120,2026-01-28,2026-03-14,18243.91,45,paid
HIST-004043,CUS-0023,2025-09-21,2025-10-21,20374.53,30,paid
HIST-004044,CUS-0005,2025-09-17,2025-11-16,205292.57,60,paid
HIST-004045,CUS-0145,2025-06-08,2025-07-08,52287.67,30,paid
HIST-004046,CUS-0021,2025-06-20,2025-08-04,35666.65,45,paid
HIST-004047,CUS-0010,2026-04-18,2026-05-18,38821.49,30,paid
HIST-004048,CUS-0038,2026-03-07,2026-04-06,16188.33,30,paid
HIST-004049,CUS-0130,2026-02-10,2026-03-27,29093.16,45,paid
HIST-004050,CUS-0116,2026-02-04,2026-03-06,41656.22,30,paid
HIST-004051,CUS-0052,2025-09-26,2025-10-26,214254.84,30,paid
HIST-004052,CUS-0089,2026-02-03,2026-03-05,30041.1,30,paid
HIST-004053,CUS-0008,2026-02-20,2026-04-21,100952.02,60,paid
HIST-004054,CUS-0160,2026-02-07,2026-03-24,41718.52,45,paid
HIST-004055,CUS-0060,2025-11-17,2025-12-17,48591.7,30,paid
HIST-004056,CUS-0140,2026-01-25,2026-02-24,24235.45,30,paid
HIST-004057,CUS-0140,2025-05-08,2025-06-07,16853.58,30,paid
HIST-004058,CUS-0083,2025-03-12,2025-04-11,16342.8,30,paid
HIST-004059,CUS-0115,2026-05-13,2026-06-12,47287.01,30,paid
HIST-004060,CUS-0059,2025-03-27,2025-05-11,11726.3,45,paid
HIST-004061,CUS-0149,2025-06-17,2025-07-17,34616.04,30,paid
HIST-004062,CUS-0037,2025-07-29,2025-09-12,42549.11,45,paid
HIST-004063,CUS-0036,2025-12-20,2026-01-04,31454.15,15,paid
HIST-004064,CUS-0090,2026-01-05,2026-02-04,46533.4,30,paid
HIST-004065,CUS-0075,2026-03-02,2026-03-17,37335.53,15,paid
HIST-004066,CUS-0025,2025-04-26,2025-05-26,121943.34,30,paid
HIST-004067,CUS-0154,2025-10-19,2025-11-18,24442.82,30,paid
HIST-004068,CUS-0096,2025-04-06,2025-04-21,19001.84,15,paid
HIST-004069,CUS-0146,2025-11-01,2025-12-16,46090.56,45,paid
HIST-004070,CUS-0064,2026-03-19,2026-04-18,39610.94,30,paid
HIST-004071,CUS-0113,2025-05-15,2025-06-29,58810.6,45,paid
HIST-004072,CUS-0154,2026-04-30,2026-05-15,117278.69,15,paid
HIST-004073,CUS-0110,2026-02-02,2026-03-04,37735.61,30,paid
HIST-004074,CUS-0038,2025-03-22,2025-05-06,32672.87,45,paid
HIST-004075,CUS-0117,2025-08-07,2025-09-06,20218.2,30,paid
HIST-004076,CUS-0095,2026-01-31,2026-03-17,52975.83,45,paid
HIST-004077,CUS-0061,2025-05-03,2025-06-17,20341.94,45,paid
HIST-004078,CUS-0002,2025-04-14,2025-05-29,103415.46,45,paid
HIST-004079,CUS-0041,2026-03-19,2026-04-18,43297.68,30,paid
HIST-004080,CUS-0021,2026-01-07,2026-02-06,7089.07,30,paid
HIST-004081,CUS-0012,2026-01-13,2026-02-12,54649.33,30,paid
HIST-004082,CUS-0020,2025-08-29,2025-09-13,40078.75,15,paid
HIST-004083,CUS-0019,2025-12-13,2026-01-12,13648.2,30,paid
HIST-004084,CUS-0155,2025-10-27,2025-11-26,41455.13,30,paid
HIST-004085,CUS-0107,2026-03-27,2026-04-26,10599.22,30,paid
HIST-004086,CUS-0124,2025-11-12,2025-12-12,45949.31,30,paid
HIST-004087,CUS-0159,2025-10-16,2025-11-15,117173.69,30,paid
HIST-004088,CUS-0011,2025-10-17,2025-11-16,45575.6,30,paid
HIST-004089,CUS-0157,2025-09-11,2025-10-11,9326.85,30,paid
HIST-004090,CUS-0003,2025-09-27,2025-10-27,20593.23,30,paid
HIST-004091,CUS-0064,2026-02-22,2026-03-24,103169.84,30,paid
HIST-004092,CUS-0093,2025-10-01,2025-11-15,62835.83,45,paid
HIST-004093,CUS-0074,2025-08-06,2025-08-21,12558.01,15,paid
HIST-004094,CUS-0115,2025-12-01,2026-01-15,29607.93,45,paid
HIST-004095,CUS-0039,2025-08-04,2025-09-03,11161.62,30,paid
HIST-004096,CUS-0006,2025-05-16,2025-06-15,22655.22,30,paid
HIST-004097,CUS-0003,2026-05-19,2026-07-03,22706.93,45,paid
HIST-004098,CUS-0035,2025-03-12,2025-04-11,49042.86,30,paid
HIST-004099,CUS-0082,2025-09-03,2025-11-02,58559.23,60,paid
HIST-004100,CUS-0083,2025-08-28,2025-09-12,46697.35,15,paid
HIST-004101,CUS-0038,2025-05-27,2025-06-26,95300.96,30,paid
HIST-004102,CUS-0033,2025-06-01,2025-07-16,93042.95,45,paid
HIST-004103,CUS-0036,2025-11-15,2025-12-15,39211.43,30,paid
HIST-004104,CUS-0049,2025-03-31,2025-05-15,17083.13,45,paid
HIST-004105,CUS-0096,2026-05-12,2026-07-11,30812.5,60,paid
HIST-004106,CUS-0088,2026-01-02,2026-02-01,73336.43,30,paid
HIST-004107,CUS-0100,2025-11-24,2025-12-24,27775.18,30,paid
HIST-004108,CUS-0011,2025-04-30,2025-06-29,42921.14,60,paid
HIST-004109,CUS-0017,2025-07-22,2025-08-21,55936.02,30,paid
HIST-004110,CUS-0045,2025-07-03,2025-08-02,78175.72,30,paid
HIST-004111,CUS-0156,2025-11-11,2025-12-11,82897.52,30,paid
HIST-004112,CUS-0107,2025-09-05,2025-10-05,77246.85,30,paid
HIST-004113,CUS-0090,2025-03-23,2025-04-22,135485.79,30,paid
HIST-004114,CUS-0114,2026-02-20,2026-04-06,63961.5,45,paid
HIST-004115,CUS-0138,2026-02-13,2026-03-30,97740.26,45,paid
HIST-004116,CUS-0009,2026-05-28,2026-06-27,30078.24,30,paid
HIST-004117,CUS-0148,2026-03-12,2026-04-26,23351.06,45,paid
HIST-004118,CUS-0054,2025-03-23,2025-04-22,42586.68,30,paid
HIST-004119,CUS-0064,2025-09-20,2025-10-05,29140.73,15,paid
HIST-004120,CUS-0070,2025-09-20,2025-11-04,25996.57,45,paid
HIST-004121,CUS-0077,2026-05-16,2026-07-15,59148.7,60,paid
HIST-004122,CUS-0044,2025-06-02,2025-07-02,47809.88,30,paid
HIST-004123,CUS-0075,2025-06-10,2025-07-10,29039.92,30,paid
HIST-004124,CUS-0032,2025-05-03,2025-06-02,57012.37,30,paid
HIST-004125,CUS-0085,2025-08-04,2025-09-03,68510.33,30,paid
HIST-004126,CUS-0060,2025-09-02,2025-11-01,56308.01,60,paid
HIST-004127,CUS-0012,2026-03-23,2026-05-07,239446.48,45,paid
HIST-004128,CUS-0065,2025-06-19,2025-08-03,9727.22,45,paid
HIST-004129,CUS-0081,2026-01-27,2026-03-13,31506.85,45,paid
HIST-004130,CUS-0021,2026-03-19,2026-04-18,17141.65,30,paid
HIST-004131,CUS-0073,2026-05-06,2026-06-05,310708.21,30,paid
HIST-004132,CUS-0022,2025-10-22,2025-11-21,61995.87,30,paid
HIST-004133,CUS-0010,2025-10-03,2025-11-02,62114.5,30,paid
HIST-004134,CUS-0046,2025-09-05,2025-10-05,51052.24,30,paid
HIST-004135,CUS-0095,2026-05-16,2026-07-15,29059.6,60,paid
HIST-004136,CUS-0117,2025-03-12,2025-04-11,36152.6,30,paid
HIST-004137,CUS-0159,2025-11-18,2025-12-18,44814.81,30,paid
HIST-004138,CUS-0051,2025-05-26,2025-07-25,42606.93,60,paid
HIST-004139,CUS-0016,2026-05-07,2026-06-21,144439.19,45,paid
HIST-004140,CUS-0019,2025-04-12,2025-05-27,60292.42,45,paid
HIST-004141,CUS-0007,2025-07-24,2025-08-23,21926.89,30,paid
HIST-004142,CUS-0083,2025-10-05,2025-12-04,108601.98,60,paid
HIST-004143,CUS-0114,2026-05-16,2026-06-15,94667.0,30,paid
HIST-004144,CUS-0127,2025-03-16,2025-04-15,82993.27,30,paid
HIST-004145,CUS-0040,2026-04-08,2026-05-08,34870.18,30,paid
HIST-004146,CUS-0027,2025-10-21,2025-12-05,79150.1,45,paid
HIST-004147,CUS-0093,2026-02-07,2026-04-08,51529.26,60,paid
HIST-004148,CUS-0038,2025-11-14,2026-01-13,123407.82,60,paid
HIST-004149,CUS-0087,2025-11-04,2025-12-19,37727.51,45,paid
HIST-004150,CUS-0132,2025-05-19,2025-06-18,26414.66,30,paid
HIST-004151,CUS-0059,2026-04-09,2026-05-09,199030.23,30,paid
HIST-004152,CUS-0113,2026-03-27,2026-04-26,33183.3,30,paid
HIST-004153,CUS-0061,2026-02-27,2026-04-13,131073.96,45,paid
HIST-004154,CUS-0073,2025-11-25,2025-12-25,4716.85,30,paid
HIST-004155,CUS-0073,2025-10-11,2025-11-25,10411.05,45,paid
HIST-004156,CUS-0046,2026-04-13,2026-05-13,142225.62,30,paid
HIST-004157,CUS-0030,2026-04-28,2026-05-13,23159.1,15,paid
HIST-004158,CUS-0059,2026-04-12,2026-05-12,59721.08,30,paid
HIST-004159,CUS-0039,2025-12-15,2026-01-14,52403.97,30,paid
HIST-004160,CUS-0008,2026-02-15,2026-03-17,60803.73,30,paid
HIST-004161,CUS-0059,2025-08-15,2025-09-14,25566.56,30,paid
HIST-004162,CUS-0138,2025-05-14,2025-06-28,61229.46,45,paid
HIST-004163,CUS-0021,2025-09-09,2025-10-24,25712.88,45,paid
HIST-004164,CUS-0061,2025-03-15,2025-04-29,19245.76,45,paid
HIST-004165,CUS-0149,2026-03-26,2026-04-10,44275.6,15,paid
HIST-004166,CUS-0030,2025-03-21,2025-05-20,37157.53,60,paid
HIST-004167,CUS-0030,2025-07-12,2025-08-11,58767.62,30,paid
HIST-004168,CUS-0023,2025-06-18,2025-07-03,115465.6,15,paid
HIST-004169,CUS-0120,2026-05-02,2026-06-01,7744.58,30,paid
HIST-004170,CUS-0050,2026-01-19,2026-02-18,14158.69,30,paid
HIST-004171,CUS-0092,2025-11-11,2026-01-10,50830.13,60,paid
HIST-004172,CUS-0093,2026-05-24,2026-06-23,259436.31,30,paid
HIST-004173,CUS-0043,2025-07-05,2025-08-04,47021.52,30,paid
HIST-004174,CUS-0129,2025-12-23,2026-02-21,73106.89,60,paid
HIST-004175,CUS-0093,2026-01-25,2026-02-24,78908.12,30,paid
HIST-004176,CUS-0037,2025-03-18,2025-05-02,42721.79,45,paid
HIST-004177,CUS-0045,2025-10-28,2025-12-12,28958.77,45,paid
HIST-004178,CUS-0061,2025-03-17,2025-05-01,40848.16,45,paid
HIST-004179,CUS-0147,2026-03-01,2026-04-15,6140.67,45,paid
HIST-004180,CUS-0090,2026-02-07,2026-03-09,108038.6,30,paid
HIST-004181,CUS-0053,2025-08-22,2025-09-21,40265.98,30,paid
HIST-004182,CUS-0007,2025-07-24,2025-08-23,45674.87,30,paid
HIST-004183,CUS-0021,2025-08-16,2025-09-30,11055.47,45,paid
HIST-004184,CUS-0036,2026-05-27,2026-06-26,59147.98,30,paid
HIST-004185,CUS-0066,2026-03-02,2026-04-01,18387.55,30,paid
HIST-004186,CUS-0101,2025-09-24,2025-10-24,5568.52,30,paid
HIST-004187,CUS-0100,2025-06-05,2025-07-20,10816.29,45,paid
HIST-004188,CUS-0037,2025-07-18,2025-08-17,86348.31,30,paid
HIST-004189,CUS-0081,2026-05-28,2026-07-12,76945.61,45,paid
HIST-004190,CUS-0066,2025-07-19,2025-08-18,26912.16,30,paid
HIST-004191,CUS-0030,2026-04-06,2026-05-21,63354.79,45,paid
HIST-004192,CUS-0037,2026-03-06,2026-04-20,92613.11,45,paid
HIST-004193,CUS-0005,2026-01-24,2026-02-23,19572.24,30,paid
HIST-004194,CUS-0140,2026-05-22,2026-06-21,273028.51,30,paid
HIST-004195,CUS-0107,2025-07-31,2025-08-30,37311.83,30,paid
HIST-004196,CUS-0009,2026-05-11,2026-06-25,55288.14,45,paid
HIST-004197,CUS-0148,2025-03-17,2025-04-16,60056.96,30,paid
HIST-004198,CUS-0095,2025-11-28,2025-12-28,24044.53,30,paid
HIST-004199,CUS-0099,2026-03-25,2026-04-09,67419.47,15,paid
HIST-004200,CUS-0159,2026-04-01,2026-05-16,22271.56,45,paid
HIST-004201,CUS-0131,2025-08-01,2025-09-15,28220.72,45,paid
HIST-004202,CUS-0099,2026-03-04,2026-05-03,40170.48,60,paid
HIST-004203,CUS-0023,2026-03-27,2026-05-11,17440.55,45,paid
HIST-004204,CUS-0112,2025-08-22,2025-09-21,25315.91,30,paid
HIST-004205,CUS-0052,2026-02-08,2026-03-10,18562.98,30,paid
HIST-004206,CUS-0044,2025-09-02,2025-10-02,13016.82,30,paid
HIST-004207,CUS-0012,2025-11-17,2025-12-02,75472.99,15,paid
HIST-004208,CUS-0081,2025-04-25,2025-05-25,68539.14,30,paid
HIST-004209,CUS-0149,2025-10-25,2025-11-09,111287.39,15,paid
HIST-004210,CUS-0149,2025-07-06,2025-08-20,46757.57,45,paid
HIST-004211,CUS-0021,2025-07-14,2025-08-13,27173.48,30,paid
HIST-004212,CUS-0046,2025-06-24,2025-07-24,57409.48,30,paid
HIST-004213,CUS-0033,2026-04-18,2026-05-18,29502.29,30,paid
HIST-004214,CUS-0116,2026-04-17,2026-05-17,42778.37,30,paid
HIST-004215,CUS-0064,2025-10-12,2025-10-27,11122.36,15,paid
HIST-004216,CUS-0009,2025-12-05,2026-02-03,126358.84,60,paid
HIST-004217,CUS-0039,2025-11-02,2025-12-17,65341.94,45,paid
HIST-004218,CUS-0140,2025-11-01,2025-12-16,64224.39,45,paid
HIST-004219,CUS-0117,2025-12-27,2026-01-26,9288.61,30,paid
HIST-004220,CUS-0107,2025-11-25,2025-12-25,41189.98,30,paid
HIST-004221,CUS-0029,2026-04-17,2026-05-17,54103.64,30,paid
HIST-004222,CUS-0050,2025-12-17,2026-02-15,7619.26,60,paid
HIST-004223,CUS-0029,2025-04-30,2025-06-14,29090.47,45,paid
HIST-004224,CUS-0006,2026-01-14,2026-02-13,28618.24,30,paid
HIST-004225,CUS-0158,2025-05-30,2025-06-29,15935.05,30,paid
HIST-004226,CUS-0051,2025-12-06,2026-01-05,14371.83,30,paid
HIST-004227,CUS-0112,2025-04-25,2025-05-25,61315.11,30,paid
HIST-004228,CUS-0009,2026-05-09,2026-06-08,19657.6,30,paid
HIST-004229,CUS-0022,2025-05-16,2025-05-31,55011.28,15,paid
HIST-004230,CUS-0148,2025-11-18,2026-01-17,53730.56,60,paid
HIST-004231,CUS-0041,2025-08-20,2025-09-19,120144.23,30,paid
HIST-004232,CUS-0159,2025-11-28,2025-12-28,9645.99,30,paid
HIST-004233,CUS-0124,2025-10-18,2025-12-02,38054.23,45,paid
HIST-004234,CUS-0061,2025-11-11,2025-12-11,143910.68,30,paid
HIST-004235,CUS-0101,2025-06-01,2025-07-01,25574.25,30,paid
HIST-004236,CUS-0069,2025-11-01,2025-12-01,50053.23,30,paid
HIST-004237,CUS-0027,2026-01-21,2026-02-20,27208.31,30,paid
HIST-004238,CUS-0060,2026-01-04,2026-02-03,135045.6,30,paid
HIST-004239,CUS-0130,2025-12-19,2026-01-18,111114.7,30,paid
HIST-004240,CUS-0088,2025-08-27,2025-09-26,29590.53,30,paid
HIST-004241,CUS-0009,2025-04-17,2025-05-17,256623.19,30,paid
HIST-004242,CUS-0102,2025-10-21,2025-11-20,30453.19,30,paid
HIST-004243,CUS-0009,2025-06-30,2025-08-29,26616.53,60,paid
HIST-004244,CUS-0066,2025-07-30,2025-08-29,68062.05,30,paid
HIST-004245,CUS-0138,2025-05-06,2025-07-05,23254.08,60,paid
HIST-004246,CUS-0008,2025-04-05,2025-05-05,21268.61,30,paid
HIST-004247,CUS-0039,2025-11-15,2025-12-15,55030.19,30,paid
HIST-004248,CUS-0042,2025-06-30,2025-07-30,202098.03,30,paid
HIST-004249,CUS-0118,2025-08-31,2025-09-15,13541.58,15,paid
HIST-004250,CUS-0085,2025-04-26,2025-06-10,40718.75,45,paid
HIST-004251,CUS-0013,2026-05-22,2026-06-21,13121.14,30,paid
HIST-004252,CUS-0122,2025-03-17,2025-05-01,158134.26,45,paid
HIST-004253,CUS-0056,2026-01-28,2026-03-14,58681.93,45,paid
HIST-004254,CUS-0087,2025-07-13,2025-08-27,117291.75,45,paid
HIST-004255,CUS-0039,2026-04-11,2026-06-10,208296.98,60,paid
HIST-004256,CUS-0149,2025-06-24,2025-07-24,59446.41,30,paid
HIST-004257,CUS-0055,2025-10-13,2025-10-28,21471.7,15,paid
HIST-004258,CUS-0006,2025-04-03,2025-05-18,111081.88,45,paid
HIST-004259,CUS-0029,2026-02-01,2026-03-03,36186.21,30,paid
HIST-004260,CUS-0008,2026-01-02,2026-02-01,23420.47,30,paid
HIST-004261,CUS-0028,2025-11-11,2025-12-11,70361.07,30,paid
HIST-004262,CUS-0014,2026-06-03,2026-07-18,115700.63,45,paid
HIST-004263,CUS-0039,2025-03-25,2025-04-24,30321.6,30,paid
HIST-004264,CUS-0084,2025-05-18,2025-06-02,60413.4,15,paid
HIST-004265,CUS-0064,2026-04-18,2026-05-18,24141.78,30,paid
HIST-004266,CUS-0140,2026-01-10,2026-02-24,66111.55,45,paid
HIST-004267,CUS-0029,2025-10-19,2025-11-18,62390.83,30,paid
HIST-004268,CUS-0076,2026-04-09,2026-05-09,111188.01,30,paid
HIST-004269,CUS-0072,2025-10-21,2025-12-05,31781.1,45,paid
HIST-004270,CUS-0058,2025-08-05,2025-09-04,47658.36,30,paid
HIST-004271,CUS-0028,2025-08-23,2025-09-22,54430.75,30,paid
HIST-004272,CUS-0004,2026-01-26,2026-02-25,43881.37,30,paid
HIST-004273,CUS-0067,2026-03-26,2026-04-25,44165.17,30,paid
HIST-004274,CUS-0124,2025-11-02,2025-12-17,51863.5,45,paid
HIST-004275,CUS-0024,2025-04-14,2025-05-29,18661.56,45,paid
HIST-004276,CUS-0061,2025-08-25,2025-10-09,36728.49,45,paid
HIST-004277,CUS-0069,2025-09-06,2025-10-06,59156.0,30,paid
HIST-004278,CUS-0149,2025-05-16,2025-06-15,20245.98,30,paid
HIST-004279,CUS-0066,2025-04-28,2025-06-12,31089.3,45,paid
HIST-004280,CUS-0158,2025-05-15,2025-06-14,29894.7,30,paid
HIST-004281,CUS-0122,2025-09-12,2025-11-11,27426.07,60,paid
HIST-004282,CUS-0046,2025-11-18,2026-01-02,59006.22,45,paid
HIST-004283,CUS-0064,2025-12-04,2026-01-18,17557.35,45,paid
HIST-004284,CUS-0113,2025-04-09,2025-05-24,37394.09,45,paid
HIST-004285,CUS-0044,2025-06-27,2025-07-12,123982.38,15,paid
HIST-004286,CUS-0159,2026-02-08,2026-03-10,20274.1,30,paid
HIST-004287,CUS-0003,2026-01-23,2026-03-24,33689.46,60,paid
HIST-004288,CUS-0128,2026-01-11,2026-02-10,36194.48,30,paid
HIST-004289,CUS-0060,2026-05-17,2026-06-16,17305.8,30,paid
HIST-004290,CUS-0090,2025-07-09,2025-08-08,25807.49,30,paid
HIST-004291,CUS-0115,2025-08-25,2025-10-09,32657.0,45,paid
HIST-004292,CUS-0060,2025-03-27,2025-05-11,38527.44,45,paid
HIST-004293,CUS-0143,2025-08-30,2025-09-29,39539.23,30,paid
HIST-004294,CUS-0047,2025-10-02,2025-12-01,134602.38,60,paid
HIST-004295,CUS-0131,2025-06-30,2025-07-30,42322.85,30,paid
HIST-004296,CUS-0133,2025-07-05,2025-08-19,66275.37,45,paid
HIST-004297,CUS-0019,2025-09-09,2025-10-24,75349.18,45,paid
HIST-004298,CUS-0064,2025-05-26,2025-06-25,55017.36,30,paid
HIST-004299,CUS-0001,2025-04-08,2025-06-07,60114.09,60,paid
HIST-004300,CUS-0071,2026-01-13,2026-02-27,27260.31,45,paid
HIST-004301,CUS-0060,2025-05-23,2025-06-22,64072.2,30,paid
HIST-004302,CUS-0149,2026-02-17,2026-03-19,40143.38,30,paid
HIST-004303,CUS-0020,2026-05-13,2026-06-12,83609.43,30,paid
HIST-004304,CUS-0026,2025-09-01,2025-10-16,72519.45,45,paid
HIST-004305,CUS-0051,2025-04-05,2025-06-04,62017.62,60,paid
HIST-004306,CUS-0126,2026-01-04,2026-01-19,109858.49,15,paid
HIST-004307,CUS-0095,2025-06-08,2025-07-08,43609.3,30,paid
HIST-004308,CUS-0026,2025-05-02,2025-07-01,22794.18,60,paid
HIST-004309,CUS-0038,2025-11-16,2025-12-31,96725.99,45,paid
HIST-004310,CUS-0148,2025-04-26,2025-06-25,46462.29,60,paid
HIST-004311,CUS-0105,2026-04-25,2026-05-25,95954.42,30,paid
HIST-004312,CUS-0100,2026-05-05,2026-06-04,32975.13,30,paid
HIST-004313,CUS-0037,2025-06-15,2025-07-15,33323.83,30,paid
HIST-004314,CUS-0122,2026-05-23,2026-06-22,23866.9,30,paid
HIST-004315,CUS-0120,2026-05-21,2026-06-20,53469.71,30,paid
HIST-004316,CUS-0104,2026-06-01,2026-07-16,25059.09,45,paid
HIST-004317,CUS-0066,2026-05-10,2026-06-09,53706.07,30,paid
HIST-004318,CUS-0065,2025-10-04,2025-11-03,24621.38,30,paid
HIST-004319,CUS-0006,2026-02-02,2026-03-19,122613.55,45,paid
HIST-004320,CUS-0152,2025-05-17,2025-07-16,27804.87,60,paid
HIST-004321,CUS-0147,2026-03-05,2026-04-04,33357.97,30,paid
HIST-004322,CUS-0074,2025-03-31,2025-05-15,75850.57,45,paid
HIST-004323,CUS-0159,2025-11-18,2025-12-18,30589.05,30,paid
HIST-004324,CUS-0078,2025-03-14,2025-04-13,26649.6,30,paid
HIST-004325,CUS-0112,2025-04-10,2025-05-10,17544.07,30,paid
HIST-004326,CUS-0090,2025-08-19,2025-09-18,26602.36,30,paid
HIST-004327,CUS-0033,2025-04-07,2025-05-07,28744.55,30,paid
HIST-004328,CUS-0011,2025-12-13,2026-02-11,346028.52,60,paid
HIST-004329,CUS-0071,2025-05-10,2025-06-09,77642.81,30,paid
HIST-004330,CUS-0006,2025-10-23,2025-11-22,137107.73,30,paid
HIST-004331,CUS-0093,2026-04-03,2026-05-03,37473.76,30,paid
HIST-004332,CUS-0058,2025-07-17,2025-08-16,188501.15,30,paid
HIST-004333,CUS-0005,2026-01-13,2026-02-12,9034.75,30,paid
HIST-004334,CUS-0142,2026-04-24,2026-06-08,19673.98,45,paid
HIST-004335,CUS-0022,2025-12-13,2026-01-12,90162.34,30,paid
HIST-004336,CUS-0055,2025-11-02,2026-01-01,13741.11,60,paid
HIST-004337,CUS-0137,2026-02-28,2026-03-30,22047.95,30,paid
HIST-004338,CUS-0077,2025-11-13,2025-12-28,62718.65,45,paid
HIST-004339,CUS-0006,2025-08-05,2025-09-19,38174.45,45,paid
HIST-004340,CUS-0010,2025-07-14,2025-08-13,35877.36,30,paid
HIST-004341,CUS-0041,2026-02-08,2026-02-23,25265.4,15,paid
HIST-004342,CUS-0082,2025-11-17,2025-12-17,24986.51,30,paid
HIST-004343,CUS-0079,2026-03-08,2026-04-07,30750.93,30,paid
HIST-004344,CUS-0016,2026-04-23,2026-05-23,50920.13,30,paid
HIST-004345,CUS-0115,2025-07-15,2025-08-29,40889.43,45,paid
HIST-004346,CUS-0077,2026-03-04,2026-04-18,145393.4,45,paid
HIST-004347,CUS-0136,2026-01-26,2026-03-12,25782.52,45,paid
HIST-004348,CUS-0104,2026-01-28,2026-03-29,47796.75,60,paid
HIST-004349,CUS-0039,2026-04-02,2026-05-02,85860.91,30,paid
HIST-004350,CUS-0118,2026-03-16,2026-05-15,61998.08,60,paid
HIST-004351,CUS-0074,2025-07-03,2025-08-17,23775.45,45,paid
HIST-004352,CUS-0064,2026-02-02,2026-03-04,57009.99,30,paid
HIST-004353,CUS-0010,2026-05-22,2026-07-06,16500.47,45,paid
HIST-004354,CUS-0060,2025-05-09,2025-06-08,31462.42,30,paid
HIST-004355,CUS-0045,2025-07-15,2025-07-30,40402.78,15,paid
HIST-004356,CUS-0047,2025-07-25,2025-08-24,16272.37,30,paid
HIST-004357,CUS-0109,2025-11-03,2026-01-02,29008.18,60,paid
HIST-004358,CUS-0065,2025-09-25,2025-11-24,140382.58,60,paid
HIST-004359,CUS-0060,2026-04-03,2026-05-18,25884.15,45,paid
HIST-004360,CUS-0076,2026-03-23,2026-04-22,103531.67,30,paid
HIST-004361,CUS-0144,2025-08-05,2025-09-04,23807.93,30,paid
HIST-004362,CUS-0099,2025-11-20,2025-12-20,6956.72,30,paid
HIST-004363,CUS-0142,2026-05-03,2026-06-02,12918.25,30,paid
HIST-004364,CUS-0037,2026-04-01,2026-04-16,53205.01,15,paid
HIST-004365,CUS-0071,2026-05-10,2026-06-09,27140.78,30,paid
HIST-004366,CUS-0095,2026-01-17,2026-02-16,75836.33,30,paid
HIST-004367,CUS-0038,2025-06-24,2025-07-24,50018.44,30,paid
HIST-004368,CUS-0044,2026-04-26,2026-05-26,25439.01,30,paid
HIST-004369,CUS-0038,2026-05-28,2026-07-12,45824.73,45,paid
HIST-004370,CUS-0045,2025-09-08,2025-10-08,69705.19,30,paid
HIST-004371,CUS-0154,2025-08-23,2025-10-07,22643.29,45,paid
HIST-004372,CUS-0098,2026-04-01,2026-05-01,11844.24,30,paid
HIST-004373,CUS-0158,2026-02-20,2026-04-21,120051.22,60,paid
HIST-004374,CUS-0092,2025-04-12,2025-06-11,152921.82,60,paid
HIST-004375,CUS-0005,2025-07-10,2025-07-25,101459.84,15,paid
HIST-004376,CUS-0016,2025-12-16,2026-01-15,57266.73,30,paid
HIST-004377,CUS-0039,2026-03-08,2026-04-07,48776.88,30,paid
HIST-004378,CUS-0140,2025-09-19,2025-10-19,396945.25,30,paid
HIST-004379,CUS-0071,2025-07-30,2025-08-29,4545.86,30,paid
HIST-004380,CUS-0030,2025-04-08,2025-06-07,13793.75,60,paid
HIST-004381,CUS-0008,2026-01-31,2026-03-17,45613.81,45,paid
HIST-004382,CUS-0039,2026-03-01,2026-03-31,30901.82,30,paid
HIST-004383,CUS-0127,2025-12-14,2026-02-12,30524.46,60,paid
HIST-004384,CUS-0071,2025-06-30,2025-08-29,51400.07,60,paid
HIST-004385,CUS-0117,2025-11-21,2026-01-05,43022.82,45,paid
HIST-004386,CUS-0024,2025-05-14,2025-06-13,52866.22,30,paid
HIST-004387,CUS-0061,2026-05-03,2026-06-02,11456.47,30,paid
HIST-004388,CUS-0131,2026-01-22,2026-02-21,14449.84,30,paid
HIST-004389,CUS-0078,2026-02-19,2026-04-05,14525.01,45,paid
HIST-004390,CUS-0152,2025-08-18,2025-09-17,29019.54,30,paid
HIST-004391,CUS-0121,2025-08-25,2025-10-09,79598.74,45,paid
HIST-004392,CUS-0103,2025-04-23,2025-05-23,19315.36,30,paid
HIST-004393,CUS-0021,2025-04-27,2025-06-11,36411.68,45,paid
HIST-004394,CUS-0071,2025-08-29,2025-09-28,78422.89,30,paid
HIST-004395,CUS-0010,2025-11-10,2026-01-09,68727.48,60,paid
HIST-004396,CUS-0013,2025-09-29,2025-10-14,51094.62,15,paid
HIST-004397,CUS-0115,2025-09-01,2025-10-16,33110.27,45,paid
HIST-004398,CUS-0071,2025-03-29,2025-04-28,25064.81,30,paid
HIST-004399,CUS-0008,2026-03-07,2026-04-06,41158.5,30,paid
HIST-004400,CUS-0012,2026-05-26,2026-06-25,105317.1,30,paid
HIST-004401,CUS-0097,2026-04-09,2026-05-09,17898.88,30,paid
HIST-004402,CUS-0041,2025-10-01,2025-10-31,93447.88,30,paid
HIST-004403,CUS-0146,2025-12-10,2026-01-09,22166.67,30,paid
HIST-004404,CUS-0010,2026-04-24,2026-05-24,38679.27,30,paid
HIST-004405,CUS-0035,2025-08-01,2025-09-30,57655.87,60,paid
HIST-004406,CUS-0006,2025-12-29,2026-01-28,31056.46,30,paid
HIST-004407,CUS-0072,2025-10-23,2025-11-22,17338.07,30,paid
HIST-004408,CUS-0037,2025-10-04,2025-11-03,15603.23,30,paid
HIST-004409,CUS-0079,2025-11-09,2025-12-09,15956.64,30,paid
HIST-004410,CUS-0046,2025-10-19,2025-11-18,77335.86,30,paid
HIST-004411,CUS-0110,2025-07-01,2025-08-15,11288.47,45,paid
HIST-004412,CUS-0043,2025-06-13,2025-07-13,20683.02,30,paid
HIST-004413,CUS-0061,2026-02-04,2026-03-06,76664.32,30,paid
HIST-004414,CUS-0103,2025-08-25,2025-09-24,54294.25,30,paid
HIST-004415,CUS-0144,2025-04-05,2025-05-05,25841.26,30,paid
HIST-004416,CUS-0021,2026-01-16,2026-01-31,23278.85,15,paid
HIST-004417,CUS-0035,2025-09-05,2025-10-05,26676.56,30,paid
HIST-004418,CUS-0025,2025-07-04,2025-07-19,20904.29,15,paid
HIST-004419,CUS-0086,2025-03-30,2025-05-14,39925.71,45,paid
HIST-004420,CUS-0006,2025-09-13,2025-10-28,23838.91,45,paid
HIST-004421,CUS-0104,2025-10-23,2025-12-22,22454.77,60,paid
HIST-004422,CUS-0078,2025-12-07,2026-01-21,22178.7,45,paid
HIST-004423,CUS-0058,2025-07-11,2025-08-10,26870.12,30,paid
HIST-004424,CUS-0116,2026-02-07,2026-03-09,39722.97,30,paid
HIST-004425,CUS-0085,2025-06-24,2025-07-24,42286.63,30,paid
HIST-004426,CUS-0140,2025-06-14,2025-07-14,17018.32,30,paid
HIST-004427,CUS-0064,2025-09-27,2025-10-12,32313.18,15,paid
HIST-004428,CUS-0005,2026-01-29,2026-02-28,44268.58,30,paid
HIST-004429,CUS-0091,2025-04-26,2025-06-25,150725.74,60,paid
HIST-004430,CUS-0075,2025-10-14,2025-11-28,21548.13,45,paid
HIST-004431,CUS-0023,2025-05-04,2025-06-03,52974.46,30,paid
HIST-004432,CUS-0159,2026-02-23,2026-03-25,31834.13,30,paid
HIST-004433,CUS-0090,2026-03-22,2026-04-21,188184.64,30,paid
HIST-004434,CUS-0107,2025-05-06,2025-05-21,43528.45,15,paid
HIST-004435,CUS-0003,2025-08-25,2025-09-24,40868.03,30,paid
HIST-004436,CUS-0152,2025-12-17,2026-01-16,66296.15,30,paid
HIST-004437,CUS-0059,2025-06-06,2025-07-06,35562.45,30,paid
HIST-004438,CUS-0115,2026-05-10,2026-07-09,19419.05,60,paid
HIST-004439,CUS-0004,2025-11-30,2026-01-14,13149.09,45,paid
HIST-004440,CUS-0043,2025-08-13,2025-09-12,52833.6,30,paid
HIST-004441,CUS-0051,2025-08-30,2025-09-29,29842.27,30,paid
HIST-004442,CUS-0070,2025-03-25,2025-04-24,69638.79,30,paid
HIST-004443,CUS-0002,2026-01-13,2026-01-28,73774.11,15,paid
HIST-004444,CUS-0056,2025-04-06,2025-05-06,116512.07,30,paid
HIST-004445,CUS-0090,2025-08-16,2025-09-15,39804.55,30,paid
HIST-004446,CUS-0068,2025-06-04,2025-07-04,57803.26,30,paid
HIST-004447,CUS-0134,2026-02-24,2026-03-26,49034.55,30,paid
HIST-004448,CUS-0120,2025-12-31,2026-01-30,25971.93,30,paid
HIST-004449,CUS-0057,2025-06-25,2025-07-25,12591.53,30,paid
HIST-004450,CUS-0081,2025-05-23,2025-06-22,43118.47,30,paid
HIST-004451,CUS-0056,2025-10-08,2025-11-07,76540.91,30,paid
HIST-004452,CUS-0012,2026-05-01,2026-06-30,24752.8,60,paid
HIST-004453,CUS-0122,2025-06-10,2025-07-10,31780.62,30,paid
HIST-004454,CUS-0107,2026-04-17,2026-05-17,25821.04,30,paid
HIST-004455,CUS-0032,2025-03-21,2025-05-20,32625.69,60,paid
HIST-004456,CUS-0094,2025-07-13,2025-08-12,44286.49,30,paid
HIST-004457,CUS-0006,2025-08-06,2025-09-20,33694.78,45,paid
HIST-004458,CUS-0038,2025-05-21,2025-06-20,50612.21,30,paid
HIST-004459,CUS-0060,2025-10-17,2025-12-01,51543.91,45,paid
HIST-004460,CUS-0105,2025-10-18,2025-11-17,342244.98,30,paid
HIST-004461,CUS-0024,2025-04-07,2025-05-22,15002.17,45,paid
HIST-004462,CUS-0142,2025-06-25,2025-07-25,12183.14,30,paid
HIST-004463,CUS-0084,2025-05-09,2025-06-08,58575.36,30,paid
HIST-004464,CUS-0027,2025-07-10,2025-09-08,68079.1,60,paid
HIST-004465,CUS-0061,2025-11-17,2025-12-17,10538.41,30,paid
HIST-004466,CUS-0095,2025-04-28,2025-05-28,38620.98,30,paid
HIST-004467,CUS-0002,2025-09-13,2025-10-13,53333.01,30,paid
HIST-004468,CUS-0104,2026-02-12,2026-03-14,32515.41,30,paid
HIST-004469,CUS-0152,2026-04-10,2026-05-10,145761.97,30,paid
HIST-004470,CUS-0007,2025-09-23,2025-10-23,48798.97,30,paid
HIST-004471,CUS-0144,2025-12-03,2026-01-02,50039.28,30,paid
HIST-004472,CUS-0152,2025-08-03,2025-09-02,24532.78,30,paid
HIST-004473,CUS-0118,2025-11-17,2026-01-16,229622.72,60,paid
HIST-004474,CUS-0009,2025-12-07,2026-01-21,11869.55,45,paid
HIST-004475,CUS-0136,2026-03-15,2026-04-29,102556.81,45,paid
HIST-004476,CUS-0006,2026-01-07,2026-02-21,11908.8,45,paid
HIST-004477,CUS-0033,2025-06-12,2025-07-12,83023.53,30,paid
HIST-004478,CUS-0012,2025-07-02,2025-08-01,88026.5,30,paid
HIST-004479,CUS-0036,2025-12-15,2026-02-13,54601.45,60,paid
HIST-004480,CUS-0019,2025-06-25,2025-07-25,25097.03,30,paid
HIST-004481,CUS-0110,2025-08-26,2025-10-10,83717.61,45,paid
HIST-004482,CUS-0126,2025-10-02,2025-11-01,27534.16,30,paid
HIST-004483,CUS-0027,2025-07-05,2025-08-19,124520.96,45,paid
HIST-004484,CUS-0019,2025-09-17,2025-10-17,22822.87,30,paid
HIST-004485,CUS-0006,2026-05-13,2026-06-12,83925.99,30,paid
HIST-004486,CUS-0060,2026-02-24,2026-04-25,57590.51,60,paid
HIST-004487,CUS-0112,2026-02-16,2026-03-18,123624.6,30,paid
HIST-004488,CUS-0117,2025-05-12,2025-07-11,81475.95,60,paid
HIST-004489,CUS-0064,2025-12-05,2026-01-04,36837.25,30,paid
HIST-004490,CUS-0022,2025-10-13,2025-11-12,32299.96,30,paid
HIST-004491,CUS-0022,2025-08-14,2025-09-28,20305.19,45,paid
HIST-004492,CUS-0129,2025-04-02,2025-05-02,17779.35,30,paid
HIST-004493,CUS-0010,2026-05-13,2026-06-27,19395.68,45,paid
HIST-004494,CUS-0011,2025-04-15,2025-05-15,42996.69,30,paid
HIST-004495,CUS-0157,2025-09-01,2025-10-01,59475.89,30,paid
HIST-004496,CUS-0023,2025-10-20,2025-12-04,64395.83,45,paid
HIST-004497,CUS-0064,2026-04-03,2026-05-03,103438.68,30,paid
HIST-004498,CUS-0006,2025-07-19,2025-09-02,12859.22,45,paid
HIST-004499,CUS-0122,2026-03-02,2026-04-01,63037.36,30,paid
HIST-004500,CUS-0131,2025-06-26,2025-07-26,47944.62,30,paid
HIST-004501,CUS-0085,2026-05-22,2026-07-06,207207.5,45,paid
HIST-004502,CUS-0086,2025-07-23,2025-08-22,34400.33,30,paid
HIST-004503,CUS-0124,2025-09-28,2025-10-28,33963.87,30,paid
HIST-004504,CUS-0134,2025-05-16,2025-06-15,44505.54,30,paid
HIST-004505,CUS-0152,2025-04-12,2025-05-12,31500.71,30,paid
HIST-004506,CUS-0106,2026-05-21,2026-07-05,53408.33,45,paid
HIST-004507,CUS-0100,2025-10-07,2025-11-21,95884.64,45,paid
HIST-004508,CUS-0132,2025-07-09,2025-08-08,52319.77,30,paid
HIST-004509,CUS-0097,2025-08-19,2025-09-18,76108.37,30,paid
HIST-004510,CUS-0062,2026-03-29,2026-05-28,12782.06,60,paid
HIST-004511,CUS-0159,2025-08-11,2025-09-25,21261.9,45,paid
HIST-004512,CUS-0047,2026-04-21,2026-05-06,61492.97,15,paid
HIST-004513,CUS-0077,2026-01-14,2026-02-28,9944.15,45,paid
HIST-004514,CUS-0033,2026-01-03,2026-02-02,6735.75,30,paid
HIST-004515,CUS-0096,2025-05-05,2025-06-19,28347.66,45,paid
HIST-004516,CUS-0005,2026-03-21,2026-04-20,77288.69,30,paid
HIST-004517,CUS-0006,2026-04-28,2026-05-28,37598.03,30,paid
HIST-004518,CUS-0095,2025-04-13,2025-05-13,15589.02,30,paid
HIST-004519,CUS-0046,2025-04-07,2025-05-07,45485.14,30,paid
HIST-004520,CUS-0146,2025-10-03,2025-11-02,16401.58,30,paid
HIST-004521,CUS-0130,2026-05-02,2026-05-17,49896.29,15,paid
HIST-004522,CUS-0008,2026-02-09,2026-03-11,44984.71,30,paid
HIST-004523,CUS-0111,2026-03-17,2026-05-01,34970.63,45,paid
HIST-004524,CUS-0003,2025-04-08,2025-05-23,55421.5,45,paid
HIST-004525,CUS-0060,2026-02-08,2026-03-10,203236.94,30,paid
HIST-004526,CUS-0062,2026-05-15,2026-07-14,18220.7,60,paid
HIST-004527,CUS-0129,2025-04-08,2025-05-08,27298.31,30,paid
HIST-004528,CUS-0065,2025-04-23,2025-06-22,18034.94,60,paid
HIST-004529,CUS-0065,2025-06-02,2025-07-17,42677.04,45,paid
HIST-004530,CUS-0108,2025-10-27,2025-11-26,101645.49,30,paid
HIST-004531,CUS-0026,2026-04-16,2026-05-16,25880.58,30,paid
HIST-004532,CUS-0115,2025-12-04,2026-01-18,27934.49,45,paid
HIST-004533,CUS-0115,2025-09-28,2025-10-28,15465.55,30,paid
HIST-004534,CUS-0011,2025-04-16,2025-05-31,39124.17,45,paid
HIST-004535,CUS-0034,2026-03-27,2026-05-11,57863.48,45,paid
HIST-004536,CUS-0009,2025-06-11,2025-07-11,64334.11,30,paid
HIST-004537,CUS-0074,2026-04-14,2026-05-29,22374.57,45,paid
HIST-004538,CUS-0037,2025-04-30,2025-06-29,26443.54,60,paid
HIST-004539,CUS-0078,2026-03-19,2026-04-18,21338.55,30,paid
HIST-004540,CUS-0061,2026-01-25,2026-02-24,33207.51,30,paid
HIST-004541,CUS-0032,2025-09-02,2025-10-02,34740.29,30,paid
HIST-004542,CUS-0124,2025-12-27,2026-02-25,40721.42,60,paid
HIST-004543,CUS-0085,2025-09-12,2025-10-27,36840.8,45,paid
HIST-004544,CUS-0044,2025-06-29,2025-07-29,84615.71,30,paid
HIST-004545,CUS-0055,2026-05-15,2026-06-14,40866.96,30,paid
HIST-004546,CUS-0133,2025-10-17,2025-11-16,31290.22,30,paid
HIST-004547,CUS-0033,2026-02-11,2026-03-28,67901.6,45,paid
HIST-004548,CUS-0134,2025-09-12,2025-10-12,37240.52,30,paid
HIST-004549,CUS-0009,2025-04-19,2025-05-19,20018.8,30,paid
HIST-004550,CUS-0055,2025-07-13,2025-08-12,36382.9,30,paid
HIST-004551,CUS-0143,2025-09-21,2025-10-21,39657.33,30,paid
HIST-004552,CUS-0136,2026-05-07,2026-06-21,41246.94,45,paid
HIST-004553,CUS-0057,2025-04-09,2025-05-24,55577.14,45,paid
HIST-004554,CUS-0043,2025-10-09,2025-11-23,86571.63,45,paid
HIST-004555,CUS-0028,2025-07-12,2025-08-11,66965.2,30,paid
HIST-004556,CUS-0093,2025-06-10,2025-06-25,79140.11,15,paid
HIST-004557,CUS-0001,2025-08-27,2025-09-26,18629.52,30,paid
HIST-004558,CUS-0038,2025-04-02,2025-05-02,105579.8,30,paid
HIST-004559,CUS-0129,2026-01-26,2026-02-25,14524.82,30,paid
HIST-004560,CUS-0033,2025-12-19,2026-01-18,97108.03,30,paid
HIST-004561,CUS-0078,2025-08-10,2025-08-25,41657.15,15,paid
HIST-004562,CUS-0043,2025-03-24,2025-04-23,117885.57,30,paid
HIST-004563,CUS-0006,2025-10-26,2025-11-25,40671.09,30,paid
HIST-004564,CUS-0118,2026-01-09,2026-03-10,30844.16,60,paid
HIST-004565,CUS-0136,2025-08-17,2025-10-16,11839.64,60,paid
HIST-004566,CUS-0094,2026-04-19,2026-05-19,48980.4,30,paid
HIST-004567,CUS-0023,2025-07-20,2025-09-03,165534.51,45,paid
HIST-004568,CUS-0041,2025-10-26,2025-12-10,6195.39,45,paid
HIST-004569,CUS-0005,2025-12-19,2026-01-18,18919.09,30,paid
HIST-004570,CUS-0026,2026-05-08,2026-06-07,42575.85,30,paid
HIST-004571,CUS-0057,2025-05-27,2025-06-26,55337.66,30,paid
HIST-004572,CUS-0005,2026-02-01,2026-03-03,43153.54,30,paid
HIST-004573,CUS-0052,2026-02-22,2026-03-24,81230.23,30,paid
HIST-004574,CUS-0009,2025-06-03,2025-06-18,35916.27,15,paid
HIST-004575,CUS-0085,2025-07-22,2025-09-20,38954.9,60,paid
HIST-004576,CUS-0155,2025-11-17,2026-01-01,43133.41,45,paid
HIST-004577,CUS-0151,2026-05-21,2026-06-05,44734.77,15,paid
HIST-004578,CUS-0071,2026-01-04,2026-02-18,71364.11,45,paid
HIST-004579,CUS-0061,2026-06-02,2026-08-01,26956.88,60,paid
HIST-004580,CUS-0038,2025-10-15,2025-11-29,106635.58,45,paid
HIST-004581,CUS-0006,2025-05-10,2025-06-24,52293.91,45,paid
HIST-004582,CUS-0042,2025-12-04,2026-01-03,71875.93,30,paid
HIST-004583,CUS-0133,2025-04-25,2025-06-09,64980.78,45,paid
HIST-004584,CUS-0055,2025-09-27,2025-10-27,27892.95,30,paid
HIST-004585,CUS-0065,2026-03-17,2026-05-01,154170.42,45,paid
HIST-004586,CUS-0037,2025-12-18,2026-02-01,96641.59,45,paid
HIST-004587,CUS-0016,2026-05-30,2026-06-29,11399.56,30,paid
HIST-004588,CUS-0031,2025-09-20,2025-10-20,33229.17,30,paid
HIST-004589,CUS-0115,2025-09-03,2025-10-03,37080.35,30,paid
HIST-004590,CUS-0104,2025-09-10,2025-10-25,71708.23,45,paid
HIST-004591,CUS-0032,2025-12-01,2025-12-31,53875.09,30,paid
HIST-004592,CUS-0140,2026-05-24,2026-07-08,91005.12,45,paid
HIST-004593,CUS-0024,2025-08-05,2025-09-04,88693.75,30,paid
HIST-004594,CUS-0144,2025-10-03,2025-11-02,32514.53,30,paid
HIST-004595,CUS-0158,2025-06-10,2025-07-10,25287.37,30,paid
HIST-004596,CUS-0046,2026-01-05,2026-01-20,25856.59,15,paid
HIST-004597,CUS-0030,2026-02-12,2026-03-14,33896.29,30,paid
HIST-004598,CUS-0013,2025-11-12,2025-12-12,13500.11,30,paid
HIST-004599,CUS-0159,2025-11-11,2025-12-11,49667.82,30,paid
HIST-004600,CUS-0129,2025-08-22,2025-09-21,47999.85,30,paid
HIST-004601,CUS-0085,2026-01-15,2026-02-14,33129.46,30,paid
HIST-004602,CUS-0075,2025-10-28,2025-11-27,77012.43,30,paid
HIST-004603,CUS-0052,2025-11-25,2026-01-24,61844.87,60,paid
HIST-004604,CUS-0010,2026-02-24,2026-03-26,195461.66,30,paid
HIST-004605,CUS-0103,2025-12-21,2026-01-20,36720.02,30,paid
HIST-004606,CUS-0077,2025-08-10,2025-09-09,36648.88,30,paid
HIST-004607,CUS-0010,2025-11-26,2025-12-26,18768.43,30,paid
HIST-004608,CUS-0016,2025-06-26,2025-07-26,28590.0,30,paid
HIST-004609,CUS-0132,2025-06-21,2025-07-21,22252.33,30,paid
HIST-004610,CUS-0112,2025-06-17,2025-08-01,71713.82,45,paid
HIST-004611,CUS-0003,2025-09-23,2025-11-22,81457.0,60,paid
HIST-004612,CUS-0038,2026-05-13,2026-06-12,27756.1,30,paid
HIST-004613,CUS-0116,2026-01-05,2026-02-04,32180.6,30,paid
HIST-004614,CUS-0059,2025-03-29,2025-04-28,41056.36,30,paid
HIST-004615,CUS-0015,2025-10-28,2025-11-27,23282.22,30,paid
HIST-004616,CUS-0114,2025-11-02,2025-11-17,144480.31,15,paid
HIST-004617,CUS-0022,2025-09-25,2025-10-25,26272.56,30,paid
HIST-004618,CUS-0070,2026-03-21,2026-05-05,29754.03,45,paid
HIST-004619,CUS-0083,2026-05-04,2026-06-03,15462.86,30,paid
HIST-004620,CUS-0047,2025-08-04,2025-08-19,51344.56,15,paid
HIST-004621,CUS-0017,2025-12-17,2026-01-16,19234.11,30,paid
HIST-004622,CUS-0005,2025-07-24,2025-08-23,73093.88,30,paid
HIST-004623,CUS-0124,2025-11-04,2025-12-04,42819.08,30,paid
HIST-004624,CUS-0006,2025-12-07,2026-01-21,64992.57,45,paid
HIST-004625,CUS-0102,2025-08-19,2025-09-18,39512.0,30,paid
HIST-004626,CUS-0083,2025-05-23,2025-07-07,196867.74,45,paid
HIST-004627,CUS-0037,2026-05-30,2026-07-14,18016.28,45,paid
HIST-004628,CUS-0059,2026-02-09,2026-03-26,20213.45,45,paid
HIST-004629,CUS-0010,2025-08-23,2025-09-22,45324.38,30,paid
HIST-004630,CUS-0113,2025-07-28,2025-08-27,131016.99,30,paid
HIST-004631,CUS-0104,2025-09-02,2025-10-17,43200.02,45,paid
HIST-004632,CUS-0033,2026-03-29,2026-05-13,7374.39,45,paid
HIST-004633,CUS-0008,2025-08-22,2025-10-21,47300.46,60,paid
HIST-004634,CUS-0133,2025-07-17,2025-08-01,105857.2,15,paid
HIST-004635,CUS-0046,2025-07-06,2025-09-04,40322.91,60,paid
HIST-004636,CUS-0065,2025-08-16,2025-09-30,31494.63,45,paid
HIST-004637,CUS-0016,2025-08-19,2025-10-03,17417.72,45,paid
HIST-004638,CUS-0010,2025-10-22,2025-12-21,55458.11,60,paid
HIST-004639,CUS-0115,2026-04-26,2026-05-26,31686.34,30,paid
HIST-004640,CUS-0089,2025-09-27,2025-10-27,72741.71,30,paid
HIST-004641,CUS-0039,2025-12-08,2026-01-07,13393.11,30,paid
HIST-004642,CUS-0035,2026-01-31,2026-03-02,17818.77,30,paid
HIST-004643,CUS-0121,2026-04-17,2026-05-17,24231.39,30,paid
HIST-004644,CUS-0120,2025-05-15,2025-07-14,148701.37,60,paid
HIST-004645,CUS-0151,2026-02-04,2026-03-06,33554.81,30,paid
HIST-004646,CUS-0005,2026-05-11,2026-06-25,78222.16,45,paid
HIST-004647,CUS-0080,2026-04-23,2026-06-22,52550.23,60,paid
HIST-004648,CUS-0031,2025-12-04,2026-01-18,45168.73,45,paid
HIST-004649,CUS-0059,2025-03-23,2025-04-22,14892.55,30,paid
HIST-004650,CUS-0125,2025-03-17,2025-04-16,40033.68,30,paid
HIST-004651,CUS-0136,2026-02-08,2026-03-25,24299.86,45,paid
HIST-004652,CUS-0118,2025-11-11,2025-12-11,68744.03,30,paid
HIST-004653,CUS-0042,2025-06-03,2025-07-18,66886.0,45,paid
HIST-004654,CUS-0149,2026-02-02,2026-04-03,88221.23,60,paid
HIST-004655,CUS-0046,2026-04-18,2026-05-18,88801.12,30,paid
HIST-004656,CUS-0072,2025-04-07,2025-06-06,47656.55,60,paid
HIST-004657,CUS-0010,2026-03-02,2026-04-16,48452.41,45,paid
HIST-004658,CUS-0139,2025-05-06,2025-07-05,38368.99,60,paid
HIST-004659,CUS-0084,2025-10-02,2025-11-01,28782.86,30,paid
HIST-004660,CUS-0047,2025-08-07,2025-09-06,11808.61,30,paid
HIST-004661,CUS-0082,2025-10-31,2025-11-30,89006.85,30,paid
HIST-004662,CUS-0077,2025-04-17,2025-05-17,40072.36,30,paid
HIST-004663,CUS-0043,2025-09-14,2025-11-13,26169.22,60,paid
HIST-004664,CUS-0158,2025-10-25,2025-12-09,33595.94,45,paid
HIST-004665,CUS-0117,2025-04-24,2025-05-24,59721.88,30,paid
HIST-004666,CUS-0108,2026-05-08,2026-06-07,41492.28,30,paid
HIST-004667,CUS-0065,2026-01-09,2026-02-23,66357.37,45,paid
HIST-004668,CUS-0044,2025-07-11,2025-08-25,47109.92,45,paid
HIST-004669,CUS-0090,2025-11-08,2025-12-23,184638.91,45,paid
HIST-004670,CUS-0106,2026-03-05,2026-03-20,67663.81,15,paid
HIST-004671,CUS-0108,2026-04-20,2026-05-20,57551.74,30,paid
HIST-004672,CUS-0010,2025-09-07,2025-09-22,108417.24,15,paid
HIST-004673,CUS-0107,2026-03-20,2026-04-19,52330.95,30,paid
HIST-004674,CUS-0144,2025-08-10,2025-09-24,35877.35,45,paid
HIST-004675,CUS-0103,2025-09-19,2025-11-18,55469.59,60,paid
HIST-004676,CUS-0156,2026-03-22,2026-05-21,122740.68,60,paid
HIST-004677,CUS-0074,2026-03-29,2026-04-13,23585.33,15,paid
HIST-004678,CUS-0020,2026-02-24,2026-04-25,36808.45,60,paid
HIST-004679,CUS-0095,2025-06-22,2025-08-06,45311.23,45,paid
HIST-004680,CUS-0140,2026-01-27,2026-03-13,37855.56,45,paid
HIST-004681,CUS-0107,2026-05-29,2026-06-28,103981.69,30,paid
HIST-004682,CUS-0012,2026-03-19,2026-05-03,39962.49,45,paid
HIST-004683,CUS-0140,2026-02-16,2026-03-18,85254.74,30,paid
HIST-004684,CUS-0109,2025-11-05,2025-12-05,20216.25,30,paid
HIST-004685,CUS-0101,2025-11-28,2026-01-27,10325.31,60,paid
HIST-004686,CUS-0066,2025-04-09,2025-05-09,52114.61,30,paid
HIST-004687,CUS-0107,2026-01-18,2026-02-17,96313.03,30,paid
HIST-004688,CUS-0008,2025-12-23,2026-02-06,149647.68,45,paid
HIST-004689,CUS-0062,2026-02-17,2026-04-18,25780.38,60,paid
HIST-004690,CUS-0101,2026-02-20,2026-03-22,29278.06,30,paid
HIST-004691,CUS-0104,2026-02-09,2026-04-10,100940.21,60,paid
HIST-004692,CUS-0011,2025-07-03,2025-08-17,70987.92,45,paid
HIST-004693,CUS-0090,2026-05-03,2026-06-02,64161.28,30,paid
HIST-004694,CUS-0028,2025-05-22,2025-07-06,35415.85,45,paid
HIST-004695,CUS-0008,2025-10-10,2025-11-09,4579.29,30,paid
HIST-004696,CUS-0139,2025-06-24,2025-07-24,30235.2,30,paid
HIST-004697,CUS-0010,2026-05-08,2026-06-22,9261.13,45,paid
HIST-004698,CUS-0028,2026-04-20,2026-06-04,90558.89,45,paid
HIST-004699,CUS-0058,2026-04-22,2026-05-07,89954.12,15,paid
HIST-004700,CUS-0104,2026-01-28,2026-02-27,58876.51,30,paid
HIST-004701,CUS-0046,2026-03-07,2026-05-06,92251.29,60,paid
HIST-004702,CUS-0148,2025-07-12,2025-08-11,75476.99,30,paid
HIST-004703,CUS-0005,2025-05-13,2025-07-12,73926.89,60,paid
HIST-004704,CUS-0082,2026-06-02,2026-07-02,47265.84,30,paid
HIST-004705,CUS-0030,2025-12-28,2026-01-12,67214.32,15,paid
HIST-004706,CUS-0006,2025-06-23,2025-08-07,60525.88,45,paid
HIST-004707,CUS-0158,2025-05-02,2025-06-16,47443.7,45,paid
HIST-004708,CUS-0126,2025-06-18,2025-07-18,99535.81,30,paid
HIST-004709,CUS-0023,2025-08-13,2025-09-12,6085.24,30,paid
HIST-004710,CUS-0013,2025-03-17,2025-05-01,23654.14,45,paid
HIST-004711,CUS-0111,2025-11-28,2026-01-12,62972.18,45,paid
HIST-004712,CUS-0055,2026-03-30,2026-04-29,55819.6,30,paid
HIST-004713,CUS-0038,2025-06-24,2025-08-23,46392.46,60,paid
HIST-004714,CUS-0082,2025-06-12,2025-08-11,42247.78,60,paid
HIST-004715,CUS-0076,2026-04-14,2026-05-14,91541.5,30,paid
HIST-004716,CUS-0066,2025-05-12,2025-06-11,222066.6,30,paid
HIST-004717,CUS-0074,2025-05-23,2025-07-22,30137.21,60,paid
HIST-004718,CUS-0089,2025-11-10,2025-11-25,70334.46,15,paid
HIST-004719,CUS-0023,2025-03-16,2025-04-30,29076.39,45,paid
HIST-004720,CUS-0096,2025-04-26,2025-06-10,45256.86,45,paid
HIST-004721,CUS-0041,2026-03-17,2026-05-16,57222.09,60,paid
HIST-004722,CUS-0079,2026-05-11,2026-06-10,94135.41,30,paid
HIST-004723,CUS-0149,2026-01-14,2026-02-28,53475.15,45,paid
HIST-004724,CUS-0096,2026-03-23,2026-05-07,80820.78,45,paid
HIST-004725,CUS-0157,2025-09-10,2025-10-10,12696.94,30,paid
HIST-004726,CUS-0065,2025-09-02,2025-10-02,50458.69,30,paid
HIST-004727,CUS-0027,2025-06-24,2025-07-24,78724.83,30,paid
HIST-004728,CUS-0042,2025-03-22,2025-04-21,13904.46,30,paid
HIST-004729,CUS-0145,2026-04-03,2026-05-18,34919.04,45,paid
HIST-004730,CUS-0072,2025-08-09,2025-09-08,66082.68,30,paid
HIST-004731,CUS-0071,2025-04-24,2025-05-24,57472.15,30,paid
HIST-004732,CUS-0065,2025-03-17,2025-05-16,128648.58,60,paid
HIST-004733,CUS-0054,2025-07-17,2025-08-31,23416.83,45,paid
HIST-004734,CUS-0149,2026-03-25,2026-04-24,18005.52,30,paid
HIST-004735,CUS-0146,2026-01-02,2026-02-01,58350.79,30,paid
HIST-004736,CUS-0091,2026-05-06,2026-06-05,159202.05,30,paid
HIST-004737,CUS-0146,2025-08-15,2025-10-14,32130.41,60,paid
HIST-004738,CUS-0116,2025-06-07,2025-06-22,41206.91,15,paid
HIST-004739,CUS-0061,2025-06-26,2025-08-10,14101.31,45,paid
HIST-004740,CUS-0099,2025-06-29,2025-08-13,30039.6,45,paid
HIST-004741,CUS-0104,2025-11-07,2025-12-07,35967.96,30,paid
HIST-004742,CUS-0122,2025-12-24,2026-02-22,60439.87,60,paid
HIST-004743,CUS-0006,2025-05-23,2025-07-07,57525.85,45,paid
HIST-004744,CUS-0046,2026-02-04,2026-03-21,20280.47,45,paid
HIST-004745,CUS-0019,2026-04-10,2026-06-09,66228.69,60,paid
HIST-004746,CUS-0020,2026-05-06,2026-06-05,16680.23,30,paid
HIST-004747,CUS-0026,2025-07-30,2025-09-13,57477.14,45,paid
HIST-004748,CUS-0159,2026-04-15,2026-05-15,37918.82,30,paid
HIST-004749,CUS-0141,2025-04-26,2025-05-11,183727.63,15,paid
HIST-004750,CUS-0061,2026-03-03,2026-04-02,46872.01,30,paid
HIST-004751,CUS-0054,2026-03-04,2026-04-03,26275.34,30,paid
HIST-004752,CUS-0006,2025-07-26,2025-09-24,45080.87,60,paid
HIST-004753,CUS-0157,2025-03-29,2025-04-28,25703.15,30,paid
HIST-004754,CUS-0037,2025-12-04,2026-01-03,16617.75,30,paid
HIST-004755,CUS-0005,2025-06-13,2025-07-28,289564.96,45,paid
HIST-004756,CUS-0084,2026-05-14,2026-06-28,103823.69,45,paid
HIST-004757,CUS-0053,2026-03-20,2026-05-19,60697.97,60,paid
HIST-004758,CUS-0011,2026-06-02,2026-07-02,7392.29,30,paid
HIST-004759,CUS-0081,2025-03-12,2025-04-26,43296.27,45,paid
HIST-004760,CUS-0059,2026-02-01,2026-04-02,37501.33,60,paid
HIST-004761,CUS-0156,2025-11-17,2025-12-17,22148.95,30,paid
HIST-004762,CUS-0081,2025-10-06,2025-12-05,17321.73,60,paid
HIST-004763,CUS-0103,2025-04-28,2025-06-27,14817.46,60,paid
HIST-004764,CUS-0033,2025-07-10,2025-08-09,69014.64,30,paid
HIST-004765,CUS-0101,2025-07-29,2025-09-27,57090.2,60,paid
HIST-004766,CUS-0008,2026-05-04,2026-06-03,41647.97,30,paid
HIST-004767,CUS-0159,2025-08-14,2025-09-28,79483.24,45,paid
HIST-004768,CUS-0097,2026-04-02,2026-05-02,13338.1,30,paid
HIST-004769,CUS-0154,2026-04-11,2026-05-26,32106.52,45,paid
HIST-004770,CUS-0132,2025-03-15,2025-04-14,54432.92,30,paid
HIST-004771,CUS-0023,2026-01-20,2026-02-04,22724.29,15,paid
HIST-004772,CUS-0090,2025-06-23,2025-07-23,49308.02,30,paid
HIST-004773,CUS-0059,2025-03-24,2025-04-23,32995.3,30,paid
HIST-004774,CUS-0024,2026-05-24,2026-06-23,165080.79,30,paid
HIST-004775,CUS-0007,2025-11-20,2026-01-19,43156.01,60,paid
HIST-004776,CUS-0101,2026-03-09,2026-04-23,82676.82,45,paid
HIST-004777,CUS-0071,2026-03-24,2026-04-23,16766.93,30,paid
HIST-004778,CUS-0070,2026-05-06,2026-06-05,51450.32,30,paid
HIST-004779,CUS-0135,2025-05-20,2025-06-19,49923.28,30,paid
HIST-004780,CUS-0071,2026-03-19,2026-04-18,20873.51,30,paid
HIST-004781,CUS-0042,2025-11-21,2026-01-20,15557.42,60,paid
HIST-004782,CUS-0058,2025-10-23,2025-11-22,122163.47,30,paid
HIST-004783,CUS-0028,2025-09-13,2025-10-13,43191.43,30,paid
HIST-004784,CUS-0043,2026-01-17,2026-03-18,37032.83,60,paid
HIST-004785,CUS-0122,2026-05-19,2026-06-18,16584.6,30,paid
HIST-004786,CUS-0046,2025-05-12,2025-06-11,18946.16,30,paid
HIST-004787,CUS-0037,2025-07-02,2025-08-16,13039.72,45,paid
HIST-004788,CUS-0108,2026-01-12,2026-02-11,22356.69,30,paid
HIST-004789,CUS-0133,2025-09-22,2025-10-22,33265.3,30,paid
HIST-004790,CUS-0099,2026-05-04,2026-06-18,45656.16,45,paid
HIST-004791,CUS-0090,2026-05-26,2026-06-25,97857.12,30,paid
HIST-004792,CUS-0005,2026-03-14,2026-04-13,20329.06,30,paid
HIST-004793,CUS-0046,2025-07-03,2025-08-17,146414.34,45,paid
HIST-004794,CUS-0083,2025-07-12,2025-08-11,257128.83,30,paid
HIST-004795,CUS-0005,2026-01-22,2026-02-21,17421.83,30,paid
HIST-004796,CUS-0096,2025-05-30,2025-06-29,19913.55,30,paid
HIST-004797,CUS-0047,2026-04-27,2026-05-27,207899.2,30,paid
HIST-004798,CUS-0090,2026-02-15,2026-04-01,264155.43,45,paid
HIST-004799,CUS-0039,2025-09-01,2025-10-01,69893.28,30,paid
HIST-004800,CUS-0082,2025-06-12,2025-07-27,34074.27,45,paid
OPEN-00001,CUS-0148,2026-08-19,2026-09-18,88846.67,30,outstanding
OPEN-00002,CUS-0155,2026-07-02,2026-08-01,45135.87,30,outstanding
OPEN-00003,CUS-0133,2026-06-21,2026-08-05,185987.71,45,outstanding
OPEN-00004,CUS-0135,2026-08-11,2026-09-25,65625.84,45,outstanding
OPEN-00005,CUS-0137,2026-07-05,2026-08-04,25992.86,30,outstanding
OPEN-00006,CUS-0038,2026-08-10,2026-09-09,55651.28,30,outstanding
OPEN-00007,CUS-0005,2026-07-21,2026-08-20,60566.84,30,outstanding
OPEN-00008,CUS-0012,2026-07-13,2026-08-12,21650.47,30,outstanding
OPEN-00009,CUS-0010,2026-08-08,2026-08-23,28804.83,15,outstanding
OPEN-00010,CUS-0088,2026-07-30,2026-09-13,28323.14,45,outstanding
OPEN-00011,CUS-0080,2026-07-19,2026-09-02,33546.6,45,outstanding
OPEN-00012,CUS-0096,2026-07-22,2026-09-20,125834.07,60,outstanding
OPEN-00013,CUS-0075,2026-08-07,2026-09-06,134043.72,30,outstanding
OPEN-00014,CUS-0023,2026-07-05,2026-08-04,80160.32,30,outstanding
OPEN-00015,CUS-0122,2026-08-17,2026-09-16,55445.99,30,outstanding
OPEN-00016,CUS-0106,2026-08-23,2026-10-07,38129.04,45,outstanding
OPEN-00017,CUS-0006,2026-08-01,2026-08-31,96553.92,30,outstanding
OPEN-00018,CUS-0017,2026-06-26,2026-08-10,51304.18,45,outstanding
OPEN-00019,CUS-0039,2026-07-02,2026-08-01,36501.75,30,outstanding
OPEN-00020,CUS-0007,2026-07-01,2026-08-15,56949.06,45,outstanding
OPEN-00021,CUS-0148,2026-06-22,2026-07-22,24659.18,30,outstanding
OPEN-00022,CUS-0056,2026-06-29,2026-08-13,18988.37,45,outstanding
OPEN-00023,CUS-0005,2026-08-10,2026-09-24,105008.46,45,outstanding
OPEN-00024,CUS-0033,2026-07-07,2026-08-06,48180.7,30,outstanding
OPEN-00025,CUS-0069,2026-07-05,2026-08-19,122037.54,45,outstanding
OPEN-00026,CUS-0055,2026-08-13,2026-09-12,22411.18,30,outstanding
OPEN-00027,CUS-0135,2026-08-27,2026-09-26,73168.67,30,outstanding
OPEN-00028,CUS-0038,2026-08-09,2026-09-08,193433.98,30,outstanding
OPEN-00029,CUS-0005,2026-07-08,2026-08-07,215856.34,30,outstanding
OPEN-00030,CUS-0063,2026-07-06,2026-09-04,34253.16,60,outstanding
OPEN-00031,CUS-0048,2026-07-29,2026-08-28,45207.09,30,outstanding
OPEN-00032,CUS-0086,2026-08-03,2026-09-02,34782.28,30,outstanding
OPEN-00033,CUS-0159,2026-08-02,2026-09-16,11756.18,45,outstanding
OPEN-00034,CUS-0005,2026-07-26,2026-09-24,53540.69,60,outstanding
OPEN-00035,CUS-0038,2026-07-23,2026-09-06,41291.98,45,outstanding
OPEN-00036,CUS-0035,2026-07-09,2026-08-08,20490.88,30,outstanding
OPEN-00037,CUS-0094,2026-08-05,2026-09-19,93663.54,45,outstanding
OPEN-00038,CUS-0149,2026-06-25,2026-07-25,70880.58,30,outstanding
OPEN-00039,CUS-0066,2026-08-04,2026-09-18,21828.92,45,outstanding
OPEN-00040,CUS-0120,2026-07-28,2026-08-27,15205.16,30,outstanding
OPEN-00041,CUS-0104,2026-08-05,2026-09-19,48172.09,45,outstanding
OPEN-00042,CUS-0008,2026-08-05,2026-09-04,13507.79,30,outstanding
OPEN-00043,CUS-0081,2026-06-28,2026-08-27,63805.1,60,outstanding
OPEN-00044,CUS-0005,2026-08-07,2026-09-21,18578.1,45,outstanding
OPEN-00045,CUS-0044,2026-06-25,2026-07-25,125642.54,30,outstanding
OPEN-00046,CUS-0101,2026-08-11,2026-10-10,81778.74,60,outstanding
OPEN-00047,CUS-0042,2026-08-14,2026-09-13,27413.44,30,outstanding
OPEN-00048,CUS-0036,2026-08-22,2026-09-21,30502.95,30,outstanding
OPEN-00049,CUS-0064,2026-06-21,2026-08-20,5749.3,60,outstanding
OPEN-00050,CUS-0099,2026-07-13,2026-08-12,20340.91,30,outstanding
OPEN-00051,CUS-0014,2026-07-02,2026-08-01,75247.76,30,outstanding
OPEN-00052,CUS-0033,2026-07-06,2026-08-05,91146.47,30,outstanding
OPEN-00053,CUS-0082,2026-06-22,2026-08-21,71621.52,60,outstanding
OPEN-00054,CUS-0010,2026-07-31,2026-08-30,18165.13,30,outstanding
OPEN-00055,CUS-0033,2026-07-25,2026-09-23,15637.5,60,outstanding
OPEN-00056,CUS-0025,2026-08-21,2026-09-20,105046.14,30,outstanding
OPEN-00057,CUS-0033,2026-08-19,2026-10-03,51924.59,45,outstanding
OPEN-00058,CUS-0023,2026-07-22,2026-09-05,41502.79,45,outstanding
OPEN-00059,CUS-0136,2026-08-12,2026-09-11,6469.74,30,outstanding
OPEN-00060,CUS-0014,2026-08-15,2026-08-30,80081.97,15,outstanding
OPEN-00061,CUS-0110,2026-08-23,2026-09-22,117986.27,30,outstanding
OPEN-00062,CUS-0149,2026-08-27,2026-10-11,6811.56,45,outstanding
OPEN-00063,CUS-0124,2026-07-06,2026-09-04,52761.5,60,outstanding
OPEN-00064,CUS-0009,2026-08-07,2026-09-06,10625.58,30,outstanding
OPEN-00065,CUS-0060,2026-06-27,2026-07-27,76888.96,30,outstanding
OPEN-00066,CUS-0023,2026-07-20,2026-09-03,29034.92,45,outstanding
OPEN-00067,CUS-0071,2026-08-16,2026-10-15,17087.6,60,outstanding
OPEN-00068,CUS-0088,2026-06-26,2026-07-26,53936.71,30,outstanding
OPEN-00069,CUS-0039,2026-07-31,2026-09-14,61229.11,45,outstanding
OPEN-00070,CUS-0079,2026-07-10,2026-08-09,21734.05,30,outstanding
OPEN-00071,CUS-0153,2026-07-27,2026-08-26,129399.66,30,outstanding
OPEN-00072,CUS-0062,2026-08-06,2026-09-20,20123.05,45,outstanding
OPEN-00073,CUS-0082,2026-07-12,2026-08-26,116750.35,45,outstanding
OPEN-00074,CUS-0113,2026-08-21,2026-10-20,37958.93,60,outstanding
OPEN-00075,CUS-0023,2026-08-21,2026-09-20,21293.94,30,outstanding
OPEN-00076,CUS-0011,2026-07-27,2026-09-10,149058.97,45,outstanding
OPEN-00077,CUS-0095,2026-08-06,2026-09-05,53224.94,30,outstanding
OPEN-00078,CUS-0095,2026-06-23,2026-08-07,50558.33,45,outstanding
OPEN-00079,CUS-0121,2026-07-12,2026-08-11,63717.25,30,outstanding
OPEN-00080,CUS-0014,2026-08-27,2026-09-26,123122.59,30,outstanding
OPEN-00081,CUS-0055,2026-07-15,2026-08-14,18331.23,30,outstanding
OPEN-00082,CUS-0052,2026-07-21,2026-08-20,35742.52,30,outstanding
OPEN-00083,CUS-0039,2026-07-08,2026-08-07,38152.25,30,outstanding
OPEN-00084,CUS-0087,2026-07-17,2026-08-16,37400.82,30,outstanding
OPEN-00085,CUS-0013,2026-07-29,2026-08-28,86142.55,30,outstanding
OPEN-00086,CUS-0068,2026-08-10,2026-08-25,13597.28,15,outstanding
OPEN-00087,CUS-0132,2026-08-18,2026-09-02,24142.24,15,outstanding
OPEN-00088,CUS-0101,2026-08-01,2026-09-15,117820.6,45,outstanding
OPEN-00089,CUS-0045,2026-08-23,2026-09-22,41987.72,30,outstanding
OPEN-00090,CUS-0135,2026-08-23,2026-10-22,48134.16,60,outstanding
OPEN-00091,CUS-0038,2026-07-25,2026-08-24,48365.39,30,outstanding
OPEN-00092,CUS-0158,2026-07-18,2026-09-01,34961.24,45,outstanding
OPEN-00093,CUS-0160,2026-08-13,2026-09-12,91385.43,30,outstanding
OPEN-00094,CUS-0156,2026-08-14,2026-10-13,24691.27,60,outstanding
OPEN-00095,CUS-0006,2026-08-01,2026-09-15,43826.34,45,outstanding
OPEN-00096,CUS-0081,2026-08-13,2026-09-27,58989.54,45,outstanding
OPEN-00097,CUS-0068,2026-07-12,2026-08-26,12879.36,45,outstanding
OPEN-00098,CUS-0007,2026-07-12,2026-07-27,40301.55,15,outstanding
OPEN-00099,CUS-0061,2026-07-01,2026-08-15,71638.47,45,outstanding
OPEN-00100,CUS-0010,2026-07-28,2026-08-12,17149.83,15,outstanding
OPEN-00101,CUS-0097,2026-07-15,2026-08-14,19680.81,30,outstanding
OPEN-00102,CUS-0077,2026-07-10,2026-08-24,73944.32,45,outstanding
OPEN-00103,CUS-0100,2026-08-20,2026-10-04,58516.96,45,outstanding
OPEN-00104,CUS-0138,2026-07-01,2026-07-31,104478.09,30,outstanding
OPEN-00105,CUS-0086,2026-08-17,2026-09-16,187017.97,30,outstanding
OPEN-00106,CUS-0053,2026-08-20,2026-10-04,7096.59,45,outstanding
OPEN-00107,CUS-0033,2026-06-29,2026-08-28,114218.85,60,outstanding
OPEN-00108,CUS-0027,2026-08-12,2026-09-26,25309.43,45,outstanding
OPEN-00109,CUS-0019,2026-08-18,2026-09-17,65993.53,30,outstanding
OPEN-00110,CUS-0097,2026-08-22,2026-10-06,14379.08,45,outstanding
OPEN-00111,CUS-0006,2026-08-18,2026-10-02,22553.48,45,outstanding
OPEN-00112,CUS-0073,2026-07-16,2026-08-30,15949.82,45,outstanding
OPEN-00113,CUS-0046,2026-07-29,2026-08-28,36124.3,30,outstanding
OPEN-00114,CUS-0159,2026-08-24,2026-10-08,41680.16,45,outstanding
OPEN-00115,CUS-0061,2026-06-27,2026-08-11,41740.77,45,outstanding
OPEN-00116,CUS-0078,2026-08-23,2026-09-22,37175.7,30,outstanding
OPEN-00117,CUS-0021,2026-08-04,2026-09-18,188596.77,45,outstanding
OPEN-00118,CUS-0085,2026-08-03,2026-10-02,19892.04,60,outstanding
OPEN-00119,CUS-0051,2026-06-20,2026-07-05,126181.01,15,outstanding
OPEN-00120,CUS-0030,2026-07-11,2026-08-10,18568.17,30,outstanding
OPEN-00121,CUS-0010,2026-08-06,2026-09-20,49025.98,45,outstanding
OPEN-00122,CUS-0008,2026-06-25,2026-07-25,57706.33,30,outstanding
OPEN-00123,CUS-0014,2026-06-28,2026-07-28,7203.02,30,outstanding
OPEN-00124,CUS-0101,2026-06-26,2026-07-26,134073.3,30,outstanding
OPEN-00125,CUS-0010,2026-08-19,2026-09-03,45258.96,15,outstanding
OPEN-00126,CUS-0036,2026-08-19,2026-10-03,38773.5,45,outstanding
OPEN-00127,CUS-0143,2026-06-19,2026-08-03,18545.88,45,outstanding
OPEN-00128,CUS-0020,2026-08-22,2026-09-21,34958.96,30,outstanding
OPEN-00129,CUS-0040,2026-07-13,2026-07-28,66778.13,15,outstanding
OPEN-00130,CUS-0076,2026-07-28,2026-08-12,50977.26,15,outstanding
OPEN-00131,CUS-0046,2026-08-16,2026-09-15,20662.02,30,outstanding
OPEN-00132,CUS-0011,2026-07-10,2026-08-24,24975.36,45,outstanding
OPEN-00133,CUS-0005,2026-06-21,2026-07-21,69483.53,30,outstanding
OPEN-00134,CUS-0037,2026-08-07,2026-09-06,49540.41,30,outstanding
OPEN-00135,CUS-0009,2026-07-20,2026-09-03,115260.34,45,outstanding
OPEN-00136,CUS-0135,2026-08-06,2026-09-05,87627.28,30,outstanding
OPEN-00137,CUS-0069,2026-07-03,2026-08-02,113533.25,30,outstanding
OPEN-00138,CUS-0090,2026-06-28,2026-08-12,39542.09,45,outstanding
OPEN-00139,CUS-0047,2026-07-28,2026-09-11,41424.02,45,outstanding
OPEN-00140,CUS-0150,2026-07-31,2026-08-30,153952.61,30,outstanding
OPEN-00141,CUS-0049,2026-07-22,2026-08-06,11201.39,15,outstanding
OPEN-00142,CUS-0107,2026-07-11,2026-08-25,6113.63,45,outstanding
OPEN-00143,CUS-0115,2026-06-25,2026-08-09,11454.97,45,outstanding
OPEN-00144,CUS-0037,2026-08-21,2026-09-20,151515.26,30,outstanding
OPEN-00145,CUS-0009,2026-08-21,2026-09-20,120911.13,30,outstanding
OPEN-00146,CUS-0064,2026-07-27,2026-08-26,45542.23,30,outstanding
OPEN-00147,CUS-0099,2026-08-13,2026-09-27,39496.67,45,outstanding
OPEN-00148,CUS-0053,2026-06-22,2026-07-22,48932.35,30,outstanding
OPEN-00149,CUS-0159,2026-08-14,2026-09-13,47368.2,30,outstanding
OPEN-00150,CUS-0064,2026-08-13,2026-09-12,27899.34,30,outstanding
OPEN-00151,CUS-0019,2026-06-27,2026-07-27,44891.17,30,outstanding
OPEN-00152,CUS-0059,2026-06-20,2026-08-04,182707.66,45,outstanding
OPEN-00153,CUS-0089,2026-07-13,2026-08-27,62252.48,45,outstanding
OPEN-00154,CUS-0103,2026-07-05,2026-09-03,6583.7,60,outstanding
OPEN-00155,CUS-0054,2026-07-11,2026-08-10,77341.88,30,outstanding
OPEN-00156,CUS-0046,2026-07-26,2026-08-25,128654.7,30,outstanding
OPEN-00157,CUS-0140,2026-06-19,2026-08-03,23207.11,45,outstanding
OPEN-00158,CUS-0072,2026-07-25,2026-08-09,61328.38,15,outstanding
OPEN-00159,CUS-0020,2026-07-25,2026-08-24,126852.12,30,outstanding
OPEN-00160,CUS-0031,2026-06-21,2026-07-21,14573.58,30,outstanding
OPEN-00161,CUS-0103,2026-07-04,2026-08-03,177349.44,30,outstanding
OPEN-00162,CUS-0042,2026-06-19,2026-07-19,30487.11,30,outstanding
OPEN-00163,CUS-0084,2026-08-01,2026-09-15,51352.75,45,outstanding
OPEN-00164,CUS-0126,2026-08-21,2026-09-20,101956.92,30,outstanding
OPEN-00165,CUS-0033,2026-07-12,2026-08-26,188369.73,45,outstanding
OPEN-00166,CUS-0079,2026-08-10,2026-08-25,17692.61,15,outstanding
OPEN-00167,CUS-0050,2026-08-14,2026-09-28,464210.96,45,outstanding
OPEN-00168,CUS-0154,2026-08-14,2026-09-13,27397.1,30,outstanding
OPEN-00169,CUS-0019,2026-08-11,2026-09-10,699806.3,30,outstanding
OPEN-00170,CUS-0088,2026-08-16,2026-10-15,132482.47,60,outstanding
OPEN-00171,CUS-0122,2026-07-26,2026-08-25,25661.74,30,outstanding
OPEN-00172,CUS-0064,2026-08-23,2026-09-22,27749.46,30,outstanding
OPEN-00173,CUS-0017,2026-07-03,2026-09-01,64059.04,60,outstanding
OPEN-00174,CUS-0102,2026-08-17,2026-09-16,90663.85,30,outstanding
OPEN-00175,CUS-0156,2026-07-22,2026-09-05,16893.39,45,outstanding
OPEN-00176,CUS-0007,2026-07-23,2026-09-06,15778.92,45,outstanding
OPEN-00177,CUS-0103,2026-07-09,2026-08-23,16366.12,45,outstanding
OPEN-00178,CUS-0003,2026-07-15,2026-09-13,22021.73,60,outstanding
OPEN-00179,CUS-0122,2026-07-22,2026-08-21,36281.96,30,outstanding
OPEN-00180,CUS-0082,2026-08-02,2026-09-01,32427.21,30,outstanding
OPEN-00181,CUS-0115,2026-06-25,2026-08-24,45932.84,60,outstanding
OPEN-00182,CUS-0005,2026-08-08,2026-09-07,154130.99,30,outstanding
OPEN-00183,CUS-0038,2026-08-13,2026-10-12,64385.88,60,outstanding
OPEN-00184,CUS-0009,2026-07-08,2026-08-07,21955.71,30,outstanding
OPEN-00185,CUS-0023,2026-07-02,2026-08-16,26684.81,45,outstanding
OPEN-00186,CUS-0130,2026-07-27,2026-09-10,96583.8,45,outstanding
OPEN-00187,CUS-0068,2026-07-15,2026-08-14,28078.9,30,outstanding
OPEN-00188,CUS-0095,2026-08-01,2026-09-15,51115.66,45,outstanding
OPEN-00189,CUS-0082,2026-06-20,2026-08-04,80742.33,45,outstanding
OPEN-00190,CUS-0042,2026-07-31,2026-08-30,140325.68,30,outstanding
OPEN-00191,CUS-0096,2026-08-14,2026-08-29,43281.35,15,outstanding
OPEN-00192,CUS-0010,2026-08-05,2026-09-19,66610.47,45,outstanding
OPEN-00193,CUS-0152,2026-07-12,2026-07-27,17253.54,15,outstanding
OPEN-00194,CUS-0022,2026-08-05,2026-09-19,110056.99,45,outstanding
OPEN-00195,CUS-0071,2026-07-10,2026-08-09,109102.6,30,outstanding
OPEN-00196,CUS-0061,2026-08-02,2026-09-16,11573.75,45,outstanding
OPEN-00197,CUS-0026,2026-07-06,2026-09-04,64277.47,60,outstanding
OPEN-00198,CUS-0140,2026-07-09,2026-08-08,269919.72,30,outstanding
OPEN-00199,CUS-0065,2026-08-12,2026-09-26,123806.5,45,outstanding
OPEN-00200,CUS-0033,2026-07-22,2026-08-21,16690.49,30,outstanding
OPEN-00201,CUS-0046,2026-08-26,2026-09-25,23881.79,30,outstanding
OPEN-00202,CUS-0108,2026-08-03,2026-09-02,11438.36,30,outstanding
OPEN-00203,CUS-0008,2026-06-21,2026-08-05,25631.38,45,outstanding
OPEN-00204,CUS-0110,2026-08-08,2026-09-07,86563.34,30,outstanding
OPEN-00205,CUS-0056,2026-06-20,2026-07-20,58496.0,30,outstanding
OPEN-00206,CUS-0068,2026-07-05,2026-09-03,30635.12,60,outstanding
OPEN-00207,CUS-0136,2026-08-07,2026-10-06,86305.97,60,outstanding
OPEN-00208,CUS-0016,2026-08-25,2026-09-09,123811.36,15,outstanding
OPEN-00209,CUS-0062,2026-07-19,2026-09-17,24562.04,60,outstanding
OPEN-00210,CUS-0105,2026-08-17,2026-10-16,90618.07,60,outstanding
OPEN-00211,CUS-0056,2026-06-27,2026-07-12,28791.99,15,outstanding
OPEN-00212,CUS-0111,2026-07-29,2026-09-12,87115.77,45,outstanding
OPEN-00213,CUS-0050,2026-06-20,2026-08-19,48182.03,60,outstanding
OPEN-00214,CUS-0011,2026-07-01,2026-08-15,20390.57,45,outstanding
OPEN-00215,CUS-0037,2026-08-26,2026-10-25,333598.28,60,outstanding
OPEN-00216,CUS-0110,2026-07-10,2026-08-09,52856.97,30,outstanding
OPEN-00217,CUS-0044,2026-06-20,2026-08-04,48216.94,45,outstanding
OPEN-00218,CUS-0079,2026-07-26,2026-08-25,46387.46,30,outstanding
OPEN-00219,CUS-0065,2026-07-06,2026-08-20,14680.58,45,outstanding
OPEN-00220,CUS-0014,2026-07-28,2026-08-27,9147.07,30,outstanding
OPEN-00221,CUS-0006,2026-08-27,2026-09-26,19873.68,30,outstanding
OPEN-00222,CUS-0141,2026-06-26,2026-07-26,68547.46,30,outstanding
OPEN-00223,CUS-0030,2026-08-05,2026-09-04,14164.58,30,outstanding
OPEN-00224,CUS-0151,2026-07-03,2026-08-17,28041.85,45,outstanding
OPEN-00225,CUS-0006,2026-08-27,2026-09-26,9870.83,30,outstanding
OPEN-00226,CUS-0095,2026-07-11,2026-08-25,68383.83,45,outstanding
OPEN-00227,CUS-0038,2026-07-19,2026-09-02,77517.64,45,outstanding
OPEN-00228,CUS-0039,2026-08-11,2026-09-25,38892.31,45,outstanding
OPEN-00229,CUS-0065,2026-07-26,2026-08-25,39427.15,30,outstanding
OPEN-00230,CUS-0040,2026-08-07,2026-09-06,28316.87,30,outstanding
OPEN-00231,CUS-0033,2026-07-02,2026-08-16,34446.21,45,outstanding
OPEN-00232,CUS-0031,2026-08-11,2026-10-10,17964.95,60,outstanding
OPEN-00233,CUS-0052,2026-07-28,2026-09-26,40063.3,60,outstanding
OPEN-00234,CUS-0012,2026-06-20,2026-07-20,191016.14,30,outstanding
OPEN-00235,CUS-0094,2026-06-27,2026-08-26,67535.31,60,outstanding
OPEN-00236,CUS-0015,2026-08-15,2026-08-30,39659.98,15,outstanding
OPEN-00237,CUS-0023,2026-07-26,2026-09-09,101458.18,45,outstanding
OPEN-00238,CUS-0009,2026-08-10,2026-10-09,49942.74,60,outstanding
OPEN-00239,CUS-0010,2026-06-22,2026-08-06,33139.83,45,outstanding
OPEN-00240,CUS-0009,2026-06-19,2026-07-19,69441.66,30,outstanding
OPEN-00241,CUS-0023,2026-06-22,2026-07-22,31672.78,30,outstanding
OPEN-00242,CUS-0119,2026-08-09,2026-09-08,20488.94,30,outstanding
OPEN-00243,CUS-0017,2026-07-04,2026-08-03,32055.33,30,outstanding
OPEN-00244,CUS-0051,2026-07-26,2026-08-25,10978.78,30,outstanding
OPEN-00245,CUS-0101,2026-08-07,2026-09-21,29805.98,45,outstanding
OPEN-00246,CUS-0108,2026-07-25,2026-09-08,83480.55,45,outstanding
OPEN-00247,CUS-0065,2026-08-15,2026-09-14,22802.76,30,outstanding
OPEN-00248,CUS-0118,2026-07-29,2026-08-28,21692.16,30,outstanding
OPEN-00249,CUS-0059,2026-08-01,2026-09-15,29835.66,45,outstanding
OPEN-00250,CUS-0136,2026-07-28,2026-08-27,217933.49,30,outstanding
OPEN-00251,CUS-0151,2026-08-12,2026-09-11,94354.24,30,outstanding
OPEN-00252,CUS-0068,2026-07-22,2026-08-21,5417.68,30,outstanding
OPEN-00253,CUS-0141,2026-08-12,2026-09-11,26426.97,30,outstanding
OPEN-00254,CUS-0106,2026-06-23,2026-08-22,36602.19,60,outstanding
OPEN-00255,CUS-0134,2026-08-16,2026-08-31,19289.29,15,outstanding
OPEN-00256,CUS-0124,2026-08-04,2026-09-03,20985.33,30,outstanding
OPEN-00257,CUS-0077,2026-07-21,2026-08-20,45752.06,30,outstanding
OPEN-00258,CUS-0038,2026-07-20,2026-08-19,23425.83,30,outstanding
OPEN-00259,CUS-0012,2026-08-18,2026-09-17,103773.12,30,outstanding
OPEN-00260,CUS-0073,2026-07-13,2026-08-27,184226.23,45,outstanding
OPEN-00261,CUS-0006,2026-07-07,2026-08-21,49756.0,45,outstanding
OPEN-00262,CUS-0037,2026-08-02,2026-09-16,10701.38,45,outstanding
OPEN-00263,CUS-0008,2026-07-11,2026-09-09,72106.28,60,outstanding
OPEN-00264,CUS-0126,2026-07-02,2026-08-01,29123.85,30,outstanding
OPEN-00265,CUS-0049,2026-08-15,2026-09-14,37702.58,30,outstanding
OPEN-00266,CUS-0063,2026-08-02,2026-09-01,99096.92,30,outstanding
OPEN-00267,CUS-0117,2026-08-10,2026-09-24,44557.59,45,outstanding
OPEN-00268,CUS-0012,2026-07-06,2026-08-05,59264.77,30,outstanding
OPEN-00269,CUS-0079,2026-08-12,2026-09-26,66326.77,45,outstanding
OPEN-00270,CUS-0039,2026-08-09,2026-09-08,35679.18,30,outstanding
OPEN-00271,CUS-0045,2026-08-21,2026-09-20,33425.77,30,outstanding
OPEN-00272,CUS-0005,2026-07-18,2026-08-17,18947.02,30,outstanding
OPEN-00273,CUS-0092,2026-07-04,2026-08-03,16653.62,30,outstanding
OPEN-00274,CUS-0089,2026-06-22,2026-08-21,50911.75,60,outstanding
OPEN-00275,CUS-0126,2026-07-06,2026-08-05,70899.0,30,outstanding
OPEN-00276,CUS-0078,2026-08-09,2026-10-08,21738.28,60,outstanding
OPEN-00277,CUS-0095,2026-07-12,2026-08-11,29087.64,30,outstanding
OPEN-00278,CUS-0047,2026-07-31,2026-08-30,30684.41,30,outstanding
OPEN-00279,CUS-0071,2026-07-07,2026-08-06,37779.19,30,outstanding
OPEN-00280,CUS-0019,2026-07-24,2026-08-23,73804.23,30,outstanding
OPEN-00281,CUS-0103,2026-07-17,2026-08-16,70823.3,30,outstanding
OPEN-00282,CUS-0097,2026-08-13,2026-09-27,56981.17,45,outstanding
OPEN-00283,CUS-0037,2026-08-01,2026-08-31,52276.07,30,outstanding
OPEN-00284,CUS-0033,2026-06-21,2026-07-21,52116.92,30,outstanding
OPEN-00285,CUS-0011,2026-07-30,2026-08-29,296850.66,30,outstanding
OPEN-00286,CUS-0127,2026-08-14,2026-10-13,98505.75,60,outstanding
OPEN-00287,CUS-0103,2026-07-13,2026-07-28,53233.04,15,outstanding
OPEN-00288,CUS-0139,2026-07-07,2026-07-22,38697.85,15,outstanding
OPEN-00289,CUS-0090,2026-07-22,2026-08-06,15643.05,15,outstanding
OPEN-00290,CUS-0066,2026-07-29,2026-08-28,73589.4,30,outstanding
OPEN-00291,CUS-0001,2026-07-04,2026-07-19,25251.56,15,outstanding
OPEN-00292,CUS-0040,2026-08-07,2026-09-21,74136.78,45,outstanding
OPEN-00293,CUS-0009,2026-08-17,2026-09-16,271521.3,30,outstanding
OPEN-00294,CUS-0015,2026-07-14,2026-08-13,23623.42,30,outstanding
OPEN-00295,CUS-0052,2026-07-23,2026-08-22,76984.91,30,outstanding
OPEN-00296,CUS-0124,2026-07-02,2026-07-17,84015.99,15,outstanding
OPEN-00297,CUS-0135,2026-07-17,2026-08-16,36850.36,30,outstanding
OPEN-00298,CUS-0054,2026-08-01,2026-09-15,9278.91,45,outstanding
OPEN-00299,CUS-0059,2026-07-27,2026-08-26,97930.38,30,outstanding
OPEN-00300,CUS-0133,2026-08-11,2026-09-25,69121.09,45,outstanding
OPEN-00301,CUS-0097,2026-06-26,2026-07-26,58963.44,30,outstanding
OPEN-00302,CUS-0119,2026-07-29,2026-09-12,57294.75,45,outstanding
OPEN-00303,CUS-0144,2026-08-08,2026-08-23,163956.27,15,outstanding
OPEN-00304,CUS-0015,2026-08-23,2026-10-22,50359.05,60,outstanding
OPEN-00305,CUS-0107,2026-06-19,2026-07-19,174715.34,30,outstanding
OPEN-00306,CUS-0101,2026-08-11,2026-09-10,130253.35,30,outstanding
OPEN-00307,CUS-0025,2026-08-08,2026-09-07,74486.68,30,outstanding
OPEN-00308,CUS-0096,2026-08-23,2026-09-22,61915.61,30,outstanding
OPEN-00309,CUS-0148,2026-07-29,2026-08-13,10520.84,15,outstanding
OPEN-00310,CUS-0037,2026-07-11,2026-08-10,36624.07,30,outstanding
OPEN-00311,CUS-0066,2026-07-14,2026-08-28,161531.1,45,outstanding
OPEN-00312,CUS-0147,2026-08-26,2026-09-25,278437.4,30,outstanding
OPEN-00313,CUS-0108,2026-08-05,2026-09-04,22348.3,30,outstanding
OPEN-00314,CUS-0041,2026-06-24,2026-07-24,28229.5,30,outstanding
OPEN-00315,CUS-0050,2026-06-22,2026-07-22,25177.41,30,outstanding
OPEN-00316,CUS-0046,2026-07-29,2026-08-28,32156.47,30,outstanding
OPEN-00317,CUS-0090,2026-08-10,2026-09-09,16371.72,30,outstanding
OPEN-00318,CUS-0046,2026-08-13,2026-09-12,142770.14,30,outstanding
OPEN-00319,CUS-0071,2026-08-03,2026-09-02,13273.24,30,outstanding
OPEN-00320,CUS-0037,2026-08-14,2026-09-13,50779.17,30,outstanding
OPEN-00321,CUS-0034,2026-08-01,2026-08-31,28899.49,30,outstanding
OPEN-00322,CUS-0090,2026-07-03,2026-08-02,170461.78,30,outstanding
OPEN-00323,CUS-0034,2026-06-20,2026-07-20,78359.9,30,outstanding
OPEN-00324,CUS-0038,2026-08-21,2026-10-05,51816.31,45,outstanding
OPEN-00325,CUS-0103,2026-07-19,2026-08-18,259117.1,30,outstanding
OPEN-00326,CUS-0121,2026-08-24,2026-09-23,58379.47,30,outstanding
OPEN-00327,CUS-0087,2026-06-29,2026-08-28,16850.24,60,outstanding
OPEN-00328,CUS-0115,2026-07-14,2026-08-28,52631.87,45,outstanding
OPEN-00329,CUS-0043,2026-06-28,2026-07-28,84096.87,30,outstanding
OPEN-00330,CUS-0019,2026-08-05,2026-09-19,28636.91,45,outstanding
OPEN-00331,CUS-0142,2026-07-20,2026-08-04,28248.36,15,outstanding
OPEN-00332,CUS-0105,2026-07-26,2026-08-25,5350.72,30,outstanding
OPEN-00333,CUS-0100,2026-07-24,2026-08-23,32901.01,30,outstanding
OPEN-00334,CUS-0106,2026-08-03,2026-09-17,20829.91,45,outstanding
OPEN-00335,CUS-0077,2026-08-02,2026-09-01,28126.09,30,outstanding
OPEN-00336,CUS-0039,2026-08-27,2026-10-26,30137.65,60,outstanding
OPEN-00337,CUS-0078,2026-07-05,2026-08-04,18023.3,30,outstanding
OPEN-00338,CUS-0067,2026-06-20,2026-07-20,118062.41,30,outstanding
OPEN-00339,CUS-0151,2026-08-19,2026-09-18,114253.56,30,outstanding
OPEN-00340,CUS-0032,2026-07-27,2026-09-10,225868.35,45,outstanding
OPEN-00341,CUS-0090,2026-08-09,2026-09-23,68317.57,45,outstanding
OPEN-00342,CUS-0152,2026-07-21,2026-09-19,26736.91,60,outstanding
OPEN-00343,CUS-0049,2026-08-19,2026-09-18,40672.07,30,outstanding
OPEN-00344,CUS-0142,2026-07-01,2026-08-30,34994.61,60,outstanding
OPEN-00345,CUS-0106,2026-07-10,2026-08-24,87298.11,45,outstanding
OPEN-00346,CUS-0051,2026-07-15,2026-09-13,14594.45,60,outstanding
OPEN-00347,CUS-0078,2026-06-28,2026-08-27,80449.44,60,outstanding
OPEN-00348,CUS-0019,2026-08-18,2026-10-02,90411.45,45,outstanding
OPEN-00349,CUS-0099,2026-07-28,2026-08-12,186074.76,15,outstanding
OPEN-00350,CUS-0082,2026-07-12,2026-08-11,13344.41,30,outstanding
OPEN-00351,CUS-0047,2026-07-05,2026-08-04,38283.95,30,outstanding
OPEN-00352,CUS-0126,2026-06-29,2026-08-28,62375.07,60,outstanding
OPEN-00353,CUS-0118,2026-08-07,2026-09-21,70955.4,45,outstanding
OPEN-00354,CUS-0135,2026-08-17,2026-10-01,11392.67,45,outstanding
OPEN-00355,CUS-0069,2026-07-10,2026-08-09,18591.58,30,outstanding
OPEN-00356,CUS-0100,2026-07-07,2026-09-05,19125.71,60,outstanding
OPEN-00357,CUS-0069,2026-08-26,2026-10-10,63472.7,45,outstanding
OPEN-00358,CUS-0046,2026-08-22,2026-09-21,25101.75,30,outstanding
OPEN-00359,CUS-0124,2026-08-22,2026-10-06,50535.59,45,outstanding
OPEN-00360,CUS-0035,2026-07-29,2026-08-28,164869.04,30,outstanding
OPEN-00361,CUS-0037,2026-08-14,2026-10-13,194889.77,60,outstanding
OPEN-00362,CUS-0060,2026-06-27,2026-08-11,91678.69,45,outstanding
OPEN-00363,CUS-0079,2026-08-02,2026-09-01,68026.46,30,outstanding
OPEN-00364,CUS-0074,2026-08-03,2026-09-17,77241.64,45,outstanding
OPEN-00365,CUS-0090,2026-07-04,2026-07-19,21224.98,15,outstanding
OPEN-00366,CUS-0140,2026-07-22,2026-09-05,95845.65,45,outstanding
OPEN-00367,CUS-0028,2026-07-04,2026-08-03,56256.69,30,outstanding
OPEN-00368,CUS-0150,2026-06-20,2026-08-19,74095.86,60,outstanding
OPEN-00369,CUS-0062,2026-06-24,2026-07-24,141704.24,30,outstanding
OPEN-00370,CUS-0103,2026-06-20,2026-08-04,27989.74,45,outstanding
OPEN-00371,CUS-0141,2026-06-26,2026-07-26,52617.64,30,outstanding
OPEN-00372,CUS-0006,2026-07-11,2026-08-10,90988.45,30,outstanding
OPEN-00373,CUS-0139,2026-08-01,2026-08-31,11991.43,30,outstanding
OPEN-00374,CUS-0060,2026-07-15,2026-08-29,114682.44,45,outstanding
OPEN-00375,CUS-0097,2026-08-15,2026-09-14,9892.46,30,outstanding
OPEN-00376,CUS-0102,2026-07-17,2026-08-31,71580.12,45,outstanding
OPEN-00377,CUS-0010,2026-08-03,2026-09-17,26803.1,45,outstanding
OPEN-00378,CUS-0139,2026-07-27,2026-09-25,52400.16,60,outstanding
OPEN-00379,CUS-0030,2026-07-18,2026-09-16,19493.72,60,outstanding
OPEN-00380,CUS-0102,2026-07-01,2026-08-15,35855.56,45,outstanding
OPEN-00381,CUS-0062,2026-07-03,2026-08-02,26858.12,30,outstanding
OPEN-00382,CUS-0106,2026-07-10,2026-07-25,31719.11,15,outstanding
OPEN-00383,CUS-0032,2026-08-10,2026-09-09,302833.92,30,outstanding
OPEN-00384,CUS-0106,2026-07-15,2026-08-29,26440.23,45,outstanding
OPEN-00385,CUS-0012,2026-07-14,2026-07-29,28643.97,15,outstanding
OPEN-00386,CUS-0014,2026-08-25,2026-10-09,57059.91,45,outstanding
OPEN-00387,CUS-0037,2026-07-17,2026-08-16,51540.78,30,outstanding
OPEN-00388,CUS-0084,2026-06-26,2026-08-10,27884.49,45,outstanding
OPEN-00389,CUS-0044,2026-06-21,2026-08-20,84950.57,60,outstanding
OPEN-00390,CUS-0149,2026-08-15,2026-09-14,95146.1,30,outstanding
OPEN-00391,CUS-0094,2026-08-26,2026-09-25,37696.05,30,outstanding
OPEN-00392,CUS-0028,2026-07-20,2026-08-04,48959.02,15,outstanding
OPEN-00393,CUS-0088,2026-08-14,2026-09-13,76854.54,30,outstanding
OPEN-00394,CUS-0029,2026-06-26,2026-07-26,30142.25,30,outstanding
OPEN-00395,CUS-0095,2026-06-20,2026-07-20,42579.72,30,outstanding
OPEN-00396,CUS-0010,2026-08-14,2026-08-29,61151.26,15,outstanding
OPEN-00397,CUS-0056,2026-07-11,2026-08-10,108226.48,30,outstanding
OPEN-00398,CUS-0072,2026-08-12,2026-09-26,25466.19,45,outstanding
OPEN-00399,CUS-0114,2026-08-05,2026-09-19,43156.53,45,outstanding
OPEN-00400,CUS-0059,2026-08-03,2026-09-02,38349.68,30,outstanding
OPEN-00401,CUS-0115,2026-08-17,2026-10-01,33332.1,45,outstanding
OPEN-00402,CUS-0018,2026-07-09,2026-08-23,37192.62,45,outstanding
OPEN-00403,CUS-0027,2026-07-28,2026-08-27,24539.48,30,outstanding
OPEN-00404,CUS-0010,2026-06-26,2026-07-26,67906.27,30,outstanding
OPEN-00405,CUS-0035,2026-07-06,2026-08-20,67134.61,45,outstanding
OPEN-00406,CUS-0099,2026-07-05,2026-08-19,64768.5,45,outstanding
OPEN-00407,CUS-0027,2026-06-22,2026-07-22,161670.56,30,outstanding
OPEN-00408,CUS-0057,2026-06-23,2026-07-23,161533.64,30,outstanding
OPEN-00409,CUS-0095,2026-08-11,2026-09-25,15326.4,45,outstanding
OPEN-00410,CUS-0095,2026-08-21,2026-09-20,14088.52,30,outstanding
OPEN-00411,CUS-0008,2026-07-23,2026-08-07,12642.07,15,outstanding
OPEN-00412,CUS-0013,2026-08-01,2026-09-15,49819.32,45,outstanding
OPEN-00413,CUS-0104,2026-07-04,2026-08-03,111655.89,30,outstanding
OPEN-00414,CUS-0110,2026-07-21,2026-08-20,14251.65,30,outstanding
OPEN-00415,CUS-0065,2026-07-02,2026-08-31,24203.18,60,outstanding
OPEN-00416,CUS-0092,2026-08-19,2026-09-03,31462.05,15,outstanding
OPEN-00417,CUS-0069,2026-07-29,2026-08-28,32496.96,30,outstanding
OPEN-00418,CUS-0033,2026-08-09,2026-09-23,48652.25,45,outstanding
OPEN-00419,CUS-0055,2026-06-25,2026-08-09,25508.5,45,outstanding
OPEN-00420,CUS-0108,2026-07-01,2026-07-31,102223.44,30,outstanding
OPEN-00421,CUS-0159,2026-07-31,2026-09-14,36783.39,45,outstanding
OPEN-00422,CUS-0067,2026-06-25,2026-07-25,138103.11,30,outstanding
OPEN-00423,CUS-0061,2026-07-04,2026-08-18,52022.73,45,outstanding
OPEN-00424,CUS-0009,2026-08-16,2026-09-15,36728.96,30,outstanding
OPEN-00425,CUS-0065,2026-07-01,2026-07-31,16009.37,30,outstanding
OPEN-00426,CUS-0028,2026-07-26,2026-08-25,30598.48,30,outstanding
OPEN-00427,CUS-0106,2026-07-07,2026-08-21,133004.61,45,outstanding
OPEN-00428,CUS-0044,2026-06-29,2026-07-29,21992.68,30,outstanding
OPEN-00429,CUS-0060,2026-07-04,2026-08-03,23158.26,30,outstanding
OPEN-00430,CUS-0122,2026-07-06,2026-08-05,61151.22,30,outstanding
OPEN-00431,CUS-0077,2026-07-26,2026-08-25,46507.42,30,outstanding
OPEN-00432,CUS-0044,2026-08-26,2026-10-10,22049.0,45,outstanding
OPEN-00433,CUS-0065,2026-08-11,2026-09-25,28640.28,45,outstanding
OPEN-00434,CUS-0037,2026-07-22,2026-09-20,65294.42,60,outstanding
OPEN-00435,CUS-0098,2026-07-22,2026-09-20,54053.98,60,outstanding
OPEN-00436,CUS-0073,2026-07-28,2026-09-11,96881.6,45,outstanding
OPEN-00437,CUS-0085,2026-07-30,2026-09-13,130035.17,45,outstanding
OPEN-00438,CUS-0007,2026-07-22,2026-08-21,36171.74,30,outstanding
OPEN-00439,CUS-0095,2026-08-06,2026-09-05,58127.05,30,outstanding
OPEN-00440,CUS-0046,2026-08-06,2026-09-20,25453.44,45,outstanding
OPEN-00441,CUS-0060,2026-07-14,2026-07-29,20464.02,15,outstanding
OPEN-00442,CUS-0078,2026-08-12,2026-09-11,8318.13,30,outstanding
OPEN-00443,CUS-0004,2026-07-26,2026-09-09,123683.38,45,outstanding
OPEN-00444,CUS-0087,2026-07-30,2026-09-13,9092.67,45,outstanding
OPEN-00445,CUS-0071,2026-08-03,2026-09-02,66628.99,30,outstanding
OPEN-00446,CUS-0154,2026-08-16,2026-09-30,138267.46,45,outstanding
OPEN-00447,CUS-0062,2026-07-11,2026-08-10,33095.03,30,outstanding
OPEN-00448,CUS-0143,2026-07-06,2026-08-05,15225.81,30,outstanding
OPEN-00449,CUS-0068,2026-07-08,2026-07-23,103968.11,15,outstanding
OPEN-00450,CUS-0059,2026-08-12,2026-09-11,77153.87,30,outstanding
OPEN-00451,CUS-0090,2026-08-21,2026-10-20,79358.53,60,outstanding
OPEN-00452,CUS-0019,2026-07-08,2026-09-06,158332.97,60,outstanding
OPEN-00453,CUS-0033,2026-07-26,2026-09-09,28970.23,45,outstanding
OPEN-00454,CUS-0102,2026-07-27,2026-09-25,22927.48,60,outstanding
OPEN-00455,CUS-0103,2026-08-22,2026-09-21,36240.71,30,outstanding
OPEN-00456,CUS-0037,2026-08-01,2026-08-31,45274.81,30,outstanding
OPEN-00457,CUS-0063,2026-06-27,2026-07-27,70574.37,30,outstanding
OPEN-00458,CUS-0093,2026-07-08,2026-08-07,96321.71,30,outstanding
OPEN-00459,CUS-0058,2026-08-08,2026-09-22,16684.94,45,outstanding
OPEN-00460,CUS-0059,2026-07-25,2026-08-24,85460.17,30,outstanding
OPEN-00461,CUS-0021,2026-07-27,2026-09-25,26186.31,60,outstanding
OPEN-00462,CUS-0160,2026-08-26,2026-09-25,34855.55,30,outstanding
OPEN-00463,CUS-0024,2026-08-14,2026-10-13,38308.79,60,outstanding
OPEN-00464,CUS-0015,2026-07-29,2026-09-12,61623.47,45,outstanding
OPEN-00465,CUS-0035,2026-07-24,2026-08-08,162608.79,15,outstanding
OPEN-00466,CUS-0021,2026-07-21,2026-09-04,76743.62,45,outstanding
OPEN-00467,CUS-0008,2026-08-10,2026-08-25,57006.79,15,outstanding
OPEN-00468,CUS-0019,2026-06-27,2026-07-27,133512.82,30,outstanding
OPEN-00469,CUS-0112,2026-06-22,2026-07-22,30333.17,30,outstanding
OPEN-00470,CUS-0037,2026-08-22,2026-09-21,99850.46,30,outstanding
OPEN-00471,CUS-0029,2026-08-23,2026-09-22,19475.11,30,outstanding
OPEN-00472,CUS-0061,2026-06-20,2026-08-04,22683.17,45,outstanding
OPEN-00473,CUS-0147,2026-08-06,2026-09-05,40748.12,30,outstanding
OPEN-00474,CUS-0068,2026-08-18,2026-09-17,24458.8,30,outstanding
OPEN-00475,CUS-0073,2026-08-03,2026-08-18,153423.76,15,outstanding
OPEN-00476,CUS-0095,2026-08-01,2026-08-31,42113.28,30,outstanding
OPEN-00477,CUS-0061,2026-08-10,2026-09-09,37788.44,30,outstanding
OPEN-00478,CUS-0023,2026-08-22,2026-10-21,10794.91,60,outstanding
OPEN-00479,CUS-0122,2026-07-05,2026-08-04,54700.05,30,outstanding
OPEN-00480,CUS-0023,2026-06-29,2026-08-28,93473.77,60,outstanding
OPEN-00481,CUS-0006,2026-07-01,2026-07-31,118088.52,30,outstanding
OPEN-00482,CUS-0073,2026-08-14,2026-09-13,65191.57,30,outstanding
OPEN-00483,CUS-0156,2026-07-12,2026-08-11,18650.46,30,outstanding
OPEN-00484,CUS-0081,2026-07-01,2026-08-15,219336.26,45,outstanding
OPEN-00485,CUS-0120,2026-07-02,2026-08-01,11845.93,30,outstanding
OPEN-00486,CUS-0105,2026-08-12,2026-09-26,114314.88,45,outstanding
OPEN-00487,CUS-0006,2026-08-06,2026-09-05,28145.69,30,outstanding
OPEN-00488,CUS-0153,2026-07-27,2026-08-26,13295.08,30,outstanding
OPEN-00489,CUS-0023,2026-07-03,2026-09-01,106119.11,60,outstanding
OPEN-00490,CUS-0095,2026-07-02,2026-08-31,34858.56,60,outstanding
OPEN-00491,CUS-0138,2026-07-04,2026-09-02,39845.8,60,outstanding
OPEN-00492,CUS-0001,2026-06-26,2026-08-10,25787.33,45,outstanding
OPEN-00493,CUS-0036,2026-08-15,2026-09-14,14796.37,30,outstanding
OPEN-00494,CUS-0099,2026-06-30,2026-08-29,47402.86,60,outstanding
OPEN-00495,CUS-0005,2026-08-19,2026-09-18,13088.66,30,outstanding
OPEN-00496,CUS-0009,2026-08-12,2026-09-26,37575.48,45,outstanding
OPEN-00497,CUS-0091,2026-08-23,2026-09-22,29246.08,30,outstanding
OPEN-00498,CUS-0130,2026-06-22,2026-07-22,110010.16,30,outstanding
OPEN-00499,CUS-0129,2026-08-21,2026-09-20,171327.73,30,outstanding
OPEN-00500,CUS-0053,2026-06-23,2026-07-23,27923.47,30,outstanding
OPEN-00501,CUS-0099,2026-08-01,2026-09-30,243847.94,60,outstanding
OPEN-00502,CUS-0149,2026-06-30,2026-08-14,55254.35,45,outstanding
OPEN-00503,CUS-0039,2026-08-15,2026-10-14,63526.39,60,outstanding
OPEN-00504,CUS-0141,2026-08-26,2026-09-25,16706.73,30,outstanding
OPEN-00505,CUS-0117,2026-08-10,2026-09-09,198122.66,30,outstanding
OPEN-00506,CUS-0158,2026-07-26,2026-08-25,42629.07,30,outstanding
OPEN-00507,CUS-0103,2026-08-12,2026-09-11,19423.97,30,outstanding
OPEN-00508,CUS-0017,2026-06-29,2026-07-29,98868.12,30,outstanding
OPEN-00509,CUS-0052,2026-08-07,2026-08-22,19311.42,15,outstanding
OPEN-00510,CUS-0063,2026-07-16,2026-08-30,30241.51,45,outstanding
OPEN-00511,CUS-0124,2026-07-23,2026-08-22,19784.34,30,outstanding
OPEN-00512,CUS-0084,2026-07-18,2026-09-01,77541.52,45,outstanding
OPEN-00513,CUS-0065,2026-07-27,2026-09-25,30565.69,60,outstanding
OPEN-00514,CUS-0090,2026-06-25,2026-07-10,30823.04,15,outstanding
OPEN-00515,CUS-0038,2026-08-18,2026-10-17,22916.85,60,outstanding
OPEN-00516,CUS-0121,2026-08-10,2026-09-09,29062.16,30,outstanding
OPEN-00517,CUS-0059,2026-08-06,2026-09-05,19634.39,30,outstanding
OPEN-00518,CUS-0101,2026-07-23,2026-08-22,171176.19,30,outstanding
OPEN-00519,CUS-0071,2026-08-25,2026-10-09,29412.89,45,outstanding
OPEN-00520,CUS-0030,2026-07-06,2026-07-21,65059.98,15,outstanding
OPEN-00521,CUS-0096,2026-08-20,2026-09-19,42622.66,30,outstanding
OPEN-00522,CUS-0061,2026-08-04,2026-09-03,151577.59,30,outstanding
OPEN-00523,CUS-0021,2026-07-03,2026-08-17,28743.21,45,outstanding
OPEN-00524,CUS-0065,2026-08-26,2026-10-10,60333.48,45,outstanding
OPEN-00525,CUS-0124,2026-07-23,2026-09-21,16924.6,60,outstanding
OPEN-00526,CUS-0142,2026-08-04,2026-08-19,17494.63,15,outstanding
OPEN-00527,CUS-0057,2026-08-04,2026-09-03,173647.03,30,outstanding
OPEN-00528,CUS-0052,2026-07-11,2026-08-25,81019.34,45,outstanding
OPEN-00529,CUS-0141,2026-08-05,2026-09-04,17385.45,30,outstanding
OPEN-00530,CUS-0118,2026-07-11,2026-08-10,37010.12,30,outstanding
OPEN-00531,CUS-0077,2026-07-08,2026-08-07,37276.8,30,outstanding
OPEN-00532,CUS-0066,2026-08-02,2026-09-16,44087.12,45,outstanding
OPEN-00533,CUS-0096,2026-08-15,2026-08-30,68694.87,15,outstanding
OPEN-00534,CUS-0023,2026-07-17,2026-08-16,49165.34,30,outstanding
OPEN-00535,CUS-0071,2026-08-07,2026-10-06,88228.75,60,outstanding
OPEN-00536,CUS-0115,2026-08-10,2026-09-24,14507.49,45,outstanding
OPEN-00537,CUS-0005,2026-06-26,2026-07-26,67184.16,30,outstanding
OPEN-00538,CUS-0126,2026-08-22,2026-10-06,30105.74,45,outstanding
OPEN-00539,CUS-0129,2026-07-24,2026-08-23,19545.76,30,outstanding
OPEN-00540,CUS-0128,2026-07-20,2026-08-19,58783.22,30,outstanding
OPEN-00541,CUS-0068,2026-07-11,2026-08-10,148117.85,30,outstanding
OPEN-00542,CUS-0084,2026-08-07,2026-09-21,36303.79,45,outstanding
OPEN-00543,CUS-0115,2026-08-26,2026-09-25,20871.42,30,outstanding
OPEN-00544,CUS-0153,2026-08-07,2026-09-21,108213.68,45,outstanding
OPEN-00545,CUS-0090,2026-08-10,2026-08-25,34701.24,15,outstanding
OPEN-00546,CUS-0093,2026-08-16,2026-10-15,157685.37,60,outstanding
OPEN-00547,CUS-0078,2026-07-24,2026-09-07,83693.34,45,outstanding
OPEN-00548,CUS-0104,2026-07-13,2026-08-12,9404.94,30,outstanding
OPEN-00549,CUS-0124,2026-08-07,2026-08-22,15300.85,15,outstanding
OPEN-00550,CUS-0020,2026-08-07,2026-09-21,31881.8,45,outstanding
OPEN-00551,CUS-0068,2026-08-03,2026-09-02,41478.89,30,outstanding
OPEN-00552,CUS-0099,2026-08-11,2026-09-10,33885.48,30,outstanding
OPEN-00553,CUS-0048,2026-07-19,2026-09-17,43083.63,60,outstanding
OPEN-00554,CUS-0140,2026-07-20,2026-08-19,83305.99,30,outstanding
OPEN-00555,CUS-0035,2026-06-25,2026-07-10,34050.07,15,outstanding
OPEN-00556,CUS-0100,2026-07-14,2026-09-12,107724.65,60,outstanding
OPEN-00557,CUS-0083,2026-08-08,2026-10-07,55618.81,60,outstanding
OPEN-00558,CUS-0068,2026-08-13,2026-09-27,45009.3,45,outstanding
OPEN-00559,CUS-0077,2026-07-22,2026-09-20,339237.91,60,outstanding
OPEN-00560,CUS-0140,2026-07-13,2026-09-11,41673.03,60,outstanding
OPEN-00561,CUS-0071,2026-08-06,2026-09-20,24638.24,45,outstanding
OPEN-00562,CUS-0067,2026-08-07,2026-09-21,33511.59,45,outstanding
OPEN-00563,CUS-0002,2026-07-16,2026-09-14,34507.62,60,outstanding
OPEN-00564,CUS-0008,2026-08-06,2026-09-05,181362.04,30,outstanding
OPEN-00565,CUS-0005,2026-06-27,2026-08-26,44335.73,60,outstanding
OPEN-00566,CUS-0033,2026-08-16,2026-09-30,61096.26,45,outstanding
OPEN-00567,CUS-0149,2026-08-07,2026-10-06,73659.07,60,outstanding
OPEN-00568,CUS-0046,2026-06-22,2026-08-21,103553.93,60,outstanding
OPEN-00569,CUS-0028,2026-07-28,2026-09-11,29140.91,45,outstanding
OPEN-00570,CUS-0133,2026-07-27,2026-09-10,11239.02,45,outstanding
OPEN-00571,CUS-0121,2026-08-13,2026-09-27,33529.4,45,outstanding
OPEN-00572,CUS-0001,2026-07-28,2026-08-27,155850.33,30,outstanding
OPEN-00573,CUS-0033,2026-07-24,2026-08-23,19054.11,30,outstanding
OPEN-00574,CUS-0071,2026-08-22,2026-09-06,45437.67,15,outstanding
OPEN-00575,CUS-0141,2026-06-27,2026-07-12,65629.42,15,outstanding
OPEN-00576,CUS-0074,2026-06-20,2026-08-04,17631.89,45,outstanding
OPEN-00577,CUS-0062,2026-07-29,2026-08-28,60164.87,30,outstanding
OPEN-00578,CUS-0069,2026-07-26,2026-09-24,216314.76,60,outstanding
OPEN-00579,CUS-0149,2026-07-13,2026-08-27,8006.72,45,outstanding
OPEN-00580,CUS-0152,2026-06-30,2026-07-15,42334.21,15,outstanding
OPEN-00581,CUS-0021,2026-07-12,2026-08-11,37325.77,30,outstanding
OPEN-00582,CUS-0060,2026-06-23,2026-08-07,18283.15,45,outstanding
OPEN-00583,CUS-0076,2026-08-15,2026-09-29,25596.22,45,outstanding
OPEN-00584,CUS-0022,2026-08-07,2026-09-06,35458.56,30,outstanding
OPEN-00585,CUS-0113,2026-08-14,2026-09-13,111283.13,30,outstanding
OPEN-00586,CUS-0008,2026-08-16,2026-09-15,61966.99,30,outstanding
OPEN-00587,CUS-0043,2026-08-21,2026-10-05,20898.06,45,outstanding
OPEN-00588,CUS-0119,2026-08-26,2026-09-25,29043.33,30,outstanding
OPEN-00589,CUS-0068,2026-08-24,2026-09-23,22254.83,30,outstanding
OPEN-00590,CUS-0115,2026-07-02,2026-08-16,101397.22,45,outstanding
OPEN-00591,CUS-0002,2026-06-27,2026-08-11,11575.03,45,outstanding
OPEN-00592,CUS-0065,2026-07-01,2026-08-15,60648.59,45,outstanding
OPEN-00593,CUS-0027,2026-07-15,2026-08-14,56158.21,30,outstanding
OPEN-00594,CUS-0046,2026-07-13,2026-09-11,54904.65,60,outstanding
OPEN-00595,CUS-0013,2026-07-09,2026-08-23,37746.11,45,outstanding
OPEN-00596,CUS-0092,2026-08-20,2026-10-04,144737.4,45,outstanding
OPEN-00597,CUS-0081,2026-07-06,2026-08-05,18528.83,30,outstanding
OPEN-00598,CUS-0076,2026-08-11,2026-10-10,93665.19,60,outstanding
OPEN-00599,CUS-0049,2026-08-25,2026-09-24,54564.08,30,outstanding
OPEN-00600,CUS-0078,2026-08-21,2026-09-05,120397.19,15,outstanding
OPEN-00601,CUS-0124,2026-08-10,2026-09-09,10466.07,30,outstanding
OPEN-00602,CUS-0122,2026-06-21,2026-07-21,64897.53,30,outstanding
OPEN-00603,CUS-0041,2026-07-16,2026-08-30,103394.76,45,outstanding
OPEN-00604,CUS-0046,2026-08-01,2026-08-31,62208.61,30,outstanding
OPEN-00605,CUS-0076,2026-07-18,2026-09-01,26806.59,45,outstanding
OPEN-00606,CUS-0014,2026-06-27,2026-07-27,63899.4,30,outstanding
OPEN-00607,CUS-0074,2026-08-18,2026-10-02,27963.41,45,outstanding
OPEN-00608,CUS-0051,2026-08-26,2026-09-25,111575.31,30,outstanding
OPEN-00609,CUS-0107,2026-07-17,2026-08-16,108128.06,30,outstanding
OPEN-00610,CUS-0105,2026-07-07,2026-08-06,51191.75,30,outstanding
OPEN-00611,CUS-0099,2026-08-05,2026-09-19,5540.01,45,outstanding
OPEN-00612,CUS-0022,2026-08-04,2026-09-03,36481.15,30,outstanding
OPEN-00613,CUS-0008,2026-06-20,2026-08-19,15224.5,60,outstanding
OPEN-00614,CUS-0110,2026-08-10,2026-09-09,73816.73,30,outstanding
OPEN-00615,CUS-0014,2026-07-17,2026-08-01,402333.77,15,outstanding
OPEN-00616,CUS-0083,2026-07-30,2026-08-29,39648.97,30,outstanding
OPEN-00617,CUS-0077,2026-08-11,2026-09-25,39082.72,45,outstanding
OPEN-00618,CUS-0123,2026-08-06,2026-09-20,6039.61,45,outstanding
OPEN-00619,CUS-0043,2026-07-03,2026-08-17,162347.78,45,outstanding
OPEN-00620,CUS-0091,2026-06-26,2026-07-26,42565.02,30,outstanding
OPEN-00621,CUS-0078,2026-08-01,2026-08-31,57138.35,30,outstanding
OPEN-00622,CUS-0096,2026-07-31,2026-08-30,22525.49,30,outstanding
OPEN-00623,CUS-0116,2026-06-19,2026-07-19,49082.15,30,outstanding
OPEN-00624,CUS-0018,2026-06-21,2026-08-05,131272.77,45,outstanding
OPEN-00625,CUS-0092,2026-08-08,2026-08-23,14104.18,15,outstanding
OPEN-00626,CUS-0029,2026-08-05,2026-09-19,33973.4,45,outstanding
OPEN-00627,CUS-0103,2026-07-04,2026-08-18,40099.65,45,outstanding
OPEN-00628,CUS-0029,2026-08-16,2026-09-15,52455.56,30,outstanding
OPEN-00629,CUS-0046,2026-06-21,2026-07-21,12337.16,30,outstanding
OPEN-00630,CUS-0099,2026-07-29,2026-09-12,49352.07,45,outstanding
OPEN-00631,CUS-0014,2026-08-01,2026-09-30,43060.81,60,outstanding
OPEN-00632,CUS-0101,2026-08-10,2026-09-09,116792.89,30,outstanding
OPEN-00633,CUS-0006,2026-06-24,2026-08-08,90747.43,45,outstanding
OPEN-00634,CUS-0005,2026-08-21,2026-10-05,75296.27,45,outstanding
OPEN-00635,CUS-0023,2026-08-14,2026-09-28,19869.18,45,outstanding
OPEN-00636,CUS-0036,2026-08-21,2026-09-20,71995.53,30,outstanding
OPEN-00637,CUS-0071,2026-06-28,2026-08-27,16921.73,60,outstanding
OPEN-00638,CUS-0001,2026-08-22,2026-10-06,28285.56,45,outstanding
OPEN-00639,CUS-0008,2026-07-01,2026-07-31,24935.23,30,outstanding
OPEN-00640,CUS-0047,2026-08-15,2026-09-14,22858.44,30,outstanding
OPEN-00641,CUS-0088,2026-06-23,2026-08-07,23928.55,45,outstanding
OPEN-00642,CUS-0071,2026-07-01,2026-08-15,187733.68,45,outstanding
OPEN-00643,CUS-0152,2026-07-28,2026-08-27,99811.43,30,outstanding
OPEN-00644,CUS-0020,2026-07-31,2026-09-14,275156.56,45,outstanding
OPEN-00645,CUS-0001,2026-06-20,2026-07-20,26235.42,30,outstanding
OPEN-00646,CUS-0006,2026-08-06,2026-09-05,21145.62,30,outstanding
OPEN-00647,CUS-0136,2026-08-09,2026-09-08,37419.08,30,outstanding
OPEN-00648,CUS-0070,2026-06-22,2026-08-06,138582.64,45,outstanding
OPEN-00649,CUS-0096,2026-08-16,2026-09-15,11734.93,30,outstanding
OPEN-00650,CUS-0095,2026-07-24,2026-09-07,121641.1,45,outstanding
