payment_id,invoice_id,payment_date,amount_usd,days_late
PAY-004136,HIST-004136,2025-04-08,36152.6,-3
PAY-002212,HIST-002212,2025-04-10,50314.89,-5
PAY-000939,HIST-000939,2025-04-10,56502.25,6
PAY-001948,HIST-001948,2025-04-12,23554.89,12
PAY-000067,HIST-000067,2025-04-14,62549.98,7
PAY-003053,HIST-003053,2025-04-16,47750.61,18
PAY-000660,HIST-000660,2025-04-18,413955.13,15
PAY-000504,HIST-000504,2025-04-18,49636.01,-1
PAY-002211,HIST-002211,2025-04-19,15081.52,0
PAY-002636,HIST-002636,2025-04-19,25650.26,-5
PAY-001844,HIST-001844,2025-04-20,33548.13,4
PAY-000597,HIST-000597,2025-04-24,22033.96,8
PAY-003593,HIST-003593,2025-04-24,94427.97,24
PAY-002102,HIST-002102,2025-04-25,25351.31,12
PAY-001588,HIST-001588,2025-04-26,52520.18,8
PAY-003520,HIST-003520,2025-04-26,7600.34,14
PAY-003915,HIST-003915,2025-04-26,11633.6,15
PAY-000183,HIST-000183,2025-04-27,13551.57,10
PAY-002838,HIST-002838,2025-04-27,89428.44,7
PAY-001443,HIST-001443,2025-04-28,55512.62,10
PAY-003604,HIST-003604,2025-04-28,35309.84,16
PAY-002089,HIST-002089,2025-04-28,25205.29,8
PAY-000713,HIST-000713,2025-04-29,26408.71,2
PAY-004022,HIST-004022,2025-04-29,26406.3,-5
PAY-004649,HIST-004649,2025-04-29,14892.55,7
PAY-000794,HIST-000794,2025-04-29,41121.02,15
PAY-003160,HIST-003160,2025-04-30,87003.65,10
PAY-000833,HIST-000833,2025-04-30,34579.74,8
PAY-003203,HIST-003203,2025-05-01,19948.94,19
PAY-000607,HIST-000607,2025-05-02,25425.23,22
PAY-000734,HIST-000734,2025-05-02,37038.39,22
PAY-004324,HIST-004324,2025-05-03,26649.6,20
PAY-002140,HIST-002140,2025-05-03,98820.89,2
PAY-001514,HIST-001514,2025-05-03,37478.7,18
PAY-003802,HIST-003802,2025-05-04,11927.44,19
PAY-000917,HIST-000917,2025-05-04,24307.42,8
PAY-000107,HIST-000107,2025-05-05,102665.64,19
PAY-000541,HIST-000541,2025-05-05,75259.45,19
PAY-004773,HIST-004773,2025-05-05,32995.3,12
PAY-002540,HIST-002540,2025-05-05,17939.84,16
PAY-003935,HIST-003935,2025-05-05,72976.98,23
PAY-003283,HIST-003283,2025-05-05,55513.13,2
PAY-000248,HIST-000248,2025-05-05,21046.93,20
PAY-001265,HIST-001265,2025-05-06,85327.01,5
PAY-002640,HIST-002640,2025-05-06,64347.49,25
PAY-003567,HIST-003567,2025-05-06,22434.35,25
PAY-003085,HIST-003085,2025-05-06,126980.17,7
PAY-000073,HIST-000073,2025-05-06,38690.01,13
PAY-002941,HIST-002941,2025-05-07,57694.04,29
PAY-002815,HIST-002815,2025-05-07,26108.98,8
PAY-001857,HIST-001857,2025-05-07,18989.79,26
PAY-004442,HIST-004442,2025-05-07,69638.79,13
PAY-002013,HIST-002013,2025-05-07,373567.86,27
PAY-004197,HIST-004197,2025-05-07,60056.96,21
PAY-004068,HIST-004068,2025-05-07,19001.84,16
PAY-000689,HIST-000689,2025-05-07,45686.36,11
PAY-001081,HIST-001081,2025-05-08,59881.37,22
PAY-001019,HIST-001019,2025-05-08,93882.02,18
PAY-002073,HIST-002073,2025-05-08,125334.09,20
PAY-004118,HIST-004118,2025-05-08,42586.68,16
PAY-000166,HIST-000166,2025-05-08,74925.44,20
PAY-003295,HIST-003295,2025-05-09,13713.14,35
PAY-002677,HIST-002677,2025-05-09,23005.38,6
PAY-001281,HIST-001281,2025-05-09,23425.12,5
PAY-001425,HIST-001425,2025-05-10,69417.73,25
PAY-000650,HIST-000650,2025-05-10,42168.03,28
PAY-002346,HIST-002346,2025-05-10,42863.7,18
PAY-003419,HIST-003419,2025-05-10,18973.05,15
PAY-004292,HIST-004292,2025-05-10,38527.44,-1
PAY-001024,HIST-001024,2025-05-10,99539.96,30
PAY-002356,HIST-002356,2025-05-10,15537.38,30
PAY-001270,HIST-001270,2025-05-10,27797.38,14
PAY-004759,HIST-004759,2025-05-10,43296.27,14
PAY-001945,HIST-001945,2025-05-10,56730.67,11
PAY-002954,HIST-002954,2025-05-11,21281.11,22
PAY-004058,HIST-004058,2025-05-11,16342.8,30
PAY-001953,HIST-001953,2025-05-11,95296.64,11
PAY-002889,HIST-002889,2025-05-11,29866.85,28
PAY-004176,HIST-004176,2025-05-11,42721.79,9
PAY-003291,HIST-003291,2025-05-11,81548.54,5
PAY-004398,HIST-004398,2025-05-11,25064.81,13
PAY-004650,HIST-004650,2025-05-11,40033.68,25
PAY-000089,HIST-000089,2025-05-11,153404.91,28
PAY-001118,HIST-001118,2025-05-12,121914.35,30
PAY-004770,HIST-004770,2025-05-12,54432.92,28
PAY-002081,HIST-002081,2025-05-12,45837.03,20
PAY-000487,HIST-000487,2025-05-13,83251.51,31
PAY-000892,HIST-000892,2025-05-13,22894.2,38
PAY-003035,HIST-003035,2025-05-13,188741.04,15
PAY-004098,HIST-004098,2025-05-13,49042.86,32
PAY-000973,HIST-000973,2025-05-13,60899.86,25
PAY-000757,HIST-000757,2025-05-13,13978.89,15
PAY-001474,HIST-001474,2025-05-14,220174.35,24
PAY-001313,HIST-001313,2025-05-14,139581.1,23
PAY-004662,HIST-004662,2025-05-14,40072.36,-3
PAY-003320,HIST-003320,2025-05-14,77755.36,15
PAY-000015,HIST-000015,2025-05-14,52742.45,2
PAY-003101,HIST-003101,2025-05-14,30767.87,17
PAY-002274,HIST-002274,2025-05-14,5688.84,10
PAY-000282,HIST-000282,2025-05-15,15329.74,6
PAY-002370,HIST-002370,2025-05-15,82024.61,32
PAY-004518,HIST-004518,2025-05-16,15589.02,3
PAY-003508,HIST-003508,2025-05-16,20496.6,40
PAY-000004,HIST-000004,2025-05-16,68557.9,19
PAY-000681,HIST-000681,2025-05-16,91519.22,23
PAY-000111,HIST-000111,2025-05-16,24227.62,25
PAY-004178,HIST-004178,2025-05-16,40848.16,15
PAY-000977,HIST-000977,2025-05-16,85288.84,9
PAY-002484,HIST-002484,2025-05-16,17657.08,35
PAY-003144,HIST-003144,2025-05-17,15150.36,20
PAY-000903,HIST-000903,2025-05-17,54662.92,7
PAY-003274,HIST-003274,2025-05-17,69282.64,11
PAY-001300,HIST-001300,2025-05-17,15103.06,12
PAY-004032,HIST-004032,2025-05-17,29238.73,27
PAY-001344,HIST-001344,2025-05-17,149920.39,11
PAY-001374,HIST-001374,2025-05-17,14694.11,6
PAY-004710,HIST-004710,2025-05-17,23654.14,16
PAY-002345,HIST-002345,2025-05-17,67537.41,11
PAY-003765,HIST-003765,2025-05-17,42530.46,14
PAY-000661,HIST-000661,2025-05-18,35058.09,30
PAY-002347,HIST-002347,2025-05-18,36959.64,13
PAY-002602,HIST-002602,2025-05-18,24593.92,41
PAY-000194,HIST-000194,2025-05-18,26343.11,9
PAY-001530,HIST-001530,2025-05-18,41042.97,19
PAY-002006,HIST-002006,2025-05-18,223404.74,31
PAY-003651,HIST-003651,2025-05-19,79966.27,10
PAY-001634,HIST-001634,2025-05-19,50931.51,15
PAY-001759,HIST-001759,2025-05-19,52689.29,30
PAY-004325,HIST-004325,2025-05-19,17544.07,9
PAY-003901,HIST-003901,2025-05-19,16943.9,29
PAY-004060,HIST-004060,2025-05-19,11726.3,8
PAY-003911,HIST-003911,2025-05-19,14133.47,21
PAY-002311,HIST-002311,2025-05-19,69394.75,23
PAY-001244,HIST-001244,2025-05-19,7894.8,29
PAY-004144,HIST-004144,2025-05-19,82993.27,34
PAY-004753,HIST-004753,2025-05-19,25703.15,21
PAY-004113,HIST-004113,2025-05-20,135485.79,28
PAY-001193,HIST-001193,2025-05-20,18536.53,8
PAY-003230,HIST-003230,2025-05-20,95460.69,17
PAY-003384,HIST-003384,2025-05-20,30063.92,41
PAY-001098,HIST-001098,2025-05-20,26819.17,5
PAY-003866,HIST-003866,2025-05-20,31516.44,8
PAY-003208,HIST-003208,2025-05-20,17178.58,23
PAY-003877,HIST-003877,2025-05-20,50968.08,27
PAY-002157,HIST-002157,2025-05-20,19369.48,11
PAY-001967,HIST-001967,2025-05-21,52762.25,27
PAY-003219,HIST-003219,2025-05-21,77086.7,23
PAY-003767,HIST-003767,2025-05-21,49478.55,-5
PAY-000109,HIST-000109,2025-05-21,72816.87,8
PAY-004263,HIST-004263,2025-05-21,30321.6,27
PAY-000014,HIST-000014,2025-05-21,28112.47,4
PAY-003768,HIST-003768,2025-05-21,43774.13,16
PAY-000894,HIST-000894,2025-05-21,19333.39,27
PAY-001954,HIST-001954,2025-05-21,7572.47,13
PAY-004562,HIST-004562,2025-05-21,117885.57,28
PAY-002601,HIST-002601,2025-05-22,46378.37,16
PAY-002291,HIST-002291,2025-05-22,11572.19,13
PAY-003486,HIST-003486,2025-05-23,72146.37,32
PAY-004419,HIST-004419,2025-05-23,39925.71,9
PAY-003220,HIST-003220,2025-05-23,43973.5,0
PAY-004728,HIST-004728,2025-05-23,13904.46,32
PAY-001433,HIST-001433,2025-05-23,59149.51,3
PAY-003528,HIST-003528,2025-05-23,110562.16,12
PAY-002847,HIST-002847,2025-05-23,22930.81,13
PAY-002424,HIST-002424,2025-05-23,33078.27,43
PAY-004284,HIST-004284,2025-05-23,37394.09,-1
PAY-001010,HIST-001010,2025-05-24,66867.96,17
PAY-004614,HIST-004614,2025-05-24,41056.36,26
PAY-001680,HIST-001680,2025-05-24,72633.19,13
PAY-004519,HIST-004519,2025-05-24,45485.14,17
PAY-002096,HIST-002096,2025-05-24,60557.42,28
PAY-003856,HIST-003856,2025-05-24,20675.3,11
PAY-000686,HIST-000686,2025-05-24,29475.95,0
PAY-001286,HIST-001286,2025-05-24,55807.16,28
PAY-002121,HIST-002121,2025-05-24,21821.21,20
PAY-001899,HIST-001899,2025-05-25,43633.3,18
PAY-000216,HIST-000216,2025-05-25,15718.06,28
PAY-002903,HIST-002903,2025-05-25,45590.78,30
PAY-002310,HIST-002310,2025-05-25,87990.08,41
PAY-004164,HIST-004164,2025-05-25,19245.76,26
PAY-004665,HIST-004665,2025-05-25,59721.88,1
PAY-001520,HIST-001520,2025-05-25,19531.0,39
PAY-001974,HIST-001974,2025-05-26,86696.36,27
PAY-002592,HIST-002592,2025-05-26,19348.49,15
PAY-001292,HIST-001292,2025-05-26,53757.71,10
PAY-001756,HIST-001756,2025-05-26,55525.27,31
PAY-002992,HIST-002992,2025-05-26,18252.87,29
PAY-001415,HIST-001415,2025-05-26,80266.13,25
PAY-001361,HIST-001361,2025-05-26,77992.77,30
PAY-004104,HIST-004104,2025-05-26,17083.13,11
PAY-003814,HIST-003814,2025-05-26,26467.49,26
PAY-001435,HIST-001435,2025-05-26,31964.23,13
PAY-000119,HIST-000119,2025-05-26,40579.56,32
PAY-003042,HIST-003042,2025-05-27,122079.8,41
PAY-001989,HIST-001989,2025-05-27,31567.66,25
PAY-001783,HIST-001783,2025-05-27,104028.65,-4
PAY-001958,HIST-001958,2025-05-27,87031.95,14
PAY-001015,HIST-001015,2025-05-27,12559.79,11
PAY-000764,HIST-000764,2025-05-27,117423.5,30
PAY-000826,HIST-000826,2025-05-28,27916.12,42
PAY-001853,HIST-001853,2025-05-28,33321.21,18
PAY-003448,HIST-003448,2025-05-28,36482.96,30
PAY-000947,HIST-000947,2025-05-28,169588.96,39
PAY-002713,HIST-002713,2025-05-28,19692.2,21
PAY-004246,HIST-004246,2025-05-28,21268.61,23
PAY-002292,HIST-002292,2025-05-29,25420.43,33
PAY-003456,HIST-003456,2025-05-29,27039.65,39
PAY-000529,HIST-000529,2025-05-29,73468.54,21
PAY-003786,HIST-003786,2025-05-29,63345.6,16
PAY-000193,HIST-000193,2025-05-29,99611.35,14
PAY-000169,HIST-000169,2025-05-29,51592.53,18
PAY-000613,HIST-000613,2025-05-29,25618.31,9
PAY-003960,HIST-003960,2025-05-29,77842.75,8
PAY-001403,HIST-001403,2025-05-30,16451.66,28
PAY-003124,HIST-003124,2025-05-30,45931.6,9
PAY-003321,HIST-003321,2025-05-30,49158.87,32
PAY-000090,HIST-000090,2025-05-30,128098.8,37
PAY-000827,HIST-000827,2025-05-30,78649.39,21
PAY-003750,HIST-003750,2025-05-30,120791.8,12
PAY-004492,HIST-004492,2025-05-30,17779.35,28
PAY-001862,HIST-001862,2025-05-31,25673.02,38
PAY-002490,HIST-002490,2025-05-31,25803.63,16
PAY-001014,HIST-001014,2025-05-31,51756.4,18
PAY-000427,HIST-000427,2025-05-31,38188.5,18
PAY-001013,HIST-001013,2025-05-31,57833.17,45
PAY-003086,HIST-003086,2025-05-31,18868.75,30
PAY-000122,HIST-000122,2025-05-31,12240.19,33
PAY-003868,HIST-003868,2025-05-31,251332.39,24
PAY-000763,HIST-000763,2025-05-31,131359.72,22
PAY-003998,HIST-003998,2025-06-01,26917.81,11
PAY-001210,HIST-001210,2025-06-01,43874.33,11
PAY-000383,HIST-000383,2025-06-01,23124.86,6
PAY-000423,HIST-000423,2025-06-01,42004.07,15
PAY-004444,HIST-004444,2025-06-01,116512.07,26
PAY-000569,HIST-000569,2025-06-01,18611.21,6
PAY-001539,HIST-001539,2025-06-01,57474.54,27
PAY-003530,HIST-003530,2025-06-01,25833.65,29
PAY-001241,HIST-001241,2025-06-01,16788.39,13
PAY-004327,HIST-004327,2025-06-01,28744.55,25
PAY-001168,HIST-001168,2025-06-01,31560.03,33
PAY-000546,HIST-000546,2025-06-01,184826.09,15
PAY-003617,HIST-003617,2025-06-01,22464.73,2
PAY-000534,HIST-000534,2025-06-02,37045.92,16
PAY-001208,HIST-001208,2025-06-02,166981.3,8
PAY-002244,HIST-002244,2025-06-02,42137.68,12
PAY-002256,HIST-002256,2025-06-02,86340.45,7
PAY-003673,HIST-003673,2025-06-02,21475.62,50
PAY-000726,HIST-000726,2025-06-02,25545.1,35
PAY-002271,HIST-002271,2025-06-02,23345.54,26
PAY-003223,HIST-003223,2025-06-02,35043.33,42
PAY-000941,HIST-000941,2025-06-02,42784.96,19
PAY-003902,HIST-003902,2025-06-02,72765.99,10
PAY-000913,HIST-000913,2025-06-02,36779.94,16
PAY-000523,HIST-000523,2025-06-02,35313.52,39
PAY-001218,HIST-001218,2025-06-03,186016.59,17
PAY-004558,HIST-004558,2025-06-03,105579.8,32
PAY-001554,HIST-001554,2025-06-03,18290.52,5
PAY-003702,HIST-003702,2025-06-03,189849.43,21
PAY-003258,HIST-003258,2025-06-03,23881.67,15
PAY-001422,HIST-001422,2025-06-03,15089.17,17
PAY-000857,HIST-000857,2025-06-03,70015.5,20
PAY-003609,HIST-003609,2025-06-04,16123.16,11
PAY-000614,HIST-000614,2025-06-04,37392.07,22
PAY-001442,HIST-001442,2025-06-04,67013.57,19
PAY-001127,HIST-001127,2025-06-04,132028.28,27
PAY-002778,HIST-002778,2025-06-04,18494.82,-1
PAY-004252,HIST-004252,2025-06-04,158134.26,34
PAY-003913,HIST-003913,2025-06-04,47278.63,19
PAY-003652,HIST-003652,2025-06-04,67226.45,-2
PAY-000222,HIST-000222,2025-06-04,91563.43,19
PAY-004686,HIST-004686,2025-06-04,52114.61,26
PAY-000982,HIST-000982,2025-06-04,47424.85,14
PAY-000200,HIST-000200,2025-06-04,109687.52,9
PAY-000694,HIST-000694,2025-06-05,16234.88,32
PAY-001151,HIST-001151,2025-06-05,199434.21,36
PAY-000473,HIST-000473,2025-06-05,76968.23,9
PAY-000254,HIST-000254,2025-06-05,196909.16,32
PAY-000715,HIST-000715,2025-06-05,38026.04,6
PAY-000384,HIST-000384,2025-06-05,55854.29,-1
PAY-001892,HIST-001892,2025-06-05,99270.59,6
PAY-001647,HIST-001647,2025-06-05,50337.99,10
PAY-001983,HIST-001983,2025-06-05,23087.0,10
PAY-004415,HIST-004415,2025-06-05,25841.26,31
PAY-000331,HIST-000331,2025-06-05,19879.44,26
PAY-004299,HIST-004299,2025-06-05,60114.09,-2
PAY-000161,HIST-000161,2025-06-05,50182.99,24
PAY-000273,HIST-000273,2025-06-05,20829.21,22
PAY-001505,HIST-001505,2025-06-05,43637.91,39
PAY-004258,HIST-004258,2025-06-06,111081.88,19
PAY-001668,HIST-001668,2025-06-06,107229.76,35
PAY-001769,HIST-001769,2025-06-06,13877.76,6
PAY-001785,HIST-001785,2025-06-06,12454.42,39
PAY-004719,HIST-004719,2025-06-06,29076.39,37
PAY-000185,HIST-000185,2025-06-06,56961.84,19
PAY-002151,HIST-002151,2025-06-06,288005.02,45
PAY-002957,HIST-002957,2025-06-06,48530.69,16
PAY-002979,HIST-002979,2025-06-07,18576.1,9
PAY-003177,HIST-003177,2025-06-07,61255.73,37
PAY-004074,HIST-004074,2025-06-07,32672.87,32
PAY-003210,HIST-003210,2025-06-07,26152.03,8
PAY-003318,HIST-003318,2025-06-07,48025.38,22
PAY-001760,HIST-001760,2025-06-07,65422.39,38
PAY-001472,HIST-001472,2025-06-07,16885.71,11
PAY-002358,HIST-002358,2025-06-08,13764.31,7
PAY-001810,HIST-001810,2025-06-08,46681.51,30
PAY-000890,HIST-000890,2025-06-08,149405.17,28
PAY-003952,HIST-003952,2025-06-08,15041.93,14
PAY-001994,HIST-001994,2025-06-08,20924.23,10
PAY-001970,HIST-001970,2025-06-08,93109.92,39
PAY-000449,HIST-000449,2025-06-08,38660.77,38
PAY-002030,HIST-002030,2025-06-08,40481.27,53
PAY-003115,HIST-003115,2025-06-08,47727.71,11
PAY-003596,HIST-003596,2025-06-08,52510.92,36
PAY-004227,HIST-004227,2025-06-08,61315.11,14
PAY-003370,HIST-003370,2025-06-08,78125.94,18
PAY-000309,HIST-000309,2025-06-09,42541.27,25
PAY-000761,HIST-000761,2025-06-09,54383.46,24
PAY-003082,HIST-003082,2025-06-09,38075.62,21
PAY-001446,HIST-001446,2025-06-09,63102.38,4
PAY-000140,HIST-000140,2025-06-09,41823.72,13
PAY-004749,HIST-004749,2025-06-09,183727.63,29
PAY-003920,HIST-003920,2025-06-09,10185.56,9
PAY-002414,HIST-002414,2025-06-09,248747.67,23
PAY-003132,HIST-003132,2025-06-09,51458.26,23
PAY-000298,HIST-000298,2025-06-09,31364.81,10
PAY-004461,HIST-004461,2025-06-10,15002.17,19
PAY-000530,HIST-000530,2025-06-10,79246.54,9
PAY-000935,HIST-000935,2025-06-10,24552.23,29
PAY-002449,HIST-002449,2025-06-10,44925.61,27
PAY-000405,HIST-000405,2025-06-10,236169.44,16
PAY-003461,HIST-003461,2025-06-10,96773.77,31
PAY-000174,HIST-000174,2025-06-10,74961.59,9
PAY-000068,HIST-000068,2025-06-10,42906.84,10
PAY-002555,HIST-002555,2025-06-11,50249.77,27
PAY-003905,HIST-003905,2025-06-11,57745.23,20
PAY-001054,HIST-001054,2025-06-11,17507.84,20
PAY-001579,HIST-001579,2025-06-11,88623.12,37
PAY-003249,HIST-003249,2025-06-11,80141.51,20
PAY-003407,HIST-003407,2025-06-11,16565.43,17
PAY-001451,HIST-001451,2025-06-11,93720.25,10
PAY-001382,HIST-001382,2025-06-11,37294.82,31
PAY-003837,HIST-003837,2025-06-11,51724.02,33
PAY-003371,HIST-003371,2025-06-11,71254.01,35
PAY-000804,HIST-000804,2025-06-11,37816.04,12
PAY-002590,HIST-002590,2025-06-11,11296.6,45
PAY-000304,HIST-000304,2025-06-11,72620.53,35
PAY-001858,HIST-001858,2025-06-12,601549.05,31
PAY-003277,HIST-003277,2025-06-12,17161.9,-5
PAY-004553,HIST-004553,2025-06-12,55577.14,19
PAY-002460,HIST-002460,2025-06-12,17819.82,18
PAY-002242,HIST-002242,2025-06-12,7714.99,23
PAY-003064,HIST-003064,2025-06-12,82655.61,43
PAY-001026,HIST-001026,2025-06-12,33960.3,29
PAY-002993,HIST-002993,2025-06-12,51243.05,44
PAY-002835,HIST-002835,2025-06-12,8863.14,21
PAY-002143,HIST-002143,2025-06-12,28446.33,33
PAY-000918,HIST-000918,2025-06-12,30534.29,13
PAY-001180,HIST-001180,2025-06-12,37631.62,14
PAY-004275,HIST-004275,2025-06-13,18661.56,15
PAY-000835,HIST-000835,2025-06-13,68641.57,3
PAY-003592,HIST-003592,2025-06-13,70638.6,22
PAY-003716,HIST-003716,2025-06-13,16975.41,19
PAY-000471,HIST-000471,2025-06-13,38643.07,3
PAY-002716,HIST-002716,2025-06-13,18787.73,44
PAY-001303,HIST-001303,2025-06-13,24321.62,19
PAY-002920,HIST-002920,2025-06-14,115774.12,51
PAY-004322,HIST-004322,2025-06-14,75850.57,30
PAY-002609,HIST-002609,2025-06-14,41387.67,0
PAY-001029,HIST-001029,2025-06-14,60924.4,35
PAY-003433,HIST-003433,2025-06-14,50132.59,17
PAY-000951,HIST-000951,2025-06-14,30218.62,5
PAY-002258,HIST-002258,2025-06-15,19821.09,38
PAY-004166,HIST-004166,2025-06-15,37157.53,26
PAY-003113,HIST-003113,2025-06-15,32625.65,31
PAY-002409,HIST-002409,2025-06-15,27054.47,21
PAY-001434,HIST-001434,2025-06-15,27510.35,15
PAY-003855,HIST-003855,2025-06-15,13086.93,25
PAY-002655,HIST-002655,2025-06-15,33442.02,3
PAY-004494,HIST-004494,2025-06-15,42996.69,31
PAY-004354,HIST-004354,2025-06-15,31462.42,7
PAY-002557,HIST-002557,2025-06-15,30437.05,32
PAY-004504,HIST-004504,2025-06-16,44505.54,1
PAY-004731,HIST-004731,2025-06-16,57472.15,23
PAY-000441,HIST-000441,2025-06-16,16603.94,22
PAY-000062,HIST-000062,2025-06-16,25401.88,13
PAY-002147,HIST-002147,2025-06-16,212164.42,20
PAY-003036,HIST-003036,2025-06-16,46202.67,9
PAY-002253,HIST-002253,2025-06-16,114326.49,33
PAY-002554,HIST-002554,2025-06-16,18426.99,13
PAY-001766,HIST-001766,2025-06-16,17851.48,17
PAY-001939,HIST-001939,2025-06-16,63141.77,27
PAY-001889,HIST-001889,2025-06-17,34538.59,11
PAY-001473,HIST-001473,2025-06-17,46902.44,27
PAY-003801,HIST-003801,2025-06-17,44869.36,8
PAY-004140,HIST-004140,2025-06-17,60292.42,21
PAY-001249,HIST-001249,2025-06-17,39951.46,30
PAY-003753,HIST-003753,2025-06-17,52728.58,34
PAY-004011,HIST-004011,2025-06-17,33592.45,45
PAY-000510,HIST-000510,2025-06-17,48746.39,25
PAY-001320,HIST-001320,2025-06-17,19834.34,39
PAY-003736,HIST-003736,2025-06-17,18827.37,30
PAY-002619,HIST-002619,2025-06-17,93165.21,40
PAY-001879,HIST-001879,2025-06-17,35763.06,24
PAY-000175,HIST-000175,2025-06-18,22601.32,36
PAY-004078,HIST-004078,2025-06-18,103415.46,20
PAY-000347,HIST-000347,2025-06-18,8701.36,35
PAY-003083,HIST-003083,2025-06-18,96538.3,27
PAY-002447,HIST-002447,2025-06-18,24627.87,34
PAY-000861,HIST-000861,2025-06-18,26808.94,32
PAY-002461,HIST-002461,2025-06-18,226940.62,23
PAY-004208,HIST-004208,2025-06-18,68539.14,24
PAY-001574,HIST-001574,2025-06-18,199986.24,-4
PAY-001545,HIST-001545,2025-06-18,47973.11,21
PAY-002327,HIST-002327,2025-06-18,37669.75,27
PAY-002440,HIST-002440,2025-06-19,32998.9,29
PAY-004549,HIST-004549,2025-06-19,20018.8,31
PAY-000993,HIST-000993,2025-06-19,122355.8,20
PAY-002939,HIST-002939,2025-06-19,43054.63,26
PAY-001519,HIST-001519,2025-06-19,19849.35,62
PAY-004041,HIST-004041,2025-06-19,145148.22,-1
PAY-004392,HIST-004392,2025-06-19,19315.36,27
PAY-003543,HIST-003543,2025-06-19,154729.57,13
PAY-002068,HIST-002068,2025-06-19,69185.42,35
PAY-003417,HIST-003417,2025-06-19,109199.93,27
PAY-004515,HIST-004515,2025-06-19,28347.66,0
PAY-004264,HIST-004264,2025-06-19,60413.4,17
PAY-003434,HIST-003434,2025-06-19,44812.5,21
PAY-002473,HIST-002473,2025-06-20,59585.76,41
PAY-004732,HIST-004732,2025-06-20,128648.58,35
PAY-002967,HIST-002967,2025-06-20,33957.34,31
PAY-001687,HIST-001687,2025-06-20,12253.52,20
PAY-000803,HIST-000803,2025-06-20,39854.66,55
PAY-004223,HIST-004223,2025-06-20,29090.47,6
PAY-001165,HIST-001165,2025-06-20,19082.2,21
PAY-000060,HIST-000060,2025-06-20,35724.47,35
PAY-001898,HIST-001898,2025-06-20,37528.68,52
PAY-000020,HIST-000020,2025-06-20,130724.68,22
PAY-000323,HIST-000323,2025-06-20,29409.77,17
PAY-002563,HIST-002563,2025-06-20,182411.03,16
PAY-004527,HIST-004527,2025-06-21,27298.31,44
PAY-004786,HIST-004786,2025-06-21,18946.16,10
PAY-003654,HIST-003654,2025-06-21,36075.23,49
PAY-004057,HIST-004057,2025-06-21,16853.58,14
PAY-003633,HIST-003633,2025-06-21,40650.88,8
PAY-004455,HIST-004455,2025-06-21,32625.69,32
PAY-002159,HIST-002159,2025-06-21,59863.61,33
PAY-003310,HIST-003310,2025-06-21,37316.22,6
PAY-003225,HIST-003225,2025-06-21,254082.44,11
PAY-002137,HIST-002137,2025-06-21,31861.25,29
PAY-000876,HIST-000876,2025-06-21,28360.22,31
PAY-003879,HIST-003879,2025-06-21,36195.57,8
PAY-003313,HIST-003313,2025-06-21,26243.43,15
PAY-001009,HIST-001009,2025-06-22,26853.67,17
PAY-001558,HIST-001558,2025-06-22,21214.92,-5
PAY-001469,HIST-001469,2025-06-22,20643.41,17
PAY-001744,HIST-001744,2025-06-22,66386.04,18
PAY-002331,HIST-002331,2025-06-22,62870.81,6
PAY-003641,HIST-003641,2025-06-22,30952.96,-3
PAY-002458,HIST-002458,2025-06-22,33320.85,25
PAY-000418,HIST-000418,2025-06-22,52634.59,38
PAY-001458,HIST-001458,2025-06-22,22103.69,-2
PAY-004656,HIST-004656,2025-06-22,47656.55,16
PAY-000030,HIST-000030,2025-06-22,28947.9,34
PAY-003923,HIST-003923,2025-06-23,67757.77,26
PAY-003957,HIST-003957,2025-06-23,151183.68,41
PAY-000339,HIST-000339,2025-06-23,130756.72,9
PAY-003726,HIST-003726,2025-06-23,46451.59,9
PAY-003478,HIST-003478,2025-06-23,276757.0,34
PAY-000949,HIST-000949,2025-06-23,60506.99,45
PAY-000741,HIST-000741,2025-06-23,43481.25,-5
PAY-001553,HIST-001553,2025-06-23,50616.51,39
PAY-001713,HIST-001713,2025-06-23,93266.57,47
PAY-000388,HIST-000388,2025-06-23,17764.35,35
PAY-001841,HIST-001841,2025-06-23,20140.41,21
PAY-001900,HIST-001900,2025-06-23,39057.54,17
PAY-002169,HIST-002169,2025-06-23,131906.67,17
PAY-002178,HIST-002178,2025-06-23,11328.51,14
PAY-001546,HIST-001546,2025-06-23,74050.42,40
PAY-002912,HIST-002912,2025-06-23,81784.91,6
PAY-000063,HIST-000063,2025-06-23,73028.86,53
PAY-002517,HIST-002517,2025-06-24,46409.84,16
PAY-004009,HIST-004009,2025-06-24,21708.0,18
PAY-000528,HIST-000528,2025-06-24,114157.13,58
PAY-003987,HIST-003987,2025-06-24,20855.64,20
PAY-002606,HIST-002606,2025-06-24,95425.85,23
PAY-004028,HIST-004028,2025-06-24,58276.76,58
PAY-002669,HIST-002669,2025-06-24,45921.04,30
PAY-004466,HIST-004466,2025-06-24,38620.98,27
PAY-000727,HIST-000727,2025-06-24,30194.69,34
PAY-002219,HIST-002219,2025-06-24,47177.18,24
PAY-003057,HIST-003057,2025-06-24,40110.07,14
PAY-002380,HIST-002380,2025-06-24,10286.27,38
PAY-003738,HIST-003738,2025-06-24,127933.98,37
PAY-002962,HIST-002962,2025-06-24,35916.04,4
PAY-000769,HIST-000769,2025-06-25,174149.71,13
PAY-004066,HIST-004066,2025-06-25,121943.34,30
PAY-001178,HIST-001178,2025-06-25,9756.03,17
PAY-002281,HIST-002281,2025-06-25,40158.64,22
PAY-001334,HIST-001334,2025-06-25,19897.67,18
PAY-001318,HIST-001318,2025-06-25,55031.58,19
PAY-000788,HIST-000788,2025-06-25,74486.97,11
PAY-003581,HIST-003581,2025-06-25,43952.72,26
PAY-002893,HIST-002893,2025-06-25,94848.54,-2
PAY-004017,HIST-004017,2025-06-25,39194.22,34
PAY-002588,HIST-002588,2025-06-25,55906.52,22
PAY-001963,HIST-001963,2025-06-25,30621.12,15
PAY-002142,HIST-002142,2025-06-25,40785.44,11
PAY-004250,HIST-004250,2025-06-25,40718.75,15
PAY-000150,HIST-000150,2025-06-25,29436.16,24
PAY-000475,HIST-000475,2025-06-25,75488.1,9
PAY-003418,HIST-003418,2025-06-25,81502.38,27
PAY-004707,HIST-004707,2025-06-25,47443.7,9
PAY-000087,HIST-000087,2025-06-26,105777.94,6
PAY-001308,HIST-001308,2025-06-26,19845.85,37
PAY-002902,HIST-002902,2025-06-26,102235.1,25
PAY-001008,HIST-001008,2025-06-26,217840.02,31
PAY-002603,HIST-002603,2025-06-26,8901.2,37
PAY-000968,HIST-000968,2025-06-26,101486.75,28
PAY-000303,HIST-000303,2025-06-26,59928.64,36
PAY-003691,HIST-003691,2025-06-26,91343.65,0
PAY-001345,HIST-001345,2025-06-26,17105.7,10
PAY-002293,HIST-002293,2025-06-26,55071.36,38
PAY-004329,HIST-004329,2025-06-26,77642.81,17
PAY-002542,HIST-002542,2025-06-26,8221.77,30
PAY-000402,HIST-000402,2025-06-26,76166.45,22
PAY-003777,HIST-003777,2025-06-26,68886.36,23
PAY-004374,HIST-004374,2025-06-27,152921.82,16
PAY-000562,HIST-000562,2025-06-27,34069.97,36
PAY-003031,HIST-003031,2025-06-27,36101.66,34
PAY-003432,HIST-003432,2025-06-27,51296.06,33
PAY-002635,HIST-002635,2025-06-27,25834.57,37
PAY-001352,HIST-001352,2025-06-27,17048.2,21
PAY-001405,HIST-001405,2025-06-27,35917.24,28
PAY-000059,HIST-000059,2025-06-27,157061.29,16
PAY-003981,HIST-003981,2025-06-27,49319.02,38
PAY-002631,HIST-002631,2025-06-27,17577.03,4
PAY-001913,HIST-001913,2025-06-27,33521.67,46
PAY-002650,HIST-002650,2025-06-27,78273.1,7
PAY-004305,HIST-004305,2025-06-27,62017.62,23
PAY-001385,HIST-001385,2025-06-27,63810.26,31
PAY-000360,HIST-000360,2025-06-27,81989.94,40
PAY-002825,HIST-002825,2025-06-27,40038.82,20
PAY-002775,HIST-002775,2025-06-28,58877.46,19
PAY-003089,HIST-003089,2025-06-28,44376.06,13
PAY-003301,HIST-003301,2025-06-28,35675.94,24
PAY-004538,HIST-004538,2025-06-28,26443.54,-1
PAY-002621,HIST-002621,2025-06-28,25193.7,19
PAY-004524,HIST-004524,2025-06-28,55421.5,36
PAY-002133,HIST-002133,2025-06-28,99017.27,26
PAY-004071,HIST-004071,2025-06-28,58810.6,-1
PAY-003337,HIST-003337,2025-06-28,19422.72,2
PAY-004096,HIST-004096,2025-06-28,22655.22,13
PAY-002122,HIST-002122,2025-06-28,104814.62,19
PAY-003264,HIST-003264,2025-06-29,64171.31,41
PAY-003793,HIST-003793,2025-06-29,15257.33,19
PAY-003541,HIST-003541,2025-06-29,52702.59,25
PAY-003352,HIST-003352,2025-06-29,137934.07,22
PAY-000608,HIST-000608,2025-06-29,64935.08,3
PAY-003409,HIST-003409,2025-06-29,186203.45,31
PAY-003450,HIST-003450,2025-06-29,57320.14,52
PAY-001868,HIST-001868,2025-06-29,32565.98,46
PAY-004720,HIST-004720,2025-06-29,45256.86,19
PAY-002168,HIST-002168,2025-06-29,18781.73,28
PAY-002572,HIST-002572,2025-06-29,26590.84,20
PAY-004434,HIST-004434,2025-06-29,43528.45,39
PAY-000491,HIST-000491,2025-06-29,21519.2,38
PAY-000622,HIST-000622,2025-06-30,7971.65,25
PAY-004310,HIST-004310,2025-06-30,46462.29,5
PAY-002146,HIST-002146,2025-06-30,31482.1,-4
PAY-002245,HIST-002245,2025-06-30,255214.65,15
PAY-000989,HIST-000989,2025-06-30,40028.07,9
PAY-003440,HIST-003440,2025-06-30,40137.4,15
PAY-000731,HIST-000731,2025-06-30,175696.37,24
PAY-001922,HIST-001922,2025-06-30,41229.51,32
PAY-002093,HIST-002093,2025-06-30,50010.67,24
PAY-000084,HIST-000084,2025-07-01,30328.98,37
PAY-000609,HIST-000609,2025-07-01,23459.04,22
PAY-001778,HIST-001778,2025-07-01,48817.87,22
PAY-000895,HIST-000895,2025-07-01,18961.5,27
PAY-003817,HIST-003817,2025-07-01,22499.35,21
PAY-000604,HIST-000604,2025-07-01,51904.27,31
PAY-002938,HIST-002938,2025-07-01,251459.27,14
PAY-001419,HIST-001419,2025-07-01,56284.91,40
PAY-001356,HIST-001356,2025-07-01,60332.6,43
PAY-004380,HIST-004380,2025-07-02,13793.75,25
PAY-001836,HIST-001836,2025-07-02,31179.63,17
PAY-003244,HIST-003244,2025-07-02,17623.32,22
PAY-003612,HIST-003612,2025-07-02,22021.86,23
PAY-004241,HIST-004241,2025-07-02,256623.19,46
PAY-001725,HIST-001725,2025-07-02,20782.24,19
PAY-000716,HIST-000716,2025-07-02,136517.22,29
PAY-000184,HIST-000184,2025-07-02,32066.14,20
PAY-004301,HIST-004301,2025-07-02,64072.2,10
PAY-000028,HIST-000028,2025-07-02,35626.44,16
PAY-001368,HIST-001368,2025-07-02,22879.85,37
PAY-001688,HIST-001688,2025-07-03,18955.16,15
PAY-003806,HIST-003806,2025-07-03,34620.87,38
PAY-004386,HIST-004386,2025-07-03,52866.22,20
PAY-004528,HIST-004528,2025-07-03,18034.94,11
PAY-000297,HIST-000297,2025-07-03,31655.35,31
PAY-003796,HIST-003796,2025-07-03,163735.5,18
PAY-001735,HIST-001735,2025-07-03,49519.42,28
PAY-000435,HIST-000435,2025-07-03,97796.87,25
PAY-002844,HIST-002844,2025-07-03,12660.5,21
PAY-002821,HIST-002821,2025-07-03,78399.9,16
PAY-002697,HIST-002697,2025-07-03,272740.42,36
PAY-002925,HIST-002925,2025-07-03,239639.1,17
PAY-004458,HIST-004458,2025-07-03,50612.21,13
PAY-004571,HIST-004571,2025-07-04,55337.66,8
PAY-002700,HIST-002700,2025-07-04,17488.34,26
PAY-000308,HIST-000308,2025-07-04,212027.9,19
PAY-000651,HIST-000651,2025-07-04,109060.17,20
PAY-002481,HIST-002481,2025-07-04,41149.31,15
PAY-002508,HIST-002508,2025-07-04,51044.24,40
PAY-002286,HIST-002286,2025-07-04,45727.69,31
PAY-003024,HIST-003024,2025-07-04,290997.96,5
PAY-000342,HIST-000342,2025-07-04,22904.34,56
PAY-003234,HIST-003234,2025-07-04,102374.62,-5
PAY-004779,HIST-004779,2025-07-04,49923.28,15
PAY-002433,HIST-002433,2025-07-05,20709.86,15
PAY-002463,HIST-002463,2025-07-05,19203.23,21
PAY-002050,HIST-002050,2025-07-05,30636.81,6
PAY-003122,HIST-003122,2025-07-05,19430.18,17
PAY-001700,HIST-001700,2025-07-05,19329.9,26
PAY-004077,HIST-004077,2025-07-05,20341.94,18
PAY-004450,HIST-004450,2025-07-05,43118.47,13
PAY-004393,HIST-004393,2025-07-05,36411.68,24
PAY-000701,HIST-000701,2025-07-05,63721.77,30
PAY-001605,HIST-001605,2025-07-05,81464.63,17
PAY-004101,HIST-004101,2025-07-06,95300.96,10
PAY-000990,HIST-000990,2025-07-06,90533.86,45
PAY-003893,HIST-003893,2025-07-06,204357.55,36
PAY-002058,HIST-002058,2025-07-06,47605.67,23
PAY-000831,HIST-000831,2025-07-07,50459.97,6
PAY-000373,HIST-000373,2025-07-07,60367.91,14
PAY-004738,HIST-004738,2025-07-07,41206.91,15
PAY-003532,HIST-003532,2025-07-07,28219.14,19
PAY-000469,HIST-000469,2025-07-07,26610.83,34
PAY-003804,HIST-003804,2025-07-07,52021.44,36
PAY-000106,HIST-000106,2025-07-07,119006.37,38
PAY-003328,HIST-003328,2025-07-07,16530.51,10
PAY-000310,HIST-000310,2025-07-07,56589.58,36
PAY-003387,HIST-003387,2025-07-07,10285.59,37
PAY-004124,HIST-004124,2025-07-07,57012.37,35
PAY-003545,HIST-003545,2025-07-08,19711.7,46
PAY-002312,HIST-002312,2025-07-08,34553.61,16
PAY-001807,HIST-001807,2025-07-08,90788.33,11
PAY-001568,HIST-001568,2025-07-08,106443.75,29
PAY-004505,HIST-004505,2025-07-08,31500.71,57
PAY-000976,HIST-000976,2025-07-08,8476.28,45
PAY-002205,HIST-002205,2025-07-08,25601.33,33
PAY-001969,HIST-001969,2025-07-08,13565.0,48
PAY-000099,HIST-000099,2025-07-08,12297.44,29
PAY-000078,HIST-000078,2025-07-08,30321.6,33
PAY-000664,HIST-000664,2025-07-09,48140.17,36
PAY-000414,HIST-000414,2025-07-09,15530.75,40
PAY-004280,HIST-004280,2025-07-09,29894.7,25
PAY-002628,HIST-002628,2025-07-09,49558.67,30
PAY-004019,HIST-004019,2025-07-09,70236.91,22
PAY-000577,HIST-000577,2025-07-09,15306.62,17
PAY-004015,HIST-004015,2025-07-09,48875.76,23
PAY-002336,HIST-002336,2025-07-09,48772.29,30
PAY-004581,HIST-004581,2025-07-09,52293.91,15
PAY-000279,HIST-000279,2025-07-09,29554.46,28
PAY-004429,HIST-004429,2025-07-09,150725.74,14
PAY-001706,HIST-001706,2025-07-09,90441.3,33
PAY-004463,HIST-004463,2025-07-10,58575.36,32
PAY-001829,HIST-001829,2025-07-10,34041.08,24
PAY-001716,HIST-001716,2025-07-10,51782.93,46
PAY-001084,HIST-001084,2025-07-10,56493.64,21
PAY-002819,HIST-002819,2025-07-10,14245.51,25
PAY-001980,HIST-001980,2025-07-10,105164.6,9
PAY-004716,HIST-004716,2025-07-10,222066.6,29
PAY-001366,HIST-001366,2025-07-10,22112.88,18
PAY-003049,HIST-003049,2025-07-10,18842.74,43
PAY-004556,HIST-004556,2025-07-10,79140.11,15
PAY-003936,HIST-003936,2025-07-10,19070.61,29
PAY-000492,HIST-000492,2025-07-11,22223.91,29
PAY-003294,HIST-003294,2025-07-11,34797.17,15
PAY-003515,HIST-003515,2025-07-11,37321.79,8
PAY-004431,HIST-004431,2025-07-11,52974.46,38
PAY-001135,HIST-001135,2025-07-11,24496.61,26
PAY-000958,HIST-000958,2025-07-12,89274.67,36
PAY-001094,HIST-001094,2025-07-12,84304.03,28
PAY-001544,HIST-001544,2025-07-12,40632.8,31
PAY-000549,HIST-000549,2025-07-12,29789.57,37
PAY-002633,HIST-002633,2025-07-12,34224.5,37
PAY-000130,HIST-000130,2025-07-12,27606.43,32
PAY-003213,HIST-003213,2025-07-12,44928.71,49
PAY-001689,HIST-001689,2025-07-12,34919.33,6
PAY-002597,HIST-002597,2025-07-12,34495.01,24
PAY-003289,HIST-003289,2025-07-13,70839.11,13
PAY-004278,HIST-004278,2025-07-13,20245.98,28
PAY-003664,HIST-003664,2025-07-13,35725.03,10
PAY-004796,HIST-004796,2025-07-13,19913.55,14
PAY-000191,HIST-000191,2025-07-13,38037.42,38
PAY-004150,HIST-004150,2025-07-13,26414.66,25
PAY-003094,HIST-003094,2025-07-13,86510.06,27
PAY-000260,HIST-000260,2025-07-13,29387.07,25
PAY-000256,HIST-000256,2025-07-13,56122.96,22
PAY-000904,HIST-000904,2025-07-13,18179.22,45
PAY-000884,HIST-000884,2025-07-13,67121.81,18
PAY-003252,HIST-003252,2025-07-14,6370.52,17
PAY-003481,HIST-003481,2025-07-14,39452.31,32
PAY-001149,HIST-001149,2025-07-14,21809.64,19
PAY-001594,HIST-001594,2025-07-14,46400.33,26
PAY-001987,HIST-001987,2025-07-14,52744.79,-5
PAY-004279,HIST-004279,2025-07-14,31089.3,32
PAY-000874,HIST-000874,2025-07-14,34787.93,27
PAY-002667,HIST-002667,2025-07-14,25312.13,15
PAY-003311,HIST-003311,2025-07-14,8002.63,0
PAY-002537,HIST-002537,2025-07-14,23984.4,-4
PAY-001910,HIST-001910,2025-07-14,83358.49,27
PAY-004534,HIST-004534,2025-07-15,39124.17,45
PAY-000446,HIST-000446,2025-07-15,21528.2,54
PAY-003883,HIST-003883,2025-07-15,70267.33,10
PAY-002192,HIST-002192,2025-07-15,17385.89,20
PAY-002394,HIST-002394,2025-07-15,55952.04,16
PAY-003267,HIST-003267,2025-07-15,37720.81,2
PAY-004583,HIST-004583,2025-07-15,64980.78,36
PAY-001882,HIST-001882,2025-07-15,52905.61,30
PAY-000333,HIST-000333,2025-07-15,52384.08,16
PAY-000792,HIST-000792,2025-07-16,37937.33,33
PAY-001683,HIST-001683,2025-07-16,80722.47,41
PAY-003065,HIST-003065,2025-07-16,31480.13,47
PAY-002638,HIST-002638,2025-07-16,254025.35,26
PAY-001074,HIST-001074,2025-07-16,26493.15,21
PAY-002701,HIST-002701,2025-07-16,64577.61,20
PAY-002940,HIST-002940,2025-07-16,40476.01,61
PAY-003946,HIST-003946,2025-07-16,82539.34,42
PAY-001316,HIST-001316,2025-07-16,38264.22,1
PAY-003815,HIST-003815,2025-07-16,55075.42,8
PAY-000823,HIST-000823,2025-07-16,33440.94,28
PAY-002596,HIST-002596,2025-07-16,120941.07,28
PAY-000755,HIST-000755,2025-07-17,26159.29,37
PAY-002989,HIST-002989,2025-07-17,43113.02,29
PAY-000675,HIST-000675,2025-07-17,83829.91,22
PAY-001937,HIST-001937,2025-07-17,25928.49,36
PAY-001086,HIST-001086,2025-07-17,37676.57,30
PAY-003833,HIST-003833,2025-07-17,22373.17,39
PAY-001712,HIST-001712,2025-07-17,12141.15,35
PAY-003752,HIST-003752,2025-07-18,47931.06,15
PAY-002514,HIST-002514,2025-07-18,94427.84,19
PAY-000548,HIST-000548,2025-07-18,54291.25,16
PAY-004743,HIST-004743,2025-07-18,57525.85,11
PAY-002371,HIST-002371,2025-07-18,36614.39,8
PAY-002874,HIST-002874,2025-07-18,17848.57,29
PAY-002092,HIST-002092,2025-07-18,23270.49,23
PAY-003715,HIST-003715,2025-07-18,19682.4,8
PAY-001261,HIST-001261,2025-07-18,19571.55,-2
PAY-004437,HIST-004437,2025-07-18,35562.45,12
PAY-000697,HIST-000697,2025-07-18,69614.61,39
PAY-002774,HIST-002774,2025-07-18,53611.2,32
PAY-000995,HIST-000995,2025-07-18,30287.78,4
PAY-003080,HIST-003080,2025-07-19,55680.2,29
PAY-000780,HIST-000780,2025-07-19,25376.52,22
PAY-003145,HIST-003145,2025-07-19,42562.44,22
PAY-003483,HIST-003483,2025-07-19,12529.88,17
PAY-000179,HIST-000179,2025-07-19,13759.07,-4
PAY-002915,HIST-002915,2025-07-19,34105.4,17
PAY-000404,HIST-000404,2025-07-19,52770.53,42
PAY-002552,HIST-002552,2025-07-19,18198.51,29
PAY-004235,HIST-004235,2025-07-19,25574.25,18
PAY-001384,HIST-001384,2025-07-19,72285.96,24
PAY-003942,HIST-003942,2025-07-19,8715.02,31
PAY-001052,HIST-001052,2025-07-20,14690.83,33
PAY-000019,HIST-000019,2025-07-20,31331.89,31
PAY-003666,HIST-003666,2025-07-20,15649.32,29
PAY-000560,HIST-000560,2025-07-20,10939.18,28
PAY-001999,HIST-001999,2025-07-20,84776.95,26
PAY-004449,HIST-004449,2025-07-20,12591.53,-5
PAY-001979,HIST-001979,2025-07-20,16079.33,5
PAY-003001,HIST-003001,2025-07-20,37120.54,23
PAY-002029,HIST-002029,2025-07-21,103123.8,27
PAY-001968,HIST-001968,2025-07-21,23160.26,24
PAY-002451,HIST-002451,2025-07-21,125384.89,20
PAY-003019,HIST-003019,2025-07-21,52190.07,38
PAY-004313,HIST-004313,2025-07-21,33323.83,6
PAY-001741,HIST-001741,2025-07-21,51424.25,33
PAY-001414,HIST-001414,2025-07-21,87257.44,25
PAY-003052,HIST-003052,2025-07-22,70335.22,-4
PAY-000736,HIST-000736,2025-07-22,113843.45,21
PAY-001457,HIST-001457,2025-07-22,26032.11,29
PAY-003993,HIST-003993,2025-07-22,24572.47,34
PAY-001661,HIST-001661,2025-07-22,20692.45,33
PAY-004488,HIST-004488,2025-07-22,81475.95,11
PAY-003975,HIST-003975,2025-07-22,28821.46,44
PAY-001227,HIST-001227,2025-07-22,24270.21,27
PAY-000864,HIST-000864,2025-07-22,33531.64,38
PAY-001160,HIST-001160,2025-07-22,42792.49,9
PAY-002745,HIST-002745,2025-07-22,24795.91,28
PAY-002753,HIST-002753,2025-07-22,23985.85,24
PAY-003110,HIST-003110,2025-07-22,11235.58,7
PAY-000992,HIST-000992,2025-07-22,16233.37,21
PAY-004298,HIST-004298,2025-07-22,55017.36,27
PAY-000135,HIST-000135,2025-07-22,42819.41,29
PAY-003232,HIST-003232,2025-07-22,41905.71,-5
PAY-000296,HIST-000296,2025-07-23,39065.53,38
PAY-004123,HIST-004123,2025-07-23,29039.92,13
PAY-003098,HIST-003098,2025-07-23,25587.74,45
PAY-003169,HIST-003169,2025-07-23,30739.08,18
PAY-001071,HIST-001071,2025-07-23,35263.76,32
PAY-003427,HIST-003427,2025-07-23,128908.46,-5
PAY-000981,HIST-000981,2025-07-23,28818.35,23
PAY-002610,HIST-002610,2025-07-23,51261.02,13
PAY-002505,HIST-002505,2025-07-23,41858.8,11
PAY-002207,HIST-002207,2025-07-24,49479.53,16
PAY-000467,HIST-000467,2025-07-24,145914.16,21
PAY-003374,HIST-003374,2025-07-24,22207.46,41
PAY-000967,HIST-000967,2025-07-24,41624.48,21
PAY-001715,HIST-001715,2025-07-24,80483.89,12
PAY-002252,HIST-002252,2025-07-24,41532.75,35
PAY-000595,HIST-000595,2025-07-24,34744.42,24
PAY-003510,HIST-003510,2025-07-24,32854.48,17
PAY-001034,HIST-001034,2025-07-24,40656.02,20
PAY-003202,HIST-003202,2025-07-24,26673.78,32
PAY-002773,HIST-002773,2025-07-24,17202.58,13
PAY-002758,HIST-002758,2025-07-24,150095.92,7
PAY-002917,HIST-002917,2025-07-25,49208.94,32
PAY-002622,HIST-002622,2025-07-25,48212.11,29
PAY-000018,HIST-000018,2025-07-25,37936.41,17
PAY-002393,HIST-002393,2025-07-25,65393.61,8
PAY-000220,HIST-000220,2025-07-25,42355.99,28
PAY-003517,HIST-003517,2025-07-25,154750.13,21
PAY-000934,HIST-000934,2025-07-25,47776.17,43
PAY-001835,HIST-001835,2025-07-25,49810.86,48
PAY-002692,HIST-002692,2025-07-25,40372.42,21
PAY-001073,HIST-001073,2025-07-25,54060.26,35
PAY-004574,HIST-004574,2025-07-25,35916.27,37
PAY-003348,HIST-003348,2025-07-25,96249.49,43
PAY-003557,HIST-003557,2025-07-26,28425.89,16
PAY-000616,HIST-000616,2025-07-26,9844.5,26
PAY-004626,HIST-004626,2025-07-26,196867.74,19
PAY-003054,HIST-003054,2025-07-26,115225.09,29
PAY-002056,HIST-002056,2025-07-26,37570.72,8
PAY-001506,HIST-001506,2025-07-26,14572.81,6
PAY-000678,HIST-000678,2025-07-26,14243.67,27
PAY-002728,HIST-002728,2025-07-26,22675.97,51
PAY-003442,HIST-003442,2025-07-26,18861.02,15
PAY-001772,HIST-001772,2025-07-26,94891.42,-3
PAY-004658,HIST-004658,2025-07-26,38368.99,21
PAY-001324,HIST-001324,2025-07-26,11439.87,14
PAY-003683,HIST-003683,2025-07-26,15614.95,36
PAY-000307,HIST-000307,2025-07-26,20822.5,29
PAY-001152,HIST-001152,2025-07-26,6548.82,8
PAY-002888,HIST-002888,2025-07-27,17482.55,53
PAY-004446,HIST-004446,2025-07-27,57803.26,23
PAY-002974,HIST-002974,2025-07-27,15396.08,13
PAY-004694,HIST-004694,2025-07-27,35415.85,21
PAY-000080,HIST-000080,2025-07-27,55795.27,44
PAY-003742,HIST-003742,2025-07-27,45814.71,25
PAY-004229,HIST-004229,2025-07-27,55011.28,57
PAY-002323,HIST-002323,2025-07-28,34662.74,11
PAY-003175,HIST-003175,2025-07-28,41799.54,26
PAY-001681,HIST-001681,2025-07-28,186289.57,11
PAY-003997,HIST-003997,2025-07-28,39936.15,17
PAY-003355,HIST-003355,2025-07-28,82534.32,8
PAY-002786,HIST-002786,2025-07-28,20487.5,28
PAY-004703,HIST-004703,2025-07-28,73926.89,16
PAY-001156,HIST-001156,2025-07-28,55832.39,10
PAY-002375,HIST-002375,2025-07-28,72388.86,23
PAY-003004,HIST-003004,2025-07-28,47409.06,42
PAY-004308,HIST-004308,2025-07-28,22794.18,27
PAY-001430,HIST-001430,2025-07-28,8004.26,22
PAY-003962,HIST-003962,2025-07-28,26323.9,11
PAY-000076,HIST-000076,2025-07-29,37947.73,39
PAY-001551,HIST-001551,2025-07-29,18802.06,13
PAY-000508,HIST-000508,2025-07-29,89559.54,25
PAY-003769,HIST-003769,2025-07-29,12545.05,24
PAY-002187,HIST-002187,2025-07-29,93309.46,33
PAY-000367,HIST-000367,2025-07-29,13115.47,22
PAY-000137,HIST-000137,2025-07-29,19400.74,21
PAY-002170,HIST-002170,2025-07-29,54554.59,6
PAY-001790,HIST-001790,2025-07-29,8591.27,42
PAY-000920,HIST-000920,2025-07-30,107901.88,19
PAY-003988,HIST-003988,2025-07-30,18587.43,13
PAY-002105,HIST-002105,2025-07-30,27261.92,45
PAY-000302,HIST-000302,2025-07-30,44885.35,36
PAY-001090,HIST-001090,2025-07-30,60536.32,17
PAY-003862,HIST-003862,2025-07-30,178816.75,34
PAY-000047,HIST-000047,2025-07-30,20256.32,15
PAY-000422,HIST-000422,2025-07-30,12893.93,17
PAY-000825,HIST-000825,2025-07-30,26065.73,21
PAY-000381,HIST-000381,2025-07-30,161642.16,16
PAY-000155,HIST-000155,2025-07-30,7305.81,19
PAY-004045,HIST-004045,2025-07-31,52287.67,23
PAY-001112,HIST-001112,2025-07-31,23424.07,40
PAY-002593,HIST-002593,2025-07-31,32616.48,35
PAY-001752,HIST-001752,2025-07-31,47053.64,47
PAY-002704,HIST-002704,2025-08-01,89201.12,33
PAY-004162,HIST-004162,2025-08-01,61229.46,34
PAY-001017,HIST-001017,2025-08-01,11311.18,-1
PAY-000924,HIST-000924,2025-08-01,51548.34,10
PAY-002860,HIST-002860,2025-08-01,50332.0,32
PAY-001976,HIST-001976,2025-08-01,59931.24,35
PAY-000589,HIST-000589,2025-08-01,9101.58,7
PAY-002136,HIST-002136,2025-08-01,20315.98,24
PAY-001737,HIST-001737,2025-08-01,44376.22,26
PAY-001175,HIST-001175,2025-08-02,24541.8,54
PAY-002782,HIST-002782,2025-08-02,32829.66,-5
PAY-000724,HIST-000724,2025-08-02,45107.21,12
PAY-000793,HIST-000793,2025-08-02,153541.84,34
PAY-000930,HIST-000930,2025-08-02,131072.2,3
PAY-002963,HIST-002963,2025-08-02,69157.81,19
PAY-004477,HIST-004477,2025-08-02,83023.53,21
PAY-001644,HIST-001644,2025-08-02,19612.46,38
PAY-001309,HIST-001309,2025-08-02,16697.3,8
PAY-003108,HIST-003108,2025-08-03,311721.17,10
PAY-003279,HIST-003279,2025-08-03,133388.54,6
PAY-000834,HIST-000834,2025-08-03,76103.64,38
PAY-000145,HIST-000145,2025-08-03,105383.9,30
PAY-001417,HIST-001417,2025-08-03,31359.09,35
PAY-002412,HIST-002412,2025-08-03,14876.52,14
PAY-004108,HIST-004108,2025-08-03,42921.14,35
PAY-004021,HIST-004021,2025-08-03,45912.78,28
PAY-002455,HIST-002455,2025-08-03,44960.83,39
PAY-000462,HIST-000462,2025-08-03,30640.04,34
PAY-002729,HIST-002729,2025-08-03,31339.29,8
PAY-000007,HIST-000007,2025-08-03,95906.1,9
PAY-000244,HIST-000244,2025-08-03,26924.72,42
PAY-003350,HIST-003350,2025-08-04,75272.41,7
PAY-001401,HIST-001401,2025-08-04,108751.9,27
PAY-002467,HIST-002467,2025-08-04,172197.3,17
PAY-003465,HIST-003465,2025-08-04,68046.13,9
PAY-000626,HIST-000626,2025-08-04,14768.59,-5
PAY-001770,HIST-001770,2025-08-05,15266.7,23
PAY-002719,HIST-002719,2025-08-05,131967.1,15
PAY-000481,HIST-000481,2025-08-05,180862.81,15
PAY-004763,HIST-004763,2025-08-05,14817.46,39
PAY-003889,HIST-003889,2025-08-05,25442.22,26
PAY-004102,HIST-004102,2025-08-05,93042.95,20
PAY-000480,HIST-000480,2025-08-05,43021.3,26
PAY-001746,HIST-001746,2025-08-05,115996.36,15
PAY-003929,HIST-003929,2025-08-05,38612.81,21
PAY-000370,HIST-000370,2025-08-05,125268.29,26
PAY-002863,HIST-002863,2025-08-05,52818.67,21
PAY-004212,HIST-004212,2025-08-05,57409.48,12
PAY-002308,HIST-002308,2025-08-06,13807.67,15
PAY-004644,HIST-004644,2025-08-06,148701.37,23
PAY-001190,HIST-001190,2025-08-06,71801.18,34
PAY-003222,HIST-003222,2025-08-06,72668.63,22
PAY-000493,HIST-000493,2025-08-06,42141.59,22
PAY-003105,HIST-003105,2025-08-06,36063.52,33
PAY-003000,HIST-003000,2025-08-06,61896.42,7
PAY-004225,HIST-004225,2025-08-06,15935.05,38
PAY-003044,HIST-003044,2025-08-06,71786.58,4
PAY-004426,HIST-004426,2025-08-06,17018.32,23
PAY-000637,HIST-000637,2025-08-07,37023.42,13
PAY-004307,HIST-004307,2025-08-07,43609.3,30
PAY-001863,HIST-001863,2025-08-07,57050.37,40
PAY-003745,HIST-003745,2025-08-07,45621.26,37
PAY-000098,HIST-000098,2025-08-07,66701.08,36
PAY-004702,HIST-004702,2025-08-07,75476.99,-4
PAY-001053,HIST-001053,2025-08-07,134696.89,18
PAY-000221,HIST-000221,2025-08-07,57138.47,34
PAY-002829,HIST-002829,2025-08-07,82293.34,39
PAY-004046,HIST-004046,2025-08-08,35666.65,4
PAY-002130,HIST-002130,2025-08-08,101335.14,46
PAY-003072,HIST-003072,2025-08-08,118041.64,10
PAY-003647,HIST-003647,2025-08-08,16205.06,24
PAY-004320,HIST-004320,2025-08-08,27804.87,23
PAY-002503,HIST-002503,2025-08-08,22252.4,3
PAY-002806,HIST-002806,2025-08-08,29411.63,4
PAY-000132,HIST-000132,2025-08-08,120175.66,16
PAY-000092,HIST-000092,2025-08-08,172777.22,13
PAY-001788,HIST-001788,2025-08-08,36893.21,41
PAY-001518,HIST-001518,2025-08-08,51412.3,50
PAY-003288,HIST-003288,2025-08-08,59967.07,5
PAY-001742,HIST-001742,2025-08-08,27042.32,30
PAY-004696,HIST-004696,2025-08-08,30235.2,15
PAY-002556,HIST-002556,2025-08-09,24308.94,7
PAY-002466,HIST-002466,2025-08-09,17786.17,13
PAY-001623,HIST-001623,2025-08-09,33182.23,24
PAY-003507,HIST-003507,2025-08-09,83211.87,26
PAY-001901,HIST-001901,2025-08-09,19498.86,34
PAY-001925,HIST-001925,2025-08-09,30477.96,28
PAY-002933,HIST-002933,2025-08-10,84681.07,15
PAY-000666,HIST-000666,2025-08-10,22244.83,28
PAY-004425,HIST-004425,2025-08-10,42286.63,17
PAY-001126,HIST-001126,2025-08-10,32877.28,25
PAY-002007,HIST-002007,2025-08-10,87697.77,13
PAY-004024,HIST-004024,2025-08-10,19165.42,26
PAY-000566,HIST-000566,2025-08-10,26770.45,42
PAY-004375,HIST-004375,2025-08-10,101459.84,16
PAY-003574,HIST-003574,2025-08-10,50836.42,16
PAY-001818,HIST-001818,2025-08-10,33931.39,10
PAY-001059,HIST-001059,2025-08-10,20058.3,16
PAY-003743,HIST-003743,2025-08-11,295880.3,34
PAY-002586,HIST-002586,2025-08-11,11300.42,31
PAY-001203,HIST-001203,2025-08-11,55887.24,23
PAY-004138,HIST-004138,2025-08-11,42606.93,17
PAY-004245,HIST-004245,2025-08-11,23254.08,37
PAY-002287,HIST-002287,2025-08-11,24263.67,29
PAY-003238,HIST-003238,2025-08-11,77386.78,44
PAY-001299,HIST-001299,2025-08-11,37827.39,37
PAY-001522,HIST-001522,2025-08-11,127964.69,25
PAY-000944,HIST-000944,2025-08-11,95170.01,32
PAY-004634,HIST-004634,2025-08-11,105857.2,10
PAY-004412,HIST-004412,2025-08-11,20683.02,29
PAY-000533,HIST-000533,2025-08-12,65940.73,23
PAY-000846,HIST-000846,2025-08-12,24489.18,26
PAY-002688,HIST-002688,2025-08-12,13414.51,36
PAY-004187,HIST-004187,2025-08-12,10816.29,23
PAY-004061,HIST-004061,2025-08-12,34616.04,26
PAY-001481,HIST-001481,2025-08-12,27618.65,11
PAY-001894,HIST-001894,2025-08-13,90241.21,29
PAY-003835,HIST-003835,2025-08-13,109491.16,12
PAY-000139,HIST-000139,2025-08-13,143747.26,6
PAY-003941,HIST-003941,2025-08-13,27747.04,11
PAY-000316,HIST-000316,2025-08-13,64989.71,14
PAY-004256,HIST-004256,2025-08-13,59446.41,20
PAY-003305,HIST-003305,2025-08-13,140385.55,33
PAY-000818,HIST-000818,2025-08-13,95584.1,19
PAY-001061,HIST-001061,2025-08-13,11085.74,13
PAY-004500,HIST-004500,2025-08-13,47944.62,18
PAY-000612,HIST-000612,2025-08-13,14642.05,13
PAY-003841,HIST-003841,2025-08-13,85289.66,18
PAY-001902,HIST-001902,2025-08-14,69194.37,21
PAY-001146,HIST-001146,2025-08-14,23714.65,24
PAY-003894,HIST-003894,2025-08-14,43913.48,19
PAY-002438,HIST-002438,2025-08-14,40119.63,5
PAY-004462,HIST-004462,2025-08-14,12183.14,20
PAY-001612,HIST-001612,2025-08-14,19059.16,59
PAY-001306,HIST-001306,2025-08-14,91759.64,5
PAY-002780,HIST-002780,2025-08-14,35664.19,11
PAY-002854,HIST-002854,2025-08-14,31657.99,23
PAY-003453,HIST-003453,2025-08-14,22613.97,9
PAY-000969,HIST-000969,2025-08-14,66715.98,41
PAY-003076,HIST-003076,2025-08-14,15324.92,36
PAY-000634,HIST-000634,2025-08-14,174544.96,22
PAY-003665,HIST-003665,2025-08-14,54501.91,38
PAY-001362,HIST-001362,2025-08-14,21581.58,18
PAY-004295,HIST-004295,2025-08-14,42322.85,15
PAY-002805,HIST-002805,2025-08-14,14891.18,25
PAY-001946,HIST-001946,2025-08-15,25677.54,25
PAY-001816,HIST-001816,2025-08-15,54751.97,16
PAY-003526,HIST-003526,2025-08-15,43276.07,7
PAY-000021,HIST-000021,2025-08-15,59714.31,20
PAY-001182,HIST-001182,2025-08-15,59599.43,1
PAY-003006,HIST-003006,2025-08-15,113080.58,37
PAY-001375,HIST-001375,2025-08-15,52036.51,4
PAY-000213,HIST-000213,2025-08-15,18002.36,28
PAY-004595,HIST-004595,2025-08-15,25287.37,36
PAY-002535,HIST-002535,2025-08-15,53367.32,18
PAY-001033,HIST-001033,2025-08-15,17048.09,28
PAY-003632,HIST-003632,2025-08-15,94895.07,43
PAY-001962,HIST-001962,2025-08-16,31701.33,31
PAY-001798,HIST-001798,2025-08-16,87394.24,27
PAY-003616,HIST-003616,2025-08-16,48264.82,11
PAY-003853,HIST-003853,2025-08-16,62685.67,50
PAY-000927,HIST-000927,2025-08-16,102217.17,42
PAY-002855,HIST-002855,2025-08-16,52454.16,12
PAY-001978,HIST-001978,2025-08-16,65021.28,4
PAY-003472,HIST-003472,2025-08-16,60503.08,16
PAY-001369,HIST-001369,2025-08-16,13268.48,41
PAY-001066,HIST-001066,2025-08-17,22696.52,28
PAY-002818,HIST-002818,2025-08-17,42912.29,24
PAY-004480,HIST-004480,2025-08-17,25097.03,23
PAY-004609,HIST-004609,2025-08-17,22252.33,27
PAY-003989,HIST-003989,2025-08-17,17589.13,19
PAY-004453,HIST-004453,2025-08-18,31780.62,39
PAY-001767,HIST-001767,2025-08-18,23754.67,11
PAY-002742,HIST-002742,2025-08-18,148334.98,28
PAY-000848,HIST-000848,2025-08-18,26479.5,36
PAY-001921,HIST-001921,2025-08-18,109501.36,25
PAY-002272,HIST-002272,2025-08-18,42881.83,20
PAY-003224,HIST-003224,2025-08-18,28429.5,19
PAY-004478,HIST-004478,2025-08-18,88026.5,17
PAY-003056,HIST-003056,2025-08-18,30020.5,14
PAY-003970,HIST-003970,2025-08-18,27679.87,23
PAY-003386,HIST-003386,2025-08-18,29998.13,4
PAY-002515,HIST-002515,2025-08-19,17443.68,45
PAY-004285,HIST-004285,2025-08-19,123982.38,38
PAY-000160,HIST-000160,2025-08-19,31545.22,10
PAY-003254,HIST-003254,2025-08-19,100076.15,13
PAY-002699,HIST-002699,2025-08-19,34736.53,19
PAY-004755,HIST-004755,2025-08-19,289564.96,22
PAY-004002,HIST-004002,2025-08-19,16412.39,-5
PAY-002865,HIST-002865,2025-08-19,94101.66,24
PAY-000807,HIST-000807,2025-08-19,71365.51,5
PAY-001620,HIST-001620,2025-08-19,71775.34,33
PAY-001625,HIST-001625,2025-08-19,75052.18,39
PAY-003377,HIST-003377,2025-08-19,9740.09,8
PAY-004727,HIST-004727,2025-08-19,78724.83,26
PAY-001365,HIST-001365,2025-08-19,7690.5,11
PAY-002507,HIST-002507,2025-08-20,68801.87,42
PAY-002255,HIST-002255,2025-08-20,59557.35,16
PAY-001995,HIST-001995,2025-08-20,18429.92,45
PAY-004188,HIST-004188,2025-08-20,86348.31,3
PAY-003709,HIST-003709,2025-08-20,23077.77,21
PAY-000984,HIST-000984,2025-08-20,11664.25,8
PAY-000176,HIST-000176,2025-08-20,57608.53,32
PAY-004787,HIST-004787,2025-08-20,13039.72,4
PAY-001888,HIST-001888,2025-08-20,52382.42,55
PAY-001389,HIST-001389,2025-08-21,47025.56,19
PAY-004355,HIST-004355,2025-08-21,40402.78,22
PAY-001128,HIST-001128,2025-08-21,6353.02,23
PAY-000136,HIST-000136,2025-08-21,24704.99,30
PAY-001353,HIST-001353,2025-08-21,16104.42,30
PAY-002577,HIST-002577,2025-08-21,29564.1,17
PAY-001631,HIST-001631,2025-08-21,27963.95,29
PAY-004173,HIST-004173,2025-08-21,47021.52,17
PAY-002994,HIST-002994,2025-08-21,169848.99,14
PAY-000182,HIST-000182,2025-08-21,14294.75,8
PAY-002464,HIST-002464,2025-08-21,41991.09,33
PAY-000420,HIST-000420,2025-08-21,28146.67,27
PAY-003825,HIST-003825,2025-08-21,35281.74,17
PAY-001315,HIST-001315,2025-08-21,40294.08,12
PAY-004168,HIST-004168,2025-08-21,115465.6,49
PAY-004653,HIST-004653,2025-08-22,66886.0,35
PAY-002166,HIST-002166,2025-08-22,41409.92,48
PAY-004529,HIST-004529,2025-08-22,42677.04,36
PAY-003126,HIST-003126,2025-08-22,149081.34,35
PAY-000177,HIST-000177,2025-08-22,50636.61,15
PAY-002895,HIST-002895,2025-08-22,17555.53,13
PAY-000819,HIST-000819,2025-08-22,46271.21,21
PAY-001915,HIST-001915,2025-08-22,38026.37,53
PAY-002071,HIST-002071,2025-08-22,55775.7,45
PAY-002280,HIST-002280,2025-08-23,35921.19,47
PAY-001850,HIST-001850,2025-08-23,9061.36,13
PAY-001267,HIST-001267,2025-08-23,9227.63,30
PAY-004800,HIST-004800,2025-08-23,34074.27,27
PAY-000962,HIST-000962,2025-08-23,121588.78,52
PAY-000602,HIST-000602,2025-08-23,36745.22,48
PAY-000247,HIST-000247,2025-08-23,17223.03,29
PAY-001016,HIST-001016,2025-08-23,6723.52,33
PAY-004794,HIST-004794,2025-08-23,257128.83,12
PAY-003180,HIST-003180,2025-08-24,25465.81,29
PAY-001880,HIST-001880,2025-08-24,153410.31,15
PAY-000262,HIST-000262,2025-08-24,17859.39,42
PAY-000730,HIST-000730,2025-08-24,407708.6,24
PAY-003620,HIST-003620,2025-08-24,32655.8,13
PAY-002033,HIST-002033,2025-08-24,33413.72,38
PAY-004739,HIST-004739,2025-08-24,14101.31,14
PAY-001197,HIST-001197,2025-08-24,27158.79,28
PAY-003017,HIST-003017,2025-08-24,23007.86,53
PAY-002946,HIST-002946,2025-08-24,35419.6,41
PAY-000610,HIST-000610,2025-08-25,21162.23,20
PAY-000893,HIST-000893,2025-08-25,28885.62,21
PAY-004128,HIST-004128,2025-08-25,9727.22,22
PAY-001273,HIST-001273,2025-08-25,38808.57,42
PAY-003376,HIST-003376,2025-08-25,44433.02,42
PAY-002350,HIST-002350,2025-08-25,73088.49,35
PAY-004190,HIST-004190,2025-08-25,26912.16,7
PAY-002189,HIST-002189,2025-08-25,33838.57,27
PAY-000171,HIST-000171,2025-08-25,194070.9,34
PAY-002470,HIST-002470,2025-08-25,36678.21,31
PAY-002828,HIST-002828,2025-08-25,54313.06,11
PAY-001096,HIST-001096,2025-08-25,27017.75,52
PAY-004764,HIST-004764,2025-08-25,69014.64,16
PAY-000798,HIST-000798,2025-08-25,54528.27,-4
PAY-004740,HIST-004740,2025-08-25,30039.6,12
PAY-002807,HIST-002807,2025-08-25,37421.46,19
PAY-000882,HIST-000882,2025-08-26,46467.41,39
PAY-000225,HIST-000225,2025-08-26,69091.92,4
PAY-000729,HIST-000729,2025-08-26,19116.93,30
PAY-000259,HIST-000259,2025-08-26,40548.77,15
PAY-000165,HIST-000165,2025-08-26,42474.21,44
PAY-000442,HIST-000442,2025-08-26,55973.53,19
PAY-000353,HIST-000353,2025-08-26,162947.16,38
PAY-003445,HIST-003445,2025-08-26,34059.88,43
PAY-000747,HIST-000747,2025-08-26,83368.43,31
PAY-001468,HIST-001468,2025-08-26,133784.2,32
PAY-001619,HIST-001619,2025-08-27,6730.46,22
PAY-002744,HIST-002744,2025-08-27,39165.2,30
PAY-003259,HIST-003259,2025-08-27,8732.11,4
PAY-000702,HIST-000702,2025-08-27,22479.68,35
PAY-003458,HIST-003458,2025-08-27,12420.14,9
PAY-003240,HIST-003240,2025-08-27,17520.99,32
PAY-004296,HIST-004296,2025-08-27,66275.37,8
PAY-001111,HIST-001111,2025-08-27,33189.95,45
PAY-004211,HIST-004211,2025-08-27,27173.48,14
PAY-003779,HIST-003779,2025-08-27,103100.73,22
PAY-000615,HIST-000615,2025-08-27,22991.79,-5
PAY-001763,HIST-001763,2025-08-27,41761.38,32
PAY-003807,HIST-003807,2025-08-28,84130.63,8
PAY-000008,HIST-000008,2025-08-28,8064.11,11
PAY-000994,HIST-000994,2025-08-28,45708.3,27
PAY-004122,HIST-004122,2025-08-28,47809.88,57
PAY-002551,HIST-002551,2025-08-28,37082.24,34
PAY-001186,HIST-001186,2025-08-28,23257.63,6
PAY-003582,HIST-003582,2025-08-28,172268.97,34
PAY-003187,HIST-003187,2025-08-28,48962.51,38
PAY-004708,HIST-004708,2025-08-28,99535.81,41
PAY-002900,HIST-002900,2025-08-28,30141.79,37
PAY-002724,HIST-002724,2025-08-28,185608.18,32
PAY-000207,HIST-000207,2025-08-29,32992.4,51
PAY-002444,HIST-002444,2025-08-29,24530.07,26
PAY-003539,HIST-003539,2025-08-29,26350.97,35
PAY-001515,HIST-001515,2025-08-29,115124.65,6
PAY-002892,HIST-002892,2025-08-29,67768.33,8
PAY-002094,HIST-002094,2025-08-29,31808.58,33
PAY-004714,HIST-004714,2025-08-29,42247.78,18
PAY-001185,HIST-001185,2025-08-29,22954.89,37
PAY-000653,HIST-000653,2025-08-29,90562.7,22
PAY-000129,HIST-000129,2025-08-29,24920.19,19
PAY-004418,HIST-004418,2025-08-30,20904.29,42
PAY-000301,HIST-000301,2025-08-30,20940.97,18
PAY-003947,HIST-003947,2025-08-30,73966.26,25
PAY-003924,HIST-003924,2025-08-30,41966.79,26
PAY-001294,HIST-001294,2025-08-30,16476.02,23
PAY-003611,HIST-003611,2025-08-30,22497.9,35
PAY-004456,HIST-004456,2025-08-30,44286.49,18
PAY-002057,HIST-002057,2025-08-30,14049.23,13
PAY-003570,HIST-003570,2025-08-30,48612.14,40
PAY-003710,HIST-003710,2025-08-30,81668.94,40
PAY-000118,HIST-000118,2025-08-30,23216.81,18
PAY-003838,HIST-003838,2025-08-31,52209.5,28
PAY-001964,HIST-001964,2025-08-31,13966.39,16
PAY-002382,HIST-002382,2025-08-31,42893.37,18
PAY-004536,HIST-004536,2025-08-31,64334.11,51
PAY-002690,HIST-002690,2025-08-31,43579.73,31
PAY-001284,HIST-001284,2025-08-31,118046.65,31
PAY-003251,HIST-003251,2025-08-31,18894.68,6
PAY-000532,HIST-000532,2025-08-31,32306.61,26
PAY-004020,HIST-004020,2025-08-31,35274.26,32
PAY-001377,HIST-001377,2025-08-31,56731.15,27
PAY-004692,HIST-004692,2025-08-31,70987.92,14
PAY-000503,HIST-000503,2025-08-31,53797.76,10
PAY-001534,HIST-001534,2025-09-01,65921.44,19
PAY-002909,HIST-002909,2025-09-01,30679.75,29
PAY-001454,HIST-001454,2025-09-01,21614.6,30
PAY-003854,HIST-003854,2025-09-01,29841.64,39
PAY-001283,HIST-001283,2025-09-01,11035.79,26
PAY-003233,HIST-003233,2025-09-01,40898.34,10
PAY-003207,HIST-003207,2025-09-01,38124.58,23
PAY-003139,HIST-003139,2025-09-01,34195.84,13
PAY-004717,HIST-004717,2025-09-01,30137.21,41
PAY-003153,HIST-003153,2025-09-01,54985.03,27
PAY-004679,HIST-004679,2025-09-01,45311.23,26
PAY-001012,HIST-001012,2025-09-02,50910.32,29
PAY-004706,HIST-004706,2025-09-02,60525.88,26
PAY-004248,HIST-004248,2025-09-02,202098.03,34
PAY-002040,HIST-002040,2025-09-02,44238.37,29
PAY-003062,HIST-003062,2025-09-02,42146.86,26
PAY-001099,HIST-001099,2025-09-02,38335.37,40
PAY-000514,HIST-000514,2025-09-02,36110.64,45
PAY-004544,HIST-004544,2025-09-02,84615.71,35
PAY-002734,HIST-002734,2025-09-02,33526.75,30
PAY-003081,HIST-003081,2025-09-03,10030.44,11
PAY-000705,HIST-000705,2025-09-03,29204.89,21
PAY-003818,HIST-003818,2025-09-03,10901.41,44
PAY-000417,HIST-000417,2025-09-03,11832.3,44
PAY-001875,HIST-001875,2025-09-03,35556.88,37
PAY-000545,HIST-000545,2025-09-03,45008.12,6
PAY-001329,HIST-001329,2025-09-03,35104.36,27
PAY-001801,HIST-001801,2025-09-03,65349.44,29
PAY-002721,HIST-002721,2025-09-03,78194.81,1
PAY-002526,HIST-002526,2025-09-03,18484.36,24
PAY-003261,HIST-003261,2025-09-03,25458.39,23
PAY-004110,HIST-004110,2025-09-03,78175.72,32
PAY-003326,HIST-003326,2025-09-03,81719.58,29
PAY-000038,HIST-000038,2025-09-03,23449.0,20
PAY-004772,HIST-004772,2025-09-03,49308.02,42
PAY-004608,HIST-004608,2025-09-04,28590.0,40
PAY-002480,HIST-002480,2025-09-04,36801.43,20
PAY-000980,HIST-000980,2025-09-04,23695.94,24
PAY-003918,HIST-003918,2025-09-04,45657.73,37
PAY-004508,HIST-004508,2025-09-04,52319.77,27
PAY-003002,HIST-003002,2025-09-04,358893.45,43
PAY-004340,HIST-004340,2025-09-04,35877.36,22
PAY-000619,HIST-000619,2025-09-04,283246.78,32
PAY-000412,HIST-000412,2025-09-04,30776.37,20
PAY-004367,HIST-004367,2025-09-04,50018.44,42
PAY-000382,HIST-000382,2025-09-05,104753.28,10
PAY-000601,HIST-000601,2025-09-05,15748.83,45
PAY-002203,HIST-002203,2025-09-05,69811.94,46
PAY-002502,HIST-002502,2025-09-05,27945.79,6
PAY-001212,HIST-001212,2025-09-05,84535.31,9
PAY-003834,HIST-003834,2025-09-05,12524.34,32
PAY-002824,HIST-002824,2025-09-05,90498.93,4
PAY-000027,HIST-000027,2025-09-05,31381.06,35
PAY-003278,HIST-003278,2025-09-05,15971.54,41
PAY-004610,HIST-004610,2025-09-05,71713.82,35
PAY-001130,HIST-001130,2025-09-06,28847.36,15
PAY-002653,HIST-002653,2025-09-06,76457.19,9
PAY-003241,HIST-003241,2025-09-06,67730.81,18
PAY-000324,HIST-000324,2025-09-06,124468.29,40
PAY-000641,HIST-000641,2025-09-06,68244.78,25
PAY-001157,HIST-001157,2025-09-06,119974.58,25
PAY-001577,HIST-001577,2025-09-07,31780.49,35
PAY-003356,HIST-003356,2025-09-07,39667.16,35
PAY-003590,HIST-003590,2025-09-07,118927.74,20
PAY-004016,HIST-004016,2025-09-07,12818.75,23
PAY-003576,HIST-003576,2025-09-07,49842.68,1
PAY-003791,HIST-003791,2025-09-08,19467.25,31
PAY-002664,HIST-002664,2025-09-08,62636.27,22
PAY-003926,HIST-003926,2025-09-08,19226.81,13
PAY-002751,HIST-002751,2025-09-08,24602.53,26
PAY-004290,HIST-004290,2025-09-08,25807.49,31
PAY-000190,HIST-000190,2025-09-08,62620.02,23
PAY-003276,HIST-003276,2025-09-08,50731.62,40
PAY-001956,HIST-001956,2025-09-08,93110.99,39
PAY-000814,HIST-000814,2025-09-09,38090.53,19
PAY-001507,HIST-001507,2025-09-09,10045.87,46
PAY-000853,HIST-000853,2025-09-09,47966.06,8
PAY-004033,HIST-004033,2025-09-09,29538.65,12
PAY-002411,HIST-002411,2025-09-09,39971.82,13
PAY-003005,HIST-003005,2025-09-09,55229.54,31
PAY-000506,HIST-000506,2025-09-09,50179.63,48
PAY-000959,HIST-000959,2025-09-09,45736.63,35
PAY-000879,HIST-000879,2025-09-09,19416.76,9
PAY-004555,HIST-004555,2025-09-09,66965.2,29
PAY-001905,HIST-001905,2025-09-09,53338.66,28
PAY-000478,HIST-000478,2025-09-09,11875.75,40
PAY-001906,HIST-001906,2025-09-09,123699.26,25
PAY-004502,HIST-004502,2025-09-09,34400.33,18
PAY-002240,HIST-002240,2025-09-09,33741.1,13
PAY-004356,HIST-004356,2025-09-10,16272.37,17
PAY-000344,HIST-000344,2025-09-10,18791.95,51
PAY-003039,HIST-003039,2025-09-10,59542.88,23
PAY-003069,HIST-003069,2025-09-10,119535.89,16
PAY-004244,HIST-004244,2025-09-10,68062.05,12
PAY-002919,HIST-002919,2025-09-10,50637.02,46
PAY-003307,HIST-003307,2025-09-10,16322.24,46
PAY-002067,HIST-002067,2025-09-10,99237.0,15
PAY-000575,HIST-000575,2025-09-10,77945.16,30
PAY-000031,HIST-000031,2025-09-10,17076.91,5
PAY-004606,HIST-004606,2025-09-10,36648.88,1
PAY-003538,HIST-003538,2025-09-11,13869.87,47
PAY-000322,HIST-000322,2025-09-11,23097.89,32
PAY-002969,HIST-002969,2025-09-11,15530.95,24
PAY-000554,HIST-000554,2025-09-11,62339.58,32
PAY-002326,HIST-002326,2025-09-11,23862.05,21
PAY-001358,HIST-001358,2025-09-11,66193.24,24
PAY-001372,HIST-001372,2025-09-11,17003.65,24
PAY-004713,HIST-004713,2025-09-11,46392.46,19
PAY-001423,HIST-001423,2025-09-11,43713.68,10
PAY-001531,HIST-001531,2025-09-11,105611.89,31
PAY-003728,HIST-003728,2025-09-11,28248.49,13
PAY-004620,HIST-004620,2025-09-11,51344.56,23
PAY-002720,HIST-002720,2025-09-11,9675.95,22
PAY-000461,HIST-000461,2025-09-11,44079.36,36
PAY-002687,HIST-002687,2025-09-11,31957.74,22
PAY-003794,HIST-003794,2025-09-12,41213.76,22
PAY-002816,HIST-002816,2025-09-12,48150.44,0
PAY-000960,HIST-000960,2025-09-12,24627.72,15
PAY-000538,HIST-000538,2025-09-12,64965.19,52
PAY-003494,HIST-003494,2025-09-12,34043.78,17
PAY-002623,HIST-002623,2025-09-12,14283.37,31
PAY-000311,HIST-000311,2025-09-12,32049.42,33
PAY-002367,HIST-002367,2025-09-12,27742.75,30
PAY-004384,HIST-004384,2025-09-12,51400.07,14
PAY-000898,HIST-000898,2025-09-12,113545.19,22
PAY-002452,HIST-002452,2025-09-12,42626.08,30
PAY-003415,HIST-003415,2025-09-12,74332.58,36
PAY-002282,HIST-002282,2025-09-13,29262.05,25
PAY-002405,HIST-002405,2025-09-13,156847.37,16
PAY-002741,HIST-002741,2025-09-13,101131.98,30
PAY-002521,HIST-002521,2025-09-13,120829.57,26
PAY-000097,HIST-000097,2025-09-13,32208.88,26
PAY-003544,HIST-003544,2025-09-13,135876.72,34
PAY-001510,HIST-001510,2025-09-13,23069.34,-5
PAY-003859,HIST-003859,2025-09-13,36109.38,31
PAY-001938,HIST-001938,2025-09-14,69612.77,25
PAY-000345,HIST-000345,2025-09-14,64767.86,32
PAY-002791,HIST-002791,2025-09-14,30645.84,20
PAY-003452,HIST-003452,2025-09-14,153297.34,16
PAY-001996,HIST-001996,2025-09-14,67150.11,28
PAY-004379,HIST-004379,2025-09-14,4545.86,16
PAY-002218,HIST-002218,2025-09-14,203710.24,28
PAY-002573,HIST-002573,2025-09-14,14698.43,18
PAY-002843,HIST-002843,2025-09-14,88749.55,35
PAY-003410,HIST-003410,2025-09-14,140665.24,3
PAY-000535,HIST-000535,2025-09-14,95962.03,14
PAY-003974,HIST-003974,2025-09-14,326769.95,42
PAY-002483,HIST-002483,2025-09-15,41215.47,43
PAY-003457,HIST-003457,2025-09-15,190502.47,25
PAY-004793,HIST-004793,2025-09-15,146414.34,29
PAY-003704,HIST-003704,2025-09-15,7474.01,35
PAY-002437,HIST-002437,2025-09-15,19979.16,37
PAY-003248,HIST-003248,2025-09-15,19248.72,-3
PAY-004062,HIST-004062,2025-09-15,42549.11,3
PAY-002538,HIST-002538,2025-09-15,19626.13,12
PAY-004733,HIST-004733,2025-09-15,23416.83,15
PAY-002431,HIST-002431,2025-09-15,57477.69,30
PAY-004210,HIST-004210,2025-09-16,46757.57,27
PAY-000363,HIST-000363,2025-09-16,50948.89,7
PAY-003890,HIST-003890,2025-09-16,39204.06,36
PAY-000670,HIST-000670,2025-09-16,38228.56,45
PAY-001629,HIST-001629,2025-09-16,32754.07,34
PAY-004038,HIST-004038,2025-09-16,39001.72,21
PAY-001940,HIST-001940,2025-09-16,54012.87,-2
PAY-000571,HIST-000571,2025-09-16,34076.93,33
PAY-000817,HIST-000817,2025-09-16,35604.64,32
PAY-001104,HIST-001104,2025-09-16,30614.44,40
PAY-001021,HIST-001021,2025-09-16,17107.45,19
PAY-000936,HIST-000936,2025-09-16,20945.37,19
PAY-001929,HIST-001929,2025-09-17,77609.65,17
PAY-003900,HIST-003900,2025-09-17,75399.46,25
PAY-002905,HIST-002905,2025-09-17,12697.59,38
PAY-003805,HIST-003805,2025-09-17,70546.74,21
PAY-004141,HIST-004141,2025-09-17,21926.89,25
PAY-004167,HIST-004167,2025-09-17,58767.62,37
PAY-001635,HIST-001635,2025-09-17,53642.18,23
PAY-000239,HIST-000239,2025-09-17,22749.49,32
PAY-001804,HIST-001804,2025-09-17,57569.04,9
PAY-000872,HIST-000872,2025-09-18,50209.1,19
PAY-001467,HIST-001467,2025-09-18,52079.86,15
PAY-001230,HIST-001230,2025-09-18,126788.89,23
PAY-003931,HIST-003931,2025-09-18,43090.53,21
PAY-004630,HIST-004630,2025-09-18,131016.99,22
PAY-003468,HIST-003468,2025-09-18,25438.25,11
PAY-002985,HIST-002985,2025-09-18,37427.97,34
PAY-003343,HIST-003343,2025-09-18,60902.78,20
PAY-004509,HIST-004509,2025-09-18,76108.37,0
PAY-000314,HIST-000314,2025-09-19,79593.4,-5
PAY-002740,HIST-002740,2025-09-19,29033.25,19
PAY-003662,HIST-003662,2025-09-19,30338.42,39
PAY-001532,HIST-001532,2025-09-19,34680.78,25
PAY-004550,HIST-004550,2025-09-19,36382.9,38
PAY-004100,HIST-004100,2025-09-19,46697.35,7
PAY-002084,HIST-002084,2025-09-19,53275.94,33
PAY-004423,HIST-004423,2025-09-19,26870.12,40
PAY-001355,HIST-001355,2025-09-19,26145.85,7
PAY-004254,HIST-004254,2025-09-19,117291.75,23
PAY-001380,HIST-001380,2025-09-19,92005.0,44
PAY-002324,HIST-002324,2025-09-20,51246.89,21
PAY-003476,HIST-003476,2025-09-20,57522.09,14
PAY-001447,HIST-001447,2025-09-20,63755.49,16
PAY-003625,HIST-003625,2025-09-20,37515.17,12
PAY-000841,HIST-000841,2025-09-20,178905.41,23
PAY-001699,HIST-001699,2025-09-20,27019.46,24
PAY-004161,HIST-004161,2025-09-20,25566.56,6
PAY-000987,HIST-000987,2025-09-20,57804.51,16
PAY-002066,HIST-002066,2025-09-20,18487.91,27
PAY-004660,HIST-004660,2025-09-21,11808.61,15
PAY-003048,HIST-003048,2025-09-21,47764.2,19
PAY-004095,HIST-004095,2025-09-21,11161.62,18
PAY-002439,HIST-002439,2025-09-21,93904.01,31
PAY-004635,HIST-004635,2025-09-21,40322.91,17
PAY-002115,HIST-002115,2025-09-21,49433.33,11
PAY-002125,HIST-002125,2025-09-21,27004.78,18
PAY-004593,HIST-004593,2025-09-21,88693.75,17
PAY-003619,HIST-003619,2025-09-21,49020.53,33
PAY-002657,HIST-002657,2025-09-22,95628.84,14
PAY-000336,HIST-000336,2025-09-22,89249.81,24
PAY-000900,HIST-000900,2025-09-22,98733.1,25
PAY-003909,HIST-003909,2025-09-22,86446.0,2
PAY-002475,HIST-002475,2025-09-22,207559.87,42
PAY-000593,HIST-000593,2025-09-22,45798.83,44
PAY-003688,HIST-003688,2025-09-22,37998.68,45
PAY-001064,HIST-001064,2025-09-22,36159.53,37
PAY-002930,HIST-002930,2025-09-22,8789.67,24
PAY-004075,HIST-004075,2025-09-22,20218.2,16
PAY-004765,HIST-004765,2025-09-22,57090.2,-5
PAY-004730,HIST-004730,2025-09-22,66082.68,14
PAY-000553,HIST-000553,2025-09-23,46493.48,19
PAY-000866,HIST-000866,2025-09-23,94424.83,33
PAY-001466,HIST-001466,2025-09-23,108771.55,30
PAY-001838,HIST-001838,2025-09-23,50022.66,10
PAY-004125,HIST-004125,2025-09-23,68510.33,20
PAY-002579,HIST-002579,2025-09-23,35613.64,32
PAY-004622,HIST-004622,2025-09-23,73093.88,31
PAY-002338,HIST-002338,2025-09-23,18484.45,37
PAY-002680,HIST-002680,2025-09-24,58301.74,10
PAY-003842,HIST-003842,2025-09-24,47988.56,6
PAY-003735,HIST-003735,2025-09-24,65094.51,22
PAY-000518,HIST-000518,2025-09-24,80519.2,35
PAY-002042,HIST-002042,2025-09-24,25631.14,22
PAY-002833,HIST-002833,2025-09-24,40191.3,32
PAY-003253,HIST-003253,2025-09-25,41311.93,30
PAY-003569,HIST-003569,2025-09-25,29002.47,32
PAY-003477,HIST-003477,2025-09-25,43288.83,39
PAY-003190,HIST-003190,2025-09-25,83137.26,42
PAY-003336,HIST-003336,2025-09-25,35071.78,22
PAY-001846,HIST-001846,2025-09-25,165697.4,32
PAY-003135,HIST-003135,2025-09-25,118197.0,11
PAY-004498,HIST-004498,2025-09-25,12859.22,23
PAY-004249,HIST-004249,2025-09-25,13541.58,10
PAY-002776,HIST-002776,2025-09-25,7163.13,38
PAY-004483,HIST-004483,2025-09-25,124520.96,37
PAY-003875,HIST-003875,2025-09-25,84880.6,24
PAY-004195,HIST-004195,2025-09-25,37311.83,26
PAY-001213,HIST-001213,2025-09-26,65485.34,42
PAY-001639,HIST-001639,2025-09-26,82676.42,28
PAY-000411,HIST-000411,2025-09-26,58762.14,22
PAY-001296,HIST-001296,2025-09-26,21957.38,37
PAY-002373,HIST-002373,2025-09-26,17855.53,37
PAY-003568,HIST-003568,2025-09-26,34422.14,30
PAY-001395,HIST-001395,2025-09-26,48013.47,33
PAY-001022,HIST-001022,2025-09-27,63620.09,31
PAY-002239,HIST-002239,2025-09-27,46779.36,25
PAY-003984,HIST-003984,2025-09-27,69978.46,32
PAY-000249,HIST-000249,2025-09-27,8515.04,22
PAY-001121,HIST-001121,2025-09-27,31767.51,24
PAY-001897,HIST-001897,2025-09-27,26988.92,9
PAY-004082,HIST-004082,2025-09-27,40078.75,14
PAY-000196,HIST-000196,2025-09-27,142487.79,36
PAY-001855,HIST-001855,2025-09-27,173116.66,15
PAY-000524,HIST-000524,2025-09-27,135125.28,19
PAY-004411,HIST-004411,2025-09-27,11288.47,43
PAY-002227,HIST-002227,2025-09-27,60662.49,20
PAY-003148,HIST-003148,2025-09-27,16298.45,6
PAY-001951,HIST-001951,2025-09-27,97111.95,27
PAY-000852,HIST-000852,2025-09-27,50504.23,34
PAY-002124,HIST-002124,2025-09-27,67137.74,45
PAY-004093,HIST-004093,2025-09-28,12558.01,38
PAY-000257,HIST-000257,2025-09-28,20782.24,11
PAY-003627,HIST-003627,2025-09-28,22061.64,-5
PAY-001771,HIST-001771,2025-09-28,31397.08,40
PAY-002867,HIST-002867,2025-09-28,116110.13,6
PAY-003629,HIST-003629,2025-09-28,255116.7,43
PAY-001381,HIST-001381,2025-09-28,16008.52,11
PAY-000937,HIST-000937,2025-09-28,16119.18,59
PAY-001115,HIST-001115,2025-09-29,7170.31,19
PAY-001887,HIST-001887,2025-09-29,30487.07,-1
PAY-000294,HIST-000294,2025-09-29,31227.19,34
PAY-003495,HIST-003495,2025-09-29,38989.71,23
PAY-001975,HIST-001975,2025-09-29,17731.16,39
PAY-000744,HIST-000744,2025-09-29,16083.79,10
PAY-002091,HIST-002091,2025-09-29,59391.13,23
PAY-000163,HIST-000163,2025-09-29,17780.99,10
PAY-000203,HIST-000203,2025-09-29,23936.27,24
PAY-001819,HIST-001819,2025-09-30,13233.24,29
PAY-003556,HIST-003556,2025-09-30,134887.98,15
PAY-004332,HIST-004332,2025-09-30,188501.15,45
PAY-001354,HIST-001354,2025-09-30,69590.38,26
PAY-002565,HIST-002565,2025-09-30,11504.0,26
PAY-001959,HIST-001959,2025-09-30,49396.04,42
PAY-000464,HIST-000464,2025-09-30,26657.85,49
PAY-001916,HIST-001916,2025-09-30,87995.6,35
PAY-001997,HIST-001997,2025-09-30,93459.09,21
PAY-000280,HIST-000280,2025-09-30,40813.94,37
PAY-002141,HIST-002141,2025-09-30,12967.44,14
PAY-000885,HIST-000885,2025-09-30,145283.05,35
PAY-002851,HIST-002851,2025-10-01,36784.52,13
PAY-000696,HIST-000696,2025-10-01,82236.07,16
PAY-003325,HIST-003325,2025-10-01,46701.4,4
PAY-002763,HIST-002763,2025-10-01,68884.66,8
PAY-002322,HIST-002322,2025-10-01,85285.45,36
PAY-000911,HIST-000911,2025-10-01,46062.22,-1
PAY-001289,HIST-001289,2025-10-01,23276.45,22
PAY-001796,HIST-001796,2025-10-01,43156.36,27
PAY-001944,HIST-001944,2025-10-02,29354.37,12
PAY-002309,HIST-002309,2025-10-02,46961.09,10
PAY-001895,HIST-001895,2025-10-02,128174.0,18
PAY-000564,HIST-000564,2025-10-02,223898.99,17
PAY-000837,HIST-000837,2025-10-02,33287.88,10
PAY-000683,HIST-000683,2025-10-02,39920.4,24
PAY-003594,HIST-003594,2025-10-02,20797.24,37
PAY-000771,HIST-000771,2025-10-03,10971.57,6
PAY-001037,HIST-001037,2025-10-03,25690.75,31
PAY-002429,HIST-002429,2025-10-03,19786.6,33
PAY-004240,HIST-004240,2025-10-03,29590.53,7
PAY-003809,HIST-003809,2025-10-03,218606.12,15
PAY-002981,HIST-002981,2025-10-03,16074.86,24
PAY-003565,HIST-003565,2025-10-03,17720.75,25
PAY-000455,HIST-000455,2025-10-03,16415.73,0
PAY-004351,HIST-004351,2025-10-03,23775.45,47
PAY-003822,HIST-003822,2025-10-03,23765.58,23
PAY-000315,HIST-000315,2025-10-03,51819.47,7
PAY-002208,HIST-002208,2025-10-03,45769.96,26
PAY-004339,HIST-004339,2025-10-03,38174.45,14
PAY-001501,HIST-001501,2025-10-03,75815.53,17
PAY-000105,HIST-000105,2025-10-03,30333.67,44
PAY-003413,HIST-003413,2025-10-03,4000.0,24
PAY-000074,HIST-000074,2025-10-04,200651.01,18
PAY-001364,HIST-001364,2025-10-04,30922.81,15
PAY-003200,HIST-003200,2025-10-04,57847.43,50
PAY-003073,HIST-003073,2025-10-04,54449.07,25
PAY-002015,HIST-002015,2025-10-04,73642.75,44
PAY-000051,HIST-000051,2025-10-04,31005.0,27
PAY-003977,HIST-003977,2025-10-04,15635.81,24
PAY-004561,HIST-004561,2025-10-05,41657.15,41
PAY-000906,HIST-000906,2025-10-05,33457.23,10
PAY-003045,HIST-003045,2025-10-05,97696.53,10
PAY-000085,HIST-000085,2025-10-05,33192.09,11
PAY-002457,HIST-002457,2025-10-05,21282.64,28
PAY-000739,HIST-000739,2025-10-05,13596.38,22
PAY-000710,HIST-000710,2025-10-05,71489.03,31
PAY-004109,HIST-004109,2025-10-05,55936.02,45
PAY-000691,HIST-000691,2025-10-06,43488.29,26
PAY-004567,HIST-004567,2025-10-06,165534.51,33
PAY-002128,HIST-002128,2025-10-06,16278.7,14
PAY-003512,HIST-003512,2025-10-06,61911.78,3
PAY-004182,HIST-004182,2025-10-06,45674.87,44
PAY-004668,HIST-004668,2025-10-06,47109.92,42
PAY-003147,HIST-003147,2025-10-06,23648.93,28
PAY-004089,HIST-004089,2025-10-06,9326.85,-5
PAY-003718,HIST-003718,2025-10-06,82329.58,24
PAY-000033,HIST-000033,2025-10-06,4330.92,37
PAY-002910,HIST-002910,2025-10-06,118234.37,14
PAY-002736,HIST-002736,2025-10-07,18510.04,25
PAY-001140,HIST-001140,2025-10-07,137657.55,13
PAY-000056,HIST-000056,2025-10-07,23249.08,12
PAY-004183,HIST-004183,2025-10-07,11055.47,7
PAY-003843,HIST-003843,2025-10-07,15390.66,26
PAY-002649,HIST-002649,2025-10-07,65351.38,43
PAY-002069,HIST-002069,2025-10-07,50915.19,23
PAY-000777,HIST-000777,2025-10-07,32914.38,6
PAY-000700,HIST-000700,2025-10-08,42649.42,30
PAY-003287,HIST-003287,2025-10-08,32991.33,7
PAY-004361,HIST-004361,2025-10-08,23807.93,34
PAY-001557,HIST-001557,2025-10-08,16236.44,21
PAY-004445,HIST-004445,2025-10-08,39804.55,23
PAY-003643,HIST-003643,2025-10-08,61151.33,20
PAY-001262,HIST-001262,2025-10-09,26928.73,13
PAY-004495,HIST-004495,2025-10-09,59475.89,8
PAY-001675,HIST-001675,2025-10-09,168301.03,36
PAY-002111,HIST-002111,2025-10-09,44683.47,28
PAY-004414,HIST-004414,2025-10-09,54294.25,15
PAY-001936,HIST-001936,2025-10-09,92299.13,26
PAY-000806,HIST-000806,2025-10-09,260939.32,18
PAY-001137,HIST-001137,2025-10-09,31607.25,23
PAY-001448,HIST-001448,2025-10-09,72725.79,39
PAY-001278,HIST-001278,2025-10-09,23578.38,19
PAY-001144,HIST-001144,2025-10-09,21418.01,44
PAY-000585,HIST-000585,2025-10-10,141411.01,21
PAY-003789,HIST-003789,2025-10-10,95651.1,38
PAY-004472,HIST-004472,2025-10-10,24532.78,38
PAY-004557,HIST-004557,2025-10-10,18629.52,14
PAY-001782,HIST-001782,2025-10-10,86908.01,35
PAY-002026,HIST-002026,2025-10-10,84846.14,24
PAY-004201,HIST-004201,2025-10-10,28220.72,25
PAY-004457,HIST-004457,2025-10-10,33694.78,20
PAY-003863,HIST-003863,2025-10-10,61542.82,24
PAY-000633,HIST-000633,2025-10-10,103101.2,32
PAY-002643,HIST-002643,2025-10-10,53348.41,17
PAY-004440,HIST-004440,2025-10-10,52833.6,28
PAY-001797,HIST-001797,2025-10-10,27469.66,60
PAY-003694,HIST-003694,2025-10-10,23611.43,28
PAY-003628,HIST-003628,2025-10-11,58634.35,6
PAY-002404,HIST-002404,2025-10-11,48064.58,30
PAY-001360,HIST-001360,2025-10-11,180110.45,48
PAY-002099,HIST-002099,2025-10-11,112427.61,35
PAY-001827,HIST-001827,2025-10-11,144658.86,19
PAY-004394,HIST-004394,2025-10-11,78422.89,13
PAY-000774,HIST-000774,2025-10-11,187411.06,24
PAY-004181,HIST-004181,2025-10-11,40265.98,20
PAY-004270,HIST-004270,2025-10-11,47658.36,37
PAY-000209,HIST-000209,2025-10-12,46533.53,48
PAY-001864,HIST-001864,2025-10-12,32745.75,22
PAY-000588,HIST-000588,2025-10-12,41987.28,11
PAY-004464,HIST-004464,2025-10-12,68079.1,34
PAY-000227,HIST-000227,2025-10-12,18044.98,18
PAY-001147,HIST-001147,2025-10-12,26270.32,22
PAY-004345,HIST-004345,2025-10-12,40889.43,44
PAY-000489,HIST-000489,2025-10-12,12953.77,22
PAY-002830,HIST-002830,2025-10-13,92308.94,23
PAY-000255,HIST-000255,2025-10-13,13219.95,27
PAY-004625,HIST-004625,2025-10-13,39512.0,25
PAY-001638,HIST-001638,2025-10-13,70236.85,14
PAY-000223,HIST-000223,2025-10-13,28455.96,21
PAY-000447,HIST-000447,2025-10-13,62144.14,16
PAY-001591,HIST-001591,2025-10-13,18575.71,31
PAY-002958,HIST-002958,2025-10-13,29891.61,32
PAY-003775,HIST-003775,2025-10-13,134206.66,35
PAY-002578,HIST-002578,2025-10-13,26375.16,14
PAY-003692,HIST-003692,2025-10-13,85514.56,20
PAY-002420,HIST-002420,2025-10-13,40261.98,22
PAY-000844,HIST-000844,2025-10-13,54537.95,26
PAY-000460,HIST-000460,2025-10-14,57369.58,7
PAY-004326,HIST-004326,2025-10-14,26602.36,26
PAY-004709,HIST-004709,2025-10-14,6085.24,32
PAY-001228,HIST-001228,2025-10-14,41199.65,21
PAY-003174,HIST-003174,2025-10-14,126920.46,27
PAY-001102,HIST-001102,2025-10-14,27192.85,14
PAY-004435,HIST-004435,2025-10-14,40868.03,20
PAY-004243,HIST-004243,2025-10-14,26616.53,46
PAY-000159,HIST-000159,2025-10-14,81791.86,33
PAY-002416,HIST-002416,2025-10-14,75375.13,29
PAY-003312,HIST-003312,2025-10-14,14511.05,33
PAY-003553,HIST-003553,2025-10-15,32143.91,17
PAY-000445,HIST-000445,2025-10-15,110141.21,13
PAY-001459,HIST-001459,2025-10-15,26249.49,24
PAY-003555,HIST-003555,2025-10-15,16500.53,5
PAY-004629,HIST-004629,2025-10-16,45324.38,24
PAY-002663,HIST-002663,2025-10-16,34237.03,18
PAY-000750,HIST-000750,2025-10-16,13900.92,-2
PAY-004672,HIST-004672,2025-10-16,108417.24,24
PAY-002693,HIST-002693,2025-10-16,57555.56,57
PAY-003965,HIST-003965,2025-10-16,24423.06,17
PAY-003792,HIST-003792,2025-10-16,65040.76,40
PAY-004039,HIST-004039,2025-10-16,31103.25,21
PAY-000201,HIST-000201,2025-10-16,36466.15,35
PAY-003298,HIST-003298,2025-10-16,33478.28,26
PAY-002454,HIST-002454,2025-10-16,217352.66,37
PAY-001030,HIST-001030,2025-10-16,166935.16,4
PAY-000053,HIST-000053,2025-10-17,82558.04,47
PAY-002251,HIST-002251,2025-10-17,46636.87,45
PAY-000479,HIST-000479,2025-10-17,84450.74,19
PAY-003703,HIST-003703,2025-10-17,66414.7,48
PAY-004752,HIST-004752,2025-10-17,45080.87,23
PAY-002795,HIST-002795,2025-10-17,86719.11,44
PAY-003513,HIST-003513,2025-10-17,20579.89,36
PAY-000362,HIST-000362,2025-10-17,30213.96,30
PAY-003571,HIST-003571,2025-10-17,80636.23,14
PAY-001509,HIST-001509,2025-10-17,39029.75,40
PAY-002002,HIST-002002,2025-10-17,114019.11,14
PAY-001243,HIST-001243,2025-10-17,27029.37,18
PAY-003823,HIST-003823,2025-10-17,70134.14,37
PAY-002498,HIST-002498,2025-10-18,14953.34,31
PAY-003985,HIST-003985,2025-10-18,44434.2,6
PAY-003393,HIST-003393,2025-10-18,55582.54,33
PAY-003093,HIST-003093,2025-10-18,41882.17,22
PAY-003316,HIST-003316,2025-10-18,18634.74,48
PAY-001690,HIST-001690,2025-10-18,21969.39,15
PAY-000393,HIST-000393,2025-10-18,51658.27,26
PAY-000542,HIST-000542,2025-10-18,35597.11,8
PAY-003146,HIST-003146,2025-10-18,22535.88,22
PAY-003577,HIST-003577,2025-10-18,79823.19,40
PAY-002234,HIST-002234,2025-10-19,107502.13,17
PAY-000292,HIST-000292,2025-10-19,58100.57,29
PAY-000438,HIST-000438,2025-10-19,38532.69,27
PAY-004441,HIST-004441,2025-10-19,29842.27,20
PAY-001866,HIST-001866,2025-10-19,30898.89,14
PAY-000740,HIST-000740,2025-10-19,17746.39,24
PAY-002764,HIST-002764,2025-10-19,74746.49,36
PAY-001106,HIST-001106,2025-10-19,40677.24,37
PAY-004575,HIST-004575,2025-10-19,38954.9,29
PAY-001114,HIST-001114,2025-10-20,202763.91,37
PAY-004390,HIST-004390,2025-10-20,29019.54,33
PAY-003770,HIST-003770,2025-10-20,57216.08,30
PAY-003027,HIST-003027,2025-10-20,18978.2,40
PAY-004276,HIST-004276,2025-10-20,36728.49,11
PAY-003443,HIST-003443,2025-10-21,147560.39,35
PAY-002651,HIST-002651,2025-10-21,7330.48,20
PAY-000838,HIST-000838,2025-10-21,14057.59,-5
PAY-002235,HIST-002235,2025-10-21,31689.68,22
PAY-001171,HIST-001171,2025-10-21,19941.52,18
PAY-001872,HIST-001872,2025-10-21,13563.76,18
PAY-001438,HIST-001438,2025-10-21,20314.38,27
PAY-001485,HIST-001485,2025-10-21,142601.87,1
PAY-000889,HIST-000889,2025-10-21,157638.74,34
PAY-004767,HIST-004767,2025-10-21,79483.24,23
PAY-002820,HIST-002820,2025-10-21,115350.88,24
PAY-002413,HIST-002413,2025-10-21,53178.85,3
PAY-002978,HIST-002978,2025-10-22,72126.88,23
PAY-002914,HIST-002914,2025-10-22,12181.52,-5
PAY-001494,HIST-001494,2025-10-22,31058.35,43
PAY-000340,HIST-000340,2025-10-22,32171.34,9
PAY-000217,HIST-000217,2025-10-22,14989.19,45
PAY-001187,HIST-001187,2025-10-22,30289.55,45
PAY-002070,HIST-002070,2025-10-22,57346.24,4
PAY-001258,HIST-001258,2025-10-22,29289.43,14
PAY-000625,HIST-000625,2025-10-22,15897.1,32
PAY-000330,HIST-000330,2025-10-22,146511.7,0
PAY-002567,HIST-002567,2025-10-23,36155.89,8
PAY-000258,HIST-000258,2025-10-23,64573.35,6
PAY-002175,HIST-002175,2025-10-23,48509.27,16
PAY-003561,HIST-003561,2025-10-23,109446.85,37
PAY-000583,HIST-000583,2025-10-23,93798.75,30
PAY-002841,HIST-002841,2025-10-23,8446.52,18
PAY-000326,HIST-000326,2025-10-23,19657.6,17
PAY-003365,HIST-003365,2025-10-23,81006.0,-3
PAY-003016,HIST-003016,2025-10-23,26330.92,18
PAY-000430,HIST-000430,2025-10-23,34931.45,17
PAY-002959,HIST-002959,2025-10-24,19862.41,20
PAY-000377,HIST-000377,2025-10-24,28055.83,2
PAY-000779,HIST-000779,2025-10-24,44304.78,18
PAY-000854,HIST-000854,2025-10-24,83123.33,22
PAY-001209,HIST-001209,2025-10-24,110495.28,30
PAY-004511,HIST-004511,2025-10-24,21261.9,29
PAY-004747,HIST-004747,2025-10-24,57477.14,41
PAY-004725,HIST-004725,2025-10-24,12696.94,14
PAY-000071,HIST-000071,2025-10-24,21090.83,7
PAY-000299,HIST-000299,2025-10-25,126427.1,32
PAY-004548,HIST-004548,2025-10-25,37240.52,13
PAY-004163,HIST-004163,2025-10-25,25712.88,1
PAY-003707,HIST-003707,2025-10-25,34730.51,34
PAY-003774,HIST-003774,2025-10-25,11968.08,43
PAY-004674,HIST-004674,2025-10-25,35877.35,31
PAY-002164,HIST-002164,2025-10-25,50603.44,31
PAY-002880,HIST-002880,2025-10-25,199362.91,30
PAY-004631,HIST-004631,2025-10-25,43200.02,8
PAY-003839,HIST-003839,2025-10-25,70211.2,14
PAY-003382,HIST-003382,2025-10-25,61133.06,25
PAY-004030,HIST-004030,2025-10-25,37366.58,26
PAY-004484,HIST-004484,2025-10-25,22822.87,8
PAY-000146,HIST-000146,2025-10-25,24365.76,28
PAY-003030,HIST-003030,2025-10-25,39617.49,25
PAY-000567,HIST-000567,2025-10-25,12929.19,23
PAY-002035,HIST-002035,2025-10-26,27374.78,34
PAY-003140,HIST-003140,2025-10-26,107468.85,32
PAY-000522,HIST-000522,2025-10-26,44404.48,19
PAY-002626,HIST-002626,2025-10-26,136477.28,29
PAY-004204,HIST-004204,2025-10-26,25315.91,35
PAY-003695,HIST-003695,2025-10-26,43971.12,23
PAY-002947,HIST-002947,2025-10-26,38567.29,14
PAY-003149,HIST-003149,2025-10-26,11633.1,27
PAY-000860,HIST-000860,2025-10-26,10106.95,24
PAY-004271,HIST-004271,2025-10-26,54430.75,34
PAY-002233,HIST-002233,2025-10-26,40127.66,36
PAY-000349,HIST-000349,2025-10-26,46727.53,9
PAY-004378,HIST-004378,2025-10-26,396945.25,7
PAY-000328,HIST-000328,2025-10-26,35024.68,12
PAY-004231,HIST-004231,2025-10-27,120144.23,38
PAY-002074,HIST-002074,2025-10-27,110683.25,29
PAY-002747,HIST-002747,2025-10-27,11104.15,13
PAY-004206,HIST-004206,2025-10-27,13016.82,25
PAY-001129,HIST-001129,2025-10-27,23474.59,39
PAY-002154,HIST-002154,2025-10-28,43057.63,31
PAY-000513,HIST-000513,2025-10-28,205622.25,47
PAY-000253,HIST-000253,2025-10-28,25303.36,42
PAY-001307,HIST-001307,2025-10-28,32614.74,30
PAY-003983,HIST-003983,2025-10-28,38776.72,18
PAY-003020,HIST-003020,2025-10-28,25099.07,15
PAY-001496,HIST-001496,2025-10-28,25816.52,28
PAY-002685,HIST-002685,2025-10-28,84510.16,4
PAY-001437,HIST-001437,2025-10-28,66950.44,29
PAY-001516,HIST-001516,2025-10-28,48591.24,28
PAY-004541,HIST-004541,2025-10-28,34740.29,26
PAY-003396,HIST-003396,2025-10-28,27002.49,20
PAY-001107,HIST-001107,2025-10-28,64673.49,21
PAY-000233,HIST-000233,2025-10-28,249390.85,23
PAY-003969,HIST-003969,2025-10-29,16755.26,33
PAY-001538,HIST-001538,2025-10-29,42170.13,23
PAY-001560,HIST-001560,2025-10-29,33592.25,29
PAY-002932,HIST-002932,2025-10-29,22882.08,28
PAY-004600,HIST-004600,2025-10-29,47999.85,38
PAY-002059,HIST-002059,2025-10-29,33259.04,21
PAY-000910,HIST-000910,2025-10-29,39749.38,37
PAY-003812,HIST-003812,2025-10-29,9828.82,2
PAY-001272,HIST-001272,2025-10-30,18540.21,40
PAY-000756,HIST-000756,2025-10-30,32722.77,4
PAY-001250,HIST-001250,2025-10-30,36352.47,32
PAY-000267,HIST-000267,2025-10-30,16078.79,1
PAY-003778,HIST-003778,2025-10-30,33228.58,6
PAY-001420,HIST-001420,2025-10-30,42590.66,24
PAY-004370,HIST-004370,2025-10-30,69705.19,22
PAY-004590,HIST-004590,2025-10-30,71708.23,5
PAY-004291,HIST-004291,2025-10-30,32657.0,21
PAY-002942,HIST-002942,2025-10-30,130793.51,33
PAY-003354,HIST-003354,2025-10-30,54044.94,24
PAY-001684,HIST-001684,2025-10-31,20771.9,26
PAY-000869,HIST-000869,2025-10-31,39136.52,30
PAY-002752,HIST-002752,2025-10-31,112645.86,43
PAY-002195,HIST-002195,2025-10-31,115673.43,35
PAY-004134,HIST-004134,2025-10-31,51052.24,26
PAY-003761,HIST-003761,2025-11-01,12502.03,23
PAY-000712,HIST-000712,2025-11-01,138169.74,18
PAY-003630,HIST-003630,2025-11-01,4567.63,16
PAY-003157,HIST-003157,2025-11-01,50412.9,33
PAY-000974,HIST-000974,2025-11-01,29680.64,11
PAY-000454,HIST-000454,2025-11-01,82217.45,25
PAY-000665,HIST-000665,2025-11-02,57865.92,32
PAY-001183,HIST-001183,2025-11-02,28700.19,32
PAY-002329,HIST-002329,2025-11-02,6408.56,32
PAY-004126,HIST-004126,2025-11-02,56308.01,1
PAY-000540,HIST-000540,2025-11-02,30174.41,39
PAY-004371,HIST-004371,2025-11-02,22643.29,26
PAY-004636,HIST-004636,2025-11-02,31494.63,33
PAY-004799,HIST-004799,2025-11-02,69893.28,32
PAY-003766,HIST-003766,2025-11-02,23366.5,32
PAY-003808,HIST-003808,2025-11-02,15933.9,14
PAY-003454,HIST-003454,2025-11-02,246932.66,20
PAY-000432,HIST-000432,2025-11-02,31472.91,22
PAY-003684,HIST-003684,2025-11-03,37463.46,41
PAY-000856,HIST-000856,2025-11-03,21409.03,7
PAY-000045,HIST-000045,2025-11-03,17879.95,21
PAY-004293,HIST-004293,2025-11-03,39539.23,35
PAY-003152,HIST-003152,2025-11-03,37461.4,10
PAY-003949,HIST-003949,2025-11-03,12997.13,28
PAY-002302,HIST-002302,2025-11-03,54498.58,39
PAY-003300,HIST-003300,2025-11-03,13921.62,-5
PAY-001729,HIST-001729,2025-11-03,37549.23,48
PAY-002038,HIST-002038,2025-11-03,69654.7,36
PAY-001580,HIST-001580,2025-11-03,32421.28,35
PAY-001231,HIST-001231,2025-11-04,20744.84,21
PAY-002817,HIST-002817,2025-11-04,62989.68,15
PAY-001903,HIST-001903,2025-11-04,35024.53,26
PAY-002097,HIST-002097,2025-11-04,11919.7,28
PAY-004119,HIST-004119,2025-11-04,29140.73,30
PAY-002647,HIST-002647,2025-11-04,113268.52,36
PAY-003521,HIST-003521,2025-11-04,6394.49,-1
PAY-004112,HIST-004112,2025-11-04,77246.85,30
PAY-000859,HIST-000859,2025-11-04,142014.75,37
PAY-000245,HIST-000245,2025-11-04,34308.51,24
PAY-003269,HIST-003269,2025-11-04,56937.75,28
PAY-003275,HIST-003275,2025-11-05,70719.43,27
PAY-003173,HIST-003173,2025-11-05,28360.14,21
PAY-002545,HIST-002545,2025-11-05,34453.87,40
PAY-002403,HIST-002403,2025-11-05,14281.95,32
PAY-002785,HIST-002785,2025-11-05,25698.9,8
PAY-004783,HIST-004783,2025-11-05,43191.43,23
PAY-004391,HIST-004391,2025-11-05,79598.74,27
PAY-003480,HIST-003480,2025-11-05,35257.48,35
PAY-003888,HIST-003888,2025-11-06,25983.39,17
PAY-001304,HIST-001304,2025-11-06,18904.11,1
PAY-004408,HIST-004408,2025-11-06,15603.23,3
PAY-003958,HIST-003958,2025-11-06,71163.01,29
PAY-003201,HIST-003201,2025-11-06,30629.39,13
PAY-001589,HIST-001589,2025-11-06,71532.68,27
PAY-002361,HIST-002361,2025-11-06,31533.69,35
PAY-002298,HIST-002298,2025-11-06,35443.76,29
PAY-000288,HIST-000288,2025-11-06,37559.64,34
PAY-004737,HIST-004737,2025-11-07,32130.41,24
PAY-001943,HIST-001943,2025-11-07,35490.55,13
PAY-002254,HIST-002254,2025-11-07,72369.32,33
PAY-003744,HIST-003744,2025-11-07,49436.01,18
PAY-001893,HIST-001893,2025-11-07,61047.84,43
PAY-001217,HIST-001217,2025-11-07,38171.62,45
PAY-003896,HIST-003896,2025-11-07,11936.73,29
PAY-001067,HIST-001067,2025-11-07,23783.73,49
PAY-001176,HIST-001176,2025-11-07,67268.73,32
PAY-001486,HIST-001486,2025-11-07,64622.78,33
PAY-000361,HIST-000361,2025-11-07,24848.87,41
PAY-001809,HIST-001809,2025-11-08,9401.65,40
PAY-001578,HIST-001578,2025-11-08,31531.02,18
PAY-001350,HIST-001350,2025-11-08,11493.22,30
PAY-000717,HIST-000717,2025-11-08,19548.04,32
PAY-004297,HIST-004297,2025-11-08,75349.18,15
PAY-004427,HIST-004427,2025-11-08,32313.18,27
PAY-001398,HIST-001398,2025-11-08,20286.29,48
PAY-001604,HIST-001604,2025-11-08,51788.26,24
PAY-002676,HIST-002676,2025-11-08,19950.29,19
PAY-002987,HIST-002987,2025-11-08,19691.58,23
PAY-004396,HIST-004396,2025-11-08,51094.62,25
PAY-003332,HIST-003332,2025-11-08,19205.81,32
PAY-000228,HIST-000228,2025-11-09,43959.73,37
PAY-003109,HIST-003109,2025-11-09,96285.06,21
PAY-003518,HIST-003518,2025-11-09,17175.6,15
PAY-002384,HIST-002384,2025-11-09,61897.16,47
PAY-003009,HIST-003009,2025-11-09,71865.98,26
PAY-002396,HIST-002396,2025-11-09,19388.88,28
PAY-001911,HIST-001911,2025-11-09,65055.64,30
PAY-000251,HIST-000251,2025-11-09,56029.45,6
PAY-003740,HIST-003740,2025-11-09,37532.86,18
PAY-000565,HIST-000565,2025-11-09,21502.41,31
PAY-004417,HIST-004417,2025-11-09,26676.56,35
PAY-002306,HIST-002306,2025-11-09,17725.7,9
PAY-004405,HIST-004405,2025-11-09,57655.87,40
PAY-003256,HIST-003256,2025-11-09,25720.19,35
PAY-000291,HIST-000291,2025-11-09,21290.47,15
PAY-001340,HIST-001340,2025-11-09,26843.72,17
PAY-000881,HIST-000881,2025-11-09,67619.08,14
PAY-004637,HIST-004637,2025-11-10,17417.72,38
PAY-002645,HIST-002645,2025-11-10,32088.62,39
PAY-000001,HIST-000001,2025-11-10,14080.06,30
PAY-000822,HIST-000822,2025-11-10,97439.24,20
PAY-001327,HIST-001327,2025-11-10,24956.92,8
PAY-001416,HIST-001416,2025-11-10,24919.51,19
PAY-003623,HIST-003623,2025-11-11,16536.85,36
PAY-003383,HIST-003383,2025-11-11,38174.35,14
PAY-003930,HIST-003930,2025-11-11,114290.43,42
PAY-001565,HIST-001565,2025-11-11,14861.89,12
PAY-000787,HIST-000787,2025-11-11,15657.85,30
PAY-004565,HIST-004565,2025-11-11,11839.64,26
PAY-000799,HIST-000799,2025-11-12,69465.45,29
PAY-001973,HIST-001973,2025-11-12,160943.91,38
PAY-003819,HIST-003819,2025-11-12,24025.5,31
PAY-000289,HIST-000289,2025-11-12,26104.12,22
PAY-003788,HIST-003788,2025-11-12,18158.47,28
PAY-003945,HIST-003945,2025-11-12,15155.76,31
PAY-002063,HIST-002063,2025-11-12,7133.05,27
PAY-003125,HIST-003125,2025-11-12,63846.38,33
PAY-001806,HIST-001806,2025-11-12,37357.09,26
PAY-002553,HIST-002553,2025-11-13,21210.78,12
PAY-002421,HIST-002421,2025-11-13,95947.08,18
PAY-003536,HIST-003536,2025-11-13,24806.39,47
PAY-000152,HIST-000152,2025-11-13,10647.44,29
PAY-003514,HIST-003514,2025-11-13,60191.19,12
PAY-004120,HIST-004120,2025-11-13,25996.57,9
PAY-004594,HIST-004594,2025-11-13,32514.53,11
PAY-004277,HIST-004277,2025-11-13,59156.0,38
PAY-004186,HIST-004186,2025-11-13,5568.52,20
PAY-001287,HIST-001287,2025-11-13,25721.96,22
PAY-004543,HIST-004543,2025-11-13,36840.8,17
PAY-003436,HIST-003436,2025-11-13,33187.73,14
PAY-002708,HIST-002708,2025-11-13,48143.05,36
PAY-001159,HIST-001159,2025-11-13,24758.78,24
PAY-000210,HIST-000210,2025-11-13,41290.63,23
PAY-002238,HIST-002238,2025-11-13,67655.03,26
PAY-003966,HIST-003966,2025-11-14,35701.78,34
PAY-000784,HIST-000784,2025-11-14,35436.85,20
PAY-001933,HIST-001933,2025-11-14,45218.68,9
PAY-000186,HIST-000186,2025-11-14,45286.89,4
PAY-003206,HIST-003206,2025-11-14,126512.35,20
PAY-003587,HIST-003587,2025-11-14,160037.82,6
PAY-003972,HIST-003972,2025-11-14,22320.93,27
PAY-001207,HIST-001207,2025-11-14,19019.3,25
PAY-002123,HIST-002123,2025-11-14,57689.13,16
PAY-000010,HIST-000010,2025-11-14,86679.07,57
PAY-000295,HIST-000295,2025-11-14,33001.12,-2
PAY-001651,HIST-001651,2025-11-15,77264.02,17
PAY-004491,HIST-004491,2025-11-15,20305.19,48
PAY-000241,HIST-000241,2025-11-15,10117.88,54
PAY-001851,HIST-001851,2025-11-15,84689.77,11
PAY-000582,HIST-000582,2025-11-15,19535.18,46
PAY-004008,HIST-004008,2025-11-15,51093.82,27
PAY-000064,HIST-000064,2025-11-15,53639.58,9
PAY-003216,HIST-003216,2025-11-15,72471.61,22
PAY-004018,HIST-004018,2025-11-16,15185.82,12
PAY-003438,HIST-003438,2025-11-16,18360.24,23
PAY-003459,HIST-003459,2025-11-16,61788.11,40
PAY-001371,HIST-001371,2025-11-16,79106.0,27
PAY-003599,HIST-003599,2025-11-16,27407.52,7
PAY-000765,HIST-000765,2025-11-16,22489.52,9
PAY-003734,HIST-003734,2025-11-16,36581.2,21
PAY-003928,HIST-003928,2025-11-17,62999.74,33
PAY-002407,HIST-002407,2025-11-17,18758.71,30
PAY-003423,HIST-003423,2025-11-17,47727.04,23
PAY-003038,HIST-003038,2025-11-17,41731.83,20
PAY-003534,HIST-003534,2025-11-17,33791.38,18
PAY-004090,HIST-004090,2025-11-17,20593.23,21
PAY-003331,HIST-003331,2025-11-17,126826.55,22
PAY-001460,HIST-001460,2025-11-17,34567.82,19
PAY-003290,HIST-003290,2025-11-17,19939.35,37
PAY-003195,HIST-003195,2025-11-18,22021.5,18
PAY-003540,HIST-003540,2025-11-18,46022.77,22
PAY-003198,HIST-003198,2025-11-18,14669.03,24
PAY-004420,HIST-004420,2025-11-18,23838.91,21
PAY-003060,HIST-003060,2025-11-18,61593.59,39
PAY-002365,HIST-002365,2025-11-18,12370.35,22
PAY-001791,HIST-001791,2025-11-18,24033.66,12
PAY-002937,HIST-002937,2025-11-18,40225.88,17
PAY-000858,HIST-000858,2025-11-18,14358.97,7
PAY-003847,HIST-003847,2025-11-18,31024.66,13
PAY-000636,HIST-000636,2025-11-19,16525.58,11
PAY-004589,HIST-004589,2025-11-19,37080.35,47
PAY-001692,HIST-001692,2025-11-19,16134.21,20
PAY-000620,HIST-000620,2025-11-19,29396.78,24
PAY-003732,HIST-003732,2025-11-19,38693.08,33
PAY-003756,HIST-003756,2025-11-19,37349.97,11
PAY-003265,HIST-003265,2025-11-19,19764.51,15
PAY-001615,HIST-001615,2025-11-19,33036.14,10
PAY-001632,HIST-001632,2025-11-19,31322.35,42
PAY-003292,HIST-003292,2025-11-19,16944.42,31
PAY-004633,HIST-004633,2025-11-20,47300.46,30
PAY-001805,HIST-001805,2025-11-20,113426.57,12
PAY-002679,HIST-002679,2025-11-20,140396.38,22
PAY-001709,HIST-001709,2025-11-20,248296.76,9
PAY-003268,HIST-003268,2025-11-20,13294.75,27
PAY-001508,HIST-001508,2025-11-20,13118.65,14
PAY-001237,HIST-001237,2025-11-20,35293.66,4
PAY-002956,HIST-002956,2025-11-20,42410.54,32
PAY-003799,HIST-003799,2025-11-20,35525.84,26
PAY-000916,HIST-000916,2025-11-21,42572.16,25
PAY-004789,HIST-004789,2025-11-21,33265.3,30
PAY-000049,HIST-000049,2025-11-21,91851.48,1
PAY-002385,HIST-002385,2025-11-21,74591.4,15
PAY-004695,HIST-004695,2025-11-21,4579.29,12
PAY-002683,HIST-002683,2025-11-21,37312.0,5
PAY-002859,HIST-002859,2025-11-21,36523.73,43
PAY-001235,HIST-001235,2025-11-21,32922.12,32
PAY-004304,HIST-004304,2025-11-21,72519.45,36
PAY-002595,HIST-002595,2025-11-21,50175.08,15
PAY-001039,HIST-001039,2025-11-21,38601.9,47
PAY-000199,HIST-000199,2025-11-21,37155.35,6
PAY-003573,HIST-003573,2025-11-22,30496.8,48
PAY-001290,HIST-001290,2025-11-22,48926.54,19
PAY-003464,HIST-003464,2025-11-22,92616.96,22
PAY-000999,HIST-000999,2025-11-22,19604.8,31
PAY-003379,HIST-003379,2025-11-22,17753.13,35
PAY-000888,HIST-000888,2025-11-22,15349.18,22
PAY-001247,HIST-001247,2025-11-22,30947.32,35
PAY-002199,HIST-002199,2025-11-22,38618.05,23
PAY-003504,HIST-003504,2025-11-23,79322.46,57
PAY-000978,HIST-000978,2025-11-23,53285.16,0
PAY-003844,HIST-003844,2025-11-23,10394.55,38
PAY-000845,HIST-000845,2025-11-23,20743.04,39
PAY-003304,HIST-003304,2025-11-23,12211.44,27
PAY-003870,HIST-003870,2025-11-23,117904.43,19
PAY-002965,HIST-002965,2025-11-23,229526.24,37
PAY-004467,HIST-004467,2025-11-23,53333.01,41
PAY-004209,HIST-004209,2025-11-23,111287.39,14
PAY-001621,HIST-001621,2025-11-23,32369.52,24
PAY-001211,HIST-001211,2025-11-23,78887.98,22
PAY-001349,HIST-001349,2025-11-23,133611.05,27
PAY-003764,HIST-003764,2025-11-24,41189.64,15
PAY-002072,HIST-002072,2025-11-24,24625.37,34
PAY-003917,HIST-003917,2025-11-24,11625.88,19
PAY-004470,HIST-004470,2025-11-24,48798.97,32
PAY-001206,HIST-001206,2025-11-24,82150.46,42
PAY-001890,HIST-001890,2025-11-24,78629.3,31
PAY-001886,HIST-001886,2025-11-24,16085.19,17
PAY-004099,HIST-004099,2025-11-24,58559.23,22
PAY-000956,HIST-000956,2025-11-24,58593.06,23
PAY-000828,HIST-000828,2025-11-24,62970.83,18
PAY-004215,HIST-004215,2025-11-24,11122.36,28
PAY-001100,HIST-001100,2025-11-24,20895.02,27
PAY-003323,HIST-003323,2025-11-24,112141.55,23
PAY-002637,HIST-002637,2025-11-25,31884.92,36
PAY-003860,HIST-003860,2025-11-25,53979.87,1
PAY-001926,HIST-001926,2025-11-25,38148.27,26
PAY-000627,HIST-000627,2025-11-25,107613.86,41
PAY-004460,HIST-004460,2025-11-25,342244.98,8
PAY-002684,HIST-002684,2025-11-25,19065.67,49
PAY-002120,HIST-002120,2025-11-25,52268.3,29
PAY-001411,HIST-001411,2025-11-25,88013.28,10
PAY-002139,HIST-002139,2025-11-25,24625.92,24
PAY-003121,HIST-003121,2025-11-25,35104.49,35
PAY-003700,HIST-003700,2025-11-25,23623.3,4
PAY-000926,HIST-000926,2025-11-25,9329.68,14
PAY-002150,HIST-002150,2025-11-25,21613.16,18
PAY-002179,HIST-002179,2025-11-25,65227.43,20
PAY-001930,HIST-001930,2025-11-26,33809.52,47
PAY-001977,HIST-001977,2025-11-26,14988.08,17
PAY-001205,HIST-001205,2025-11-26,78410.77,9
PAY-002110,HIST-002110,2025-11-26,32256.98,30
PAY-000572,HIST-000572,2025-11-27,62356.7,24
PAY-003547,HIST-003547,2025-11-27,58194.48,17
PAY-000667,HIST-000667,2025-11-27,57029.04,19
PAY-001726,HIST-001726,2025-11-27,84125.54,53
PAY-000055,HIST-000055,2025-11-27,14957.39,4
PAY-002289,HIST-002289,2025-11-27,55714.16,15
PAY-002021,HIST-002021,2025-11-27,73387.59,19
PAY-002996,HIST-002996,2025-11-27,30718.57,20
PAY-001219,HIST-001219,2025-11-27,20306.95,32
PAY-004546,HIST-004546,2025-11-27,31290.22,11
PAY-001069,HIST-001069,2025-11-28,32376.82,12
PAY-001982,HIST-001982,2025-11-28,25747.54,13
PAY-003964,HIST-003964,2025-11-28,51481.61,20
PAY-003022,HIST-003022,2025-11-28,54588.55,37
PAY-004482,HIST-004482,2025-11-28,27534.16,27
PAY-000672,HIST-000672,2025-11-28,42483.0,12
PAY-003010,HIST-003010,2025-11-28,33216.87,34
PAY-002715,HIST-002715,2025-11-28,132014.21,25
PAY-001607,HIST-001607,2025-11-28,27927.69,37
PAY-003951,HIST-003951,2025-11-28,45591.83,28
PAY-002284,HIST-002284,2025-11-28,96389.01,1
PAY-004640,HIST-004640,2025-11-28,72741.71,32
PAY-002642,HIST-002642,2025-11-28,42617.77,14
PAY-004584,HIST-004584,2025-11-29,27892.95,33
PAY-001711,HIST-001711,2025-11-29,32301.81,40
PAY-003653,HIST-003653,2025-11-29,25143.71,8
PAY-003748,HIST-003748,2025-11-29,33486.51,25
PAY-002808,HIST-002808,2025-11-29,54014.87,26
PAY-000325,HIST-000325,2025-11-29,187429.36,53
PAY-002397,HIST-002397,2025-11-29,84031.66,19
PAY-004726,HIST-004726,2025-11-29,50458.69,58
PAY-002926,HIST-002926,2025-11-29,45906.16,33
PAY-004659,HIST-004659,2025-11-29,28782.86,28
PAY-002435,HIST-002435,2025-11-29,56326.4,36
PAY-004397,HIST-004397,2025-11-29,33110.27,44
PAY-000657,HIST-000657,2025-11-29,8417.51,11
PAY-002951,HIST-002951,2025-11-29,18797.78,10
PAY-001904,HIST-001904,2025-11-30,20993.82,8
PAY-004551,HIST-004551,2025-11-30,39657.33,40
PAY-003982,HIST-003982,2025-11-30,16241.74,19
PAY-004133,HIST-004133,2025-11-30,62114.5,28
PAY-000776,HIST-000776,2025-11-30,105330.18,18
PAY-001640,HIST-001640,2025-11-30,64649.95,27
PAY-003836,HIST-003836,2025-12-01,46773.9,2
PAY-000735,HIST-000735,2025-12-01,74607.58,11
PAY-000050,HIST-000050,2025-12-01,50308.26,19
PAY-002709,HIST-002709,2025-12-01,279894.87,27
PAY-004031,HIST-004031,2025-12-01,66329.08,10
PAY-000284,HIST-000284,2025-12-01,60090.65,11
PAY-003585,HIST-003585,2025-12-01,232658.59,23
PAY-004051,HIST-004051,2025-12-01,214254.84,36
PAY-003345,HIST-003345,2025-12-01,11664.14,37
PAY-002423,HIST-002423,2025-12-01,161333.19,5
PAY-002615,HIST-002615,2025-12-01,38727.64,10
PAY-000415,HIST-000415,2025-12-02,24579.15,15
PAY-001541,HIST-001541,2025-12-02,99334.45,26
PAY-002536,HIST-002536,2025-12-02,75149.01,35
PAY-003067,HIST-003067,2025-12-02,33569.0,2
PAY-004481,HIST-004481,2025-12-02,83717.61,53
PAY-004588,HIST-004588,2025-12-02,33229.17,43
PAY-001383,HIST-001383,2025-12-02,54600.94,32
PAY-001155,HIST-001155,2025-12-02,87133.46,29
PAY-001822,HIST-001822,2025-12-02,111576.66,19
PAY-004520,HIST-004520,2025-12-02,16401.58,30
PAY-000116,HIST-000116,2025-12-03,118767.71,28
PAY-000242,HIST-000242,2025-12-03,16260.38,43
PAY-000584,HIST-000584,2025-12-03,12762.65,1
PAY-002188,HIST-002188,2025-12-03,24101.08,14
PAY-002468,HIST-002468,2025-12-03,22272.56,20
PAY-001248,HIST-001248,2025-12-03,43791.71,12
PAY-000919,HIST-000919,2025-12-03,26272.16,11
PAY-003211,HIST-003211,2025-12-03,40113.59,23
PAY-001439,HIST-001439,2025-12-03,16907.09,4
PAY-004092,HIST-004092,2025-12-03,62835.83,18
PAY-001238,HIST-001238,2025-12-04,33540.32,15
PAY-003136,HIST-003136,2025-12-04,37046.94,37
PAY-004318,HIST-004318,2025-12-04,24621.38,31
PAY-004533,HIST-004533,2025-12-04,15465.55,37
PAY-004407,HIST-004407,2025-12-04,17338.07,12
PAY-001586,HIST-001586,2025-12-04,26409.89,1
PAY-002646,HIST-002646,2025-12-04,37851.59,27
PAY-001492,HIST-001492,2025-12-04,146198.67,29
PAY-003865,HIST-003865,2025-12-04,25870.24,9
PAY-004257,HIST-004257,2025-12-04,21471.7,37
PAY-000816,HIST-000816,2025-12-04,173908.4,21
PAY-002822,HIST-002822,2025-12-04,15884.79,11
PAY-002025,HIST-002025,2025-12-04,24000.07,12
PAY-002052,HIST-002052,2025-12-04,30481.21,6
PAY-000863,HIST-000863,2025-12-04,50311.33,30
PAY-001957,HIST-001957,2025-12-04,45849.34,31
PAY-003564,HIST-003564,2025-12-04,119582.34,25
PAY-004617,HIST-004617,2025-12-05,26272.56,41
PAY-004530,HIST-004530,2025-12-05,101645.49,9
PAY-001525,HIST-001525,2025-12-05,198845.57,5
PAY-000868,HIST-000868,2025-12-05,16007.87,23
PAY-002845,HIST-002845,2025-12-05,18556.36,48
PAY-002303,HIST-002303,2025-12-05,34496.19,22
PAY-004000,HIST-004000,2025-12-05,30676.14,10
PAY-000371,HIST-000371,2025-12-05,117082.51,19
PAY-000645,HIST-000645,2025-12-05,65534.25,46
PAY-000444,HIST-000444,2025-12-05,195717.09,19
PAY-001000,HIST-001000,2025-12-05,64270.69,21
PAY-002718,HIST-002718,2025-12-05,8597.46,21
PAY-000988,HIST-000988,2025-12-05,145222.56,33
PAY-002648,HIST-002648,2025-12-05,66255.18,13
PAY-002062,HIST-002062,2025-12-05,24131.46,13
PAY-000862,HIST-000862,2025-12-06,38455.36,30
PAY-004451,HIST-004451,2025-12-06,76540.91,29
PAY-003763,HIST-003763,2025-12-06,162373.68,37
PAY-002832,HIST-002832,2025-12-06,37709.45,7
PAY-001279,HIST-001279,2025-12-06,197056.04,26
PAY-000204,HIST-000204,2025-12-06,105967.71,7
PAY-003663,HIST-003663,2025-12-06,50876.61,10
PAY-000594,HIST-000594,2025-12-06,177420.35,35
PAY-000870,HIST-000870,2025-12-06,11888.44,13
PAY-004084,HIST-004084,2025-12-06,41455.13,10
PAY-001662,HIST-001662,2025-12-06,33029.52,20
PAY-001482,HIST-001482,2025-12-07,62754.86,26
PAY-003986,HIST-003986,2025-12-07,134226.02,13
PAY-001252,HIST-001252,2025-12-07,84511.76,-3
PAY-002184,HIST-002184,2025-12-07,118691.05,6
PAY-002738,HIST-002738,2025-12-07,37063.3,34
PAY-000022,HIST-000022,2025-12-07,19719.65,8
PAY-004741,HIST-004741,2025-12-07,35967.96,0
PAY-002023,HIST-002023,2025-12-07,7400.79,24
PAY-000091,HIST-000091,2025-12-07,30399.53,21
PAY-003040,HIST-003040,2025-12-07,123953.76,27
PAY-002804,HIST-002804,2025-12-07,63386.53,20
PAY-000357,HIST-000357,2025-12-07,48321.9,5
PAY-004035,HIST-004035,2025-12-07,41181.17,40
PAY-003260,HIST-003260,2025-12-08,304475.08,29
PAY-004294,HIST-004294,2025-12-08,134602.38,7
PAY-001391,HIST-001391,2025-12-08,46155.13,33
PAY-003916,HIST-003916,2025-12-08,25937.07,20
PAY-004602,HIST-004602,2025-12-08,77012.43,11
PAY-000677,HIST-000677,2025-12-08,47873.23,24
PAY-003166,HIST-003166,2025-12-08,101362.72,34
PAY-001063,HIST-001063,2025-12-08,30967.01,24
PAY-003501,HIST-003501,2025-12-08,18934.45,20
PAY-001765,HIST-001765,2025-12-08,5118.59,22
PAY-003204,HIST-003204,2025-12-08,45786.69,57
PAY-002897,HIST-002897,2025-12-08,20508.33,33
PAY-003698,HIST-003698,2025-12-08,28076.03,23
PAY-001004,HIST-001004,2025-12-08,37023.78,38
PAY-002794,HIST-002794,2025-12-09,85553.03,24
PAY-001396,HIST-001396,2025-12-09,33829.59,16
PAY-002922,HIST-002922,2025-12-09,58012.1,26
PAY-000708,HIST-000708,2025-12-09,56055.35,41
PAY-003429,HIST-003429,2025-12-09,112623.46,4
PAY-003008,HIST-003008,2025-12-09,233347.54,11
PAY-003706,HIST-003706,2025-12-09,96190.71,32
PAY-003351,HIST-003351,2025-12-09,45687.97,9
PAY-003281,HIST-003281,2025-12-09,30366.5,14
PAY-004503,HIST-004503,2025-12-09,33963.87,42
PAY-001762,HIST-001762,2025-12-09,20572.84,36
PAY-001464,HIST-001464,2025-12-09,38586.9,35
PAY-001569,HIST-001569,2025-12-09,37911.66,38
PAY-001920,HIST-001920,2025-12-09,24722.88,7
PAY-001173,HIST-001173,2025-12-10,18107.25,27
PAY-000544,HIST-000544,2025-12-10,18891.36,6
PAY-002524,HIST-002524,2025-12-10,88343.59,27
PAY-000623,HIST-000623,2025-12-10,13893.54,30
PAY-002320,HIST-002320,2025-12-10,106183.44,27
PAY-000157,HIST-000157,2025-12-10,37131.53,47
PAY-000436,HIST-000436,2025-12-10,60546.19,13
PAY-003506,HIST-003506,2025-12-10,26167.47,5
PAY-001044,HIST-001044,2025-12-10,39129.94,19
PAY-003391,HIST-003391,2025-12-10,26285.82,12
PAY-001201,HIST-001201,2025-12-11,36648.49,17
PAY-001397,HIST-001397,2025-12-11,27392.74,11
PAY-004044,HIST-004044,2025-12-11,205292.57,25
PAY-003782,HIST-003782,2025-12-11,25666.57,23
PAY-002288,HIST-002288,2025-12-11,40614.91,9
PAY-004281,HIST-004281,2025-12-11,27426.07,30
PAY-004087,HIST-004087,2025-12-11,117173.69,26
PAY-002665,HIST-002665,2025-12-11,123943.64,30
PAY-000500,HIST-000500,2025-12-11,20999.96,12
PAY-002871,HIST-002871,2025-12-12,35138.45,29
PAY-002060,HIST-002060,2025-12-12,70276.22,34
PAY-001669,HIST-001669,2025-12-12,111766.52,21
PAY-003658,HIST-003658,2025-12-12,11358.29,39
PAY-003714,HIST-003714,2025-12-12,40157.27,37
PAY-003400,HIST-003400,2025-12-12,67195.64,32
PAY-004218,HIST-004218,2025-12-12,64224.39,-4
PAY-002682,HIST-002682,2025-12-12,19925.39,11
PAY-000252,HIST-000252,2025-12-12,67237.22,45
PAY-004554,HIST-004554,2025-12-12,86571.63,19
PAY-003904,HIST-003904,2025-12-12,13581.18,8
PAY-003645,HIST-003645,2025-12-12,95681.01,3
PAY-003441,HIST-003441,2025-12-12,27790.24,27
PAY-004088,HIST-004088,2025-12-13,45575.6,27
PAY-001521,HIST-001521,2025-12-13,55041.79,42
PAY-004067,HIST-004067,2025-12-13,24442.82,25
PAY-004661,HIST-004661,2025-12-13,89006.85,13
PAY-002315,HIST-002315,2025-12-13,115968.24,40
PAY-002759,HIST-002759,2025-12-13,63012.5,28
PAY-000897,HIST-000897,2025-12-13,29740.74,26
PAY-003498,HIST-003498,2025-12-13,98329.98,33
PAY-004410,HIST-004410,2025-12-13,77335.86,25
PAY-002768,HIST-002768,2025-12-13,130754.9,14
PAY-002197,HIST-002197,2025-12-13,65524.45,35
PAY-003414,HIST-003414,2025-12-13,9809.39,42
PAY-004675,HIST-004675,2025-12-13,55469.59,25
PAY-000287,HIST-000287,2025-12-13,240072.31,43
PAY-000654,HIST-000654,2025-12-14,32663.74,1
PAY-003361,HIST-003361,2025-12-14,27079.37,50
PAY-001793,HIST-001793,2025-12-14,14827.7,30
PAY-000611,HIST-000611,2025-12-14,180254.62,10
PAY-004242,HIST-004242,2025-12-14,30453.19,24
PAY-001317,HIST-001317,2025-12-14,13985.47,27
PAY-001909,HIST-001909,2025-12-14,8461.44,34
PAY-004267,HIST-004267,2025-12-14,62390.83,26
PAY-004762,HIST-004762,2025-12-14,17321.73,9
PAY-004207,HIST-004207,2025-12-14,75472.99,12
PAY-003116,HIST-003116,2025-12-15,34256.49,31
PAY-001883,HIST-001883,2025-12-15,24558.88,28
PAY-000970,HIST-000970,2025-12-15,77483.4,56
PAY-002675,HIST-002675,2025-12-15,39536.67,30
PAY-002386,HIST-002386,2025-12-15,10937.99,39
PAY-002916,HIST-002916,2025-12-15,28208.49,31
PAY-002363,HIST-002363,2025-12-15,26042.21,-5
PAY-001738,HIST-001738,2025-12-15,33212.88,12
PAY-000009,HIST-000009,2025-12-15,14013.69,28
PAY-003907,HIST-003907,2025-12-15,17402.36,29
PAY-003463,HIST-003463,2025-12-15,51873.28,59
PAY-001131,HIST-001131,2025-12-15,25357.4,24
PAY-002165,HIST-002165,2025-12-16,119482.61,-1
PAY-002686,HIST-002686,2025-12-16,143894.6,36
PAY-002673,HIST-002673,2025-12-16,17304.13,15
PAY-003731,HIST-003731,2025-12-16,46083.94,33
PAY-000379,HIST-000379,2025-12-16,21232.84,7
PAY-001832,HIST-001832,2025-12-16,127260.86,32
PAY-004615,HIST-004615,2025-12-16,23282.22,19
PAY-004459,HIST-004459,2025-12-16,51543.91,15
PAY-002237,HIST-002237,2025-12-16,105113.23,26
PAY-000768,HIST-000768,2025-12-16,18298.8,20
PAY-004043,HIST-004043,2025-12-16,20374.53,56
PAY-000767,HIST-000767,2025-12-16,53376.48,30
PAY-001656,HIST-001656,2025-12-16,132343.72,15
PAY-001965,HIST-001965,2025-12-16,114284.71,15
PAY-001947,HIST-001947,2025-12-16,16721.49,25
PAY-001575,HIST-001575,2025-12-16,53360.85,32
PAY-001177,HIST-001177,2025-12-16,38735.36,0
PAY-001919,HIST-001919,2025-12-16,32995.97,36
PAY-003898,HIST-003898,2025-12-16,43965.94,20
PAY-004490,HIST-004490,2025-12-17,32299.96,35
PAY-004155,HIST-004155,2025-12-17,10411.05,22
PAY-003212,HIST-003212,2025-12-17,90866.05,41
PAY-004330,HIST-004330,2025-12-17,137107.73,25
PAY-004269,HIST-004269,2025-12-17,31781.1,12
PAY-002999,HIST-002999,2025-12-17,28886.17,4
PAY-002446,HIST-002446,2025-12-17,60302.9,12
PAY-000685,HIST-000685,2025-12-17,50179.53,11
PAY-000375,HIST-000375,2025-12-17,58791.1,30
PAY-000985,HIST-000985,2025-12-17,23999.04,37
PAY-003398,HIST-003398,2025-12-17,69034.96,22
PAY-001648,HIST-001648,2025-12-17,106093.36,19
PAY-001584,HIST-001584,2025-12-17,45983.43,7
PAY-000786,HIST-000786,2025-12-18,30243.66,30
PAY-003919,HIST-003919,2025-12-18,43051.61,16
PAY-002510,HIST-002510,2025-12-18,34706.46,45
PAY-002796,HIST-002796,2025-12-18,43540.75,0
PAY-001282,HIST-001282,2025-12-18,70196.42,15
PAY-001001,HIST-001001,2025-12-18,13813.24,16
PAY-001542,HIST-001542,2025-12-18,29624.4,11
PAY-003595,HIST-003595,2025-12-18,24162.04,16
PAY-002330,HIST-002330,2025-12-18,181639.98,16
PAY-002434,HIST-002434,2025-12-18,24192.51,16
PAY-001708,HIST-001708,2025-12-18,36962.04,21
PAY-003285,HIST-003285,2025-12-18,34662.72,5
PAY-003575,HIST-003575,2025-12-18,22037.69,28
PAY-003479,HIST-003479,2025-12-19,21140.53,28
PAY-004663,HIST-004663,2025-12-19,26169.22,36
PAY-003828,HIST-003828,2025-12-19,50955.89,38
PAY-000206,HIST-000206,2025-12-19,54637.58,31
PAY-002340,HIST-002340,2025-12-19,33346.35,21
PAY-000197,HIST-000197,2025-12-19,27788.08,18
PAY-003566,HIST-003566,2025-12-19,21249.74,14
PAY-001335,HIST-001335,2025-12-19,97396.23,36
PAY-001424,HIST-001424,2025-12-19,28630.37,14
PAY-000394,HIST-000394,2025-12-19,38131.15,42
PAY-000808,HIST-000808,2025-12-19,32333.53,24
PAY-000173,HIST-000173,2025-12-19,35584.33,42
PAY-000559,HIST-000559,2025-12-19,13434.41,18
PAY-000668,HIST-000668,2025-12-19,81650.98,15
PAY-003063,HIST-003063,2025-12-19,14356.56,31
PAY-001103,HIST-001103,2025-12-20,29200.72,34
PAY-002559,HIST-002559,2025-12-20,223178.17,16
PAY-002581,HIST-002581,2025-12-20,37511.34,30
PAY-003406,HIST-003406,2025-12-20,86570.41,22
PAY-001082,HIST-001082,2025-12-20,29604.46,28
PAY-000348,HIST-000348,2025-12-21,26265.9,26
PAY-001046,HIST-001046,2025-12-21,32838.13,25
PAY-002471,HIST-002471,2025-12-21,14099.39,16
PAY-003899,HIST-003899,2025-12-21,13573.57,35
PAY-000387,HIST-000387,2025-12-21,9316.56,18
PAY-001730,HIST-001730,2025-12-21,60729.99,13
PAY-002714,HIST-002714,2025-12-21,84664.71,9
PAY-003724,HIST-003724,2025-12-21,87862.54,18
PAY-003509,HIST-003509,2025-12-21,71099.32,16
PAY-001524,HIST-001524,2025-12-21,48643.24,16
PAY-000754,HIST-000754,2025-12-21,41519.93,32
PAY-003678,HIST-003678,2025-12-22,31444.78,12
PAY-000077,HIST-000077,2025-12-22,34046.95,7
PAY-000386,HIST-000386,2025-12-22,24354.73,23
PAY-002265,HIST-002265,2025-12-22,22491.52,24
PAY-004616,HIST-004616,2025-12-22,144480.31,35
PAY-002627,HIST-002627,2025-12-22,40580.99,38
PAY-001181,HIST-001181,2025-12-22,13039.07,49
PAY-001483,HIST-001483,2025-12-22,12299.27,7
PAY-000742,HIST-000742,2025-12-22,18507.94,22
PAY-004111,HIST-004111,2025-12-22,82897.52,11
PAY-002823,HIST-002823,2025-12-22,29555.04,28
PAY-004430,HIST-004430,2025-12-23,21548.13,25
PAY-001828,HIST-001828,2025-12-23,44849.65,34
PAY-004465,HIST-004465,2025-12-23,10538.41,6
PAY-002351,HIST-002351,2025-12-23,93565.73,21
PAY-003012,HIST-003012,2025-12-23,56405.06,14
PAY-004005,HIST-004005,2025-12-23,33378.2,25
PAY-004358,HIST-004358,2025-12-23,140382.58,29
PAY-003431,HIST-003431,2025-12-23,51357.55,27
PAY-000396,HIST-000396,2025-12-23,26430.51,23
PAY-001440,HIST-001440,2025-12-23,43026.77,16
PAY-001065,HIST-001065,2025-12-23,60923.11,19
PAY-004580,HIST-004580,2025-12-23,106635.58,24
PAY-000531,HIST-000531,2025-12-23,56109.4,22
PAY-003891,HIST-003891,2025-12-24,46821.55,31
PAY-004563,HIST-004563,2025-12-24,40671.09,29
PAY-001089,HIST-001089,2025-12-24,31415.97,9
PAY-004611,HIST-004611,2025-12-24,81457.0,32
PAY-001537,HIST-001537,2025-12-24,29302.86,46
PAY-002108,HIST-002108,2025-12-24,17486.11,28
PAY-002809,HIST-002809,2025-12-24,44999.7,18
PAY-002276,HIST-002276,2025-12-24,34762.16,44
PAY-002706,HIST-002706,2025-12-24,34808.98,21
PAY-001527,HIST-001527,2025-12-24,38572.53,44
PAY-003236,HIST-003236,2025-12-24,36923.88,17
PAY-002366,HIST-002366,2025-12-25,25575.05,28
PAY-003783,HIST-003783,2025-12-25,57599.22,19
PAY-000218,HIST-000218,2025-12-25,14519.19,45
PAY-001189,HIST-001189,2025-12-25,33255.04,40
PAY-003638,HIST-003638,2025-12-25,13367.02,23
PAY-000195,HIST-000195,2025-12-25,11873.78,10
PAY-004236,HIST-004236,2025-12-25,50053.23,24
PAY-002419,HIST-002419,2025-12-25,27021.73,42
PAY-003077,HIST-003077,2025-12-25,38747.85,24
PAY-000525,HIST-000525,2025-12-25,42799.06,19
PAY-004132,HIST-004132,2025-12-26,61995.87,35
PAY-003070,HIST-003070,2025-12-26,12611.15,18
PAY-002634,HIST-002634,2025-12-26,94643.11,34
PAY-000738,HIST-000738,2025-12-26,105321.07,33
PAY-003471,HIST-003471,2025-12-26,70778.41,25
PAY-004623,HIST-004623,2025-12-26,42819.08,22
PAY-000406,HIST-000406,2025-12-26,36937.21,3
PAY-004103,HIST-004103,2025-12-26,39211.43,11
PAY-002230,HIST-002230,2025-12-26,26260.86,29
PAY-004507,HIST-004507,2025-12-26,95884.64,35
PAY-004234,HIST-004234,2025-12-26,143910.68,15
PAY-001498,HIST-001498,2025-12-27,80115.67,24
PAY-004177,HIST-004177,2025-12-27,28958.77,15
PAY-002316,HIST-002316,2025-12-27,27963.34,21
PAY-002319,HIST-002319,2025-12-27,100157.61,16
PAY-001404,HIST-001404,2025-12-27,39101.22,24
PAY-002564,HIST-002564,2025-12-27,12996.31,28
PAY-002131,HIST-002131,2025-12-27,18249.16,33
PAY-000552,HIST-000552,2025-12-27,107657.64,5
PAY-004402,HIST-004402,2025-12-27,93447.88,57
PAY-001058,HIST-001058,2025-12-27,93856.46,4
PAY-004652,HIST-004652,2025-12-27,68744.03,16
PAY-001075,HIST-001075,2025-12-27,19695.42,27
PAY-001867,HIST-001867,2025-12-27,12163.61,51
PAY-004362,HIST-004362,2025-12-27,6956.72,7
PAY-004718,HIST-004718,2025-12-28,70334.46,33
PAY-004146,HIST-004146,2025-12-28,79150.1,23
PAY-003496,HIST-003496,2025-12-28,434817.17,38
PAY-003239,HIST-003239,2025-12-28,35517.63,34
PAY-001671,HIST-001671,2025-12-28,22982.15,24
PAY-002624,HIST-002624,2025-12-28,35294.89,32
PAY-000410,HIST-000410,2025-12-28,23827.83,11
PAY-004598,HIST-004598,2025-12-28,13500.11,16
PAY-002964,HIST-002964,2025-12-28,17987.29,20
PAY-003349,HIST-003349,2025-12-28,83671.88,24
PAY-003921,HIST-003921,2025-12-29,232048.34,22
PAY-002357,HIST-002357,2025-12-29,61528.65,19
PAY-002012,HIST-002012,2025-12-29,16816.52,29
PAY-001341,HIST-001341,2025-12-29,57052.99,-5
PAY-001215,HIST-001215,2025-12-29,97564.14,27
PAY-003380,HIST-003380,2025-12-29,22471.65,23
PAY-001600,HIST-001600,2025-12-30,41454.96,8
PAY-000805,HIST-000805,2025-12-30,23389.47,24
PAY-000293,HIST-000293,2025-12-30,24964.29,35
PAY-001571,HIST-001571,2025-12-30,99803.66,29
PAY-004014,HIST-004014,2025-12-30,132466.34,23
PAY-000578,HIST-000578,2025-12-30,24324.18,27
PAY-003043,HIST-003043,2025-12-30,80604.47,19
PAY-001523,HIST-001523,2025-12-30,50229.04,8
PAY-004782,HIST-004782,2025-12-30,122163.47,38
PAY-000791,HIST-000791,2025-12-30,305594.24,19
PAY-002886,HIST-002886,2025-12-30,40356.79,25
PAY-001038,HIST-001038,2025-12-30,67177.6,33
PAY-000448,HIST-000448,2025-12-31,57667.07,31
PAY-002790,HIST-002790,2025-12-31,22515.98,11
PAY-000466,HIST-000466,2025-12-31,107961.91,38
PAY-001255,HIST-001255,2025-12-31,9459.75,-5
PAY-003613,HIST-003613,2025-12-31,36949.58,23
PAY-000644,HIST-000644,2025-12-31,23290.09,19
PAY-004754,HIST-004754,2025-12-31,16617.75,-3
PAY-003591,HIST-003591,2025-12-31,15424.09,28
PAY-004342,HIST-004342,2025-12-31,24986.51,14
PAY-003074,HIST-003074,2025-12-31,75567.53,39
PAY-002261,HIST-002261,2025-12-31,86777.23,16
PAY-002543,HIST-002543,2026-01-01,45734.62,18
PAY-001167,HIST-001167,2026-01-01,31332.1,26
PAY-003114,HIST-003114,2026-01-01,13951.01,9
PAY-001871,HIST-001871,2026-01-01,23035.52,8
PAY-001777,HIST-001777,2026-01-01,96838.06,25
PAY-004274,HIST-004274,2026-01-01,51863.5,15
PAY-001045,HIST-001045,2026-01-01,25877.1,9
PAY-001529,HIST-001529,2026-01-01,48518.94,48
PAY-002924,HIST-002924,2026-01-01,23587.26,36
PAY-003559,HIST-003559,2026-01-02,82101.26,30
PAY-004385,HIST-004385,2026-01-02,43022.82,-3
PAY-003531,HIST-003531,2026-01-02,52357.89,19
PAY-000312,HIST-000312,2026-01-02,12298.2,31
PAY-003193,HIST-003193,2026-01-02,14657.98,-1
PAY-000263,HIST-000263,2026-01-02,14058.71,23
PAY-002879,HIST-002879,2026-01-02,108307.6,34
PAY-002328,HIST-002328,2026-01-02,101078.12,15
PAY-004664,HIST-004664,2026-01-02,33595.94,24
PAY-000517,HIST-000517,2026-01-02,214817.21,26
PAY-002511,HIST-002511,2026-01-03,193820.61,13
PAY-000679,HIST-000679,2026-01-03,53869.01,26
PAY-001125,HIST-001125,2026-01-03,91170.1,7
PAY-002106,HIST-002106,2026-01-03,26303.21,32
PAY-004761,HIST-004761,2026-01-03,22148.95,17
PAY-004142,HIST-004142,2026-01-03,108601.98,30
PAY-000659,HIST-000659,2026-01-03,27327.32,38
PAY-001142,HIST-001142,2026-01-04,74710.25,19
PAY-002497,HIST-002497,2026-01-04,52866.03,13
PAY-002857,HIST-002857,2026-01-04,85176.66,20
PAY-003138,HIST-003138,2026-01-04,81738.06,11
PAY-002671,HIST-002671,2026-01-04,39244.61,35
PAY-000187,HIST-000187,2026-01-04,65612.47,15
PAY-000832,HIST-000832,2026-01-04,47133.82,26
PAY-004055,HIST-004055,2026-01-04,48591.7,18
PAY-003934,HIST-003934,2026-01-04,27855.27,32
PAY-004233,HIST-004233,2026-01-05,38054.23,34
PAY-000563,HIST-000563,2026-01-05,64330.66,51
PAY-002779,HIST-002779,2026-01-05,60914.69,16
PAY-001139,HIST-001139,2026-01-05,27637.17,12
PAY-002135,HIST-002135,2026-01-05,27561.84,24
PAY-003280,HIST-003280,2026-01-05,40254.15,26
PAY-002206,HIST-002206,2026-01-05,37712.73,13
PAY-003572,HIST-003572,2026-01-05,14460.28,20
PAY-003011,HIST-003011,2026-01-05,69419.15,12
PAY-003717,HIST-003717,2026-01-05,21097.97,30
PAY-001717,HIST-001717,2026-01-05,39584.33,13
PAY-004421,HIST-004421,2026-01-05,22454.77,14
PAY-003720,HIST-003720,2026-01-05,27546.39,20
PAY-003319,HIST-003319,2026-01-05,30827.34,27
PAY-002877,HIST-002877,2026-01-06,36430.19,12
PAY-003990,HIST-003990,2026-01-06,91378.73,22
PAY-003992,HIST-003992,2026-01-06,24683.82,31
PAY-003831,HIST-003831,2026-01-06,52543.57,35
PAY-001536,HIST-001536,2026-01-06,171103.88,10
PAY-001637,HIST-001637,2026-01-06,46393.52,32
PAY-003876,HIST-003876,2026-01-06,169772.68,12
PAY-001257,HIST-001257,2026-01-06,86312.84,24
PAY-002973,HIST-002973,2026-01-06,41548.45,32
PAY-000112,HIST-000112,2026-01-06,36095.67,10
PAY-003392,HIST-003392,2026-01-06,34458.69,49
PAY-001960,HIST-001960,2026-01-06,35069.11,29
PAY-002710,HIST-002710,2026-01-07,156949.92,47
PAY-003257,HIST-003257,2026-01-07,39565.04,30
PAY-000484,HIST-000484,2026-01-07,73477.09,31
PAY-000081,HIST-000081,2026-01-07,38718.94,35
PAY-001847,HIST-001847,2026-01-07,48956.28,26
PAY-003324,HIST-003324,2026-01-07,30081.95,23
PAY-001145,HIST-001145,2026-01-07,16098.17,26
PAY-000016,HIST-000016,2026-01-07,12394.04,21
PAY-001670,HIST-001670,2026-01-07,47177.41,23
PAY-000940,HIST-000940,2026-01-08,71521.31,13
PAY-003820,HIST-003820,2026-01-08,44261.08,30
PAY-000450,HIST-000450,2026-01-08,8192.12,32
PAY-000972,HIST-000972,2026-01-08,26090.6,25
PAY-003601,HIST-003601,2026-01-08,15776.75,-5
PAY-002426,HIST-002426,2026-01-08,92315.66,7
PAY-003171,HIST-003171,2026-01-08,38320.18,33
PAY-003849,HIST-003849,2026-01-08,101032.3,42
PAY-002523,HIST-002523,2026-01-08,15060.37,13
PAY-002548,HIST-002548,2026-01-08,19839.45,38
PAY-003914,HIST-003914,2026-01-08,66377.57,18
PAY-001547,HIST-001547,2026-01-08,150802.96,31
PAY-002216,HIST-002216,2026-01-09,41309.67,-5
PAY-003991,HIST-003991,2026-01-09,20653.43,22
PAY-002036,HIST-002036,2026-01-09,75553.87,34
PAY-003156,HIST-003156,2026-01-09,27375.24,33
PAY-002607,HIST-002607,2026-01-09,71838.63,34
PAY-002443,HIST-002443,2026-01-09,16038.15,12
PAY-003284,HIST-003284,2026-01-09,33325.78,20
PAY-004149,HIST-004149,2026-01-09,37727.51,21
PAY-003829,HIST-003829,2026-01-09,34018.36,24
PAY-004496,HIST-004496,2026-01-09,64395.83,36
PAY-004013,HIST-004013,2026-01-09,55413.0,29
PAY-000358,HIST-000358,2026-01-09,31770.41,19
PAY-001719,HIST-001719,2026-01-09,10127.16,8
PAY-000943,HIST-000943,2026-01-09,98227.36,25
PAY-003426,HIST-003426,2026-01-09,97306.61,24
PAY-001455,HIST-001455,2026-01-09,24506.9,45
PAY-001408,HIST-001408,2026-01-09,45887.72,22
PAY-004137,HIST-004137,2026-01-10,44814.81,23
PAY-002620,HIST-002620,2026-01-10,144698.81,13
PAY-003179,HIST-003179,2026-01-10,69889.06,12
PAY-003422,HIST-003422,2026-01-10,21713.94,14
PAY-001222,HIST-001222,2026-01-10,78408.3,25
PAY-004232,HIST-004232,2026-01-10,9645.99,13
PAY-003435,HIST-003435,2026-01-10,40603.61,39
PAY-001005,HIST-001005,2026-01-10,36051.9,57
PAY-004198,HIST-004198,2026-01-10,24044.53,13
PAY-000687,HIST-000687,2026-01-10,95207.86,31
PAY-000766,HIST-000766,2026-01-10,162134.5,36
PAY-004599,HIST-004599,2026-01-10,49667.82,30
PAY-002283,HIST-002283,2026-01-10,76607.57,11
PAY-004323,HIST-004323,2026-01-10,30589.05,23
PAY-001710,HIST-001710,2026-01-10,14028.06,12
PAY-001493,HIST-001493,2026-01-11,61815.16,30
PAY-001253,HIST-001253,2026-01-11,60526.45,40
PAY-004409,HIST-004409,2026-01-11,15956.64,33
PAY-001731,HIST-001731,2026-01-11,56372.39,17
PAY-003492,HIST-003492,2026-01-11,68870.5,17
PAY-000850,HIST-000850,2026-01-11,53367.2,8
PAY-001535,HIST-001535,2026-01-11,47347.47,22
PAY-003046,HIST-003046,2026-01-11,46852.07,24
PAY-000212,HIST-000212,2026-01-11,45095.42,39
PAY-003589,HIST-003589,2026-01-11,36433.43,27
PAY-002904,HIST-002904,2026-01-11,87127.03,41
PAY-004086,HIST-004086,2026-01-11,45949.31,30
PAY-003237,HIST-003237,2026-01-11,65243.22,5
PAY-001113,HIST-001113,2026-01-11,34112.48,2
PAY-002849,HIST-002849,2026-01-11,54520.08,37
PAY-001342,HIST-001342,2026-01-11,46960.4,20
PAY-001592,HIST-001592,2026-01-12,11745.11,17
PAY-000682,HIST-000682,2026-01-12,157493.07,22
PAY-004282,HIST-004282,2026-01-12,59006.22,10
PAY-000648,HIST-000648,2026-01-12,80025.06,18
PAY-003192,HIST-003192,2026-01-12,56092.92,3
PAY-000351,HIST-000351,2026-01-12,51892.96,35
PAY-002332,HIST-002332,2026-01-12,9264.27,14
PAY-003922,HIST-003922,2026-01-12,91345.74,16
PAY-001861,HIST-001861,2026-01-12,25020.39,30
PAY-003154,HIST-003154,2026-01-12,230184.26,26
PAY-003133,HIST-003133,2026-01-12,69793.36,22
PAY-000042,HIST-000042,2026-01-12,47410.95,24
PAY-003141,HIST-003141,2026-01-13,55448.2,21
PAY-001321,HIST-001321,2026-01-13,50594.22,6
PAY-004711,HIST-004711,2026-01-13,62972.18,1
PAY-004261,HIST-004261,2026-01-13,70361.07,33
PAY-003226,HIST-003226,2026-01-13,68710.24,29
PAY-000238,HIST-000238,2026-01-13,29298.66,-5
PAY-001942,HIST-001942,2026-01-14,72538.77,36
PAY-004154,HIST-004154,2026-01-14,4716.85,20
PAY-002019,HIST-002019,2026-01-14,17161.42,33
PAY-004576,HIST-004576,2026-01-14,43133.41,13
PAY-001251,HIST-001251,2026-01-14,17275.79,38
PAY-000579,HIST-000579,2026-01-14,33826.46,33
PAY-003075,HIST-003075,2026-01-14,15782.59,8
PAY-004684,HIST-004684,2026-01-14,20216.25,40
PAY-003730,HIST-003730,2026-01-14,338490.12,14
PAY-003772,HIST-003772,2026-01-15,105986.96,8
PAY-002727,HIST-002727,2026-01-15,50109.4,18
PAY-001745,HIST-001745,2026-01-15,76004.12,20
PAY-001418,HIST-001418,2026-01-15,40428.29,38
PAY-001657,HIST-001657,2026-01-15,40853.42,17
PAY-004247,HIST-004247,2026-01-15,55030.19,31
PAY-003639,HIST-003639,2026-01-15,70349.76,19
PAY-000718,HIST-000718,2026-01-15,81547.51,13
PAY-000270,HIST-000270,2026-01-15,32927.07,14
PAY-001462,HIST-001462,2026-01-15,20060.73,14
PAY-002008,HIST-002008,2026-01-15,43459.52,42
PAY-001813,HIST-001813,2026-01-15,7716.06,24
PAY-002129,HIST-002129,2026-01-15,52240.42,23
PAY-002462,HIST-002462,2026-01-15,31645.88,22
PAY-001240,HIST-001240,2026-01-15,35226.89,20
PAY-000520,HIST-000520,2026-01-16,15118.33,31
PAY-001981,HIST-001981,2026-01-16,30893.64,20
PAY-003503,HIST-003503,2026-01-16,43988.34,28
PAY-000275,HIST-000275,2026-01-16,41388.85,28
PAY-000474,HIST-000474,2026-01-16,67548.12,22
PAY-002571,HIST-002571,2026-01-16,35805.01,25
PAY-001328,HIST-001328,2026-01-16,38941.33,28
PAY-001672,HIST-001672,2026-01-16,48219.36,10
PAY-004568,HIST-004568,2026-01-16,6195.39,37
PAY-000240,HIST-000240,2026-01-17,10075.1,18
PAY-002087,HIST-002087,2026-01-17,30880.58,0
PAY-003636,HIST-003636,2026-01-17,70082.99,0
PAY-004239,HIST-004239,2026-01-17,111114.7,-1
PAY-003669,HIST-003669,2026-01-17,29076.38,23
PAY-002001,HIST-002001,2026-01-17,78227.69,17
PAY-003411,HIST-003411,2026-01-17,111322.11,15
PAY-004040,HIST-004040,2026-01-17,41011.98,27
PAY-004471,HIST-004471,2026-01-17,50039.28,15
PAY-002005,HIST-002005,2026-01-17,49633.93,47
PAY-000669,HIST-000669,2026-01-18,49864.74,41
PAY-003603,HIST-003603,2026-01-18,9717.93,12
PAY-003469,HIST-003469,2026-01-18,28613.56,30
PAY-002765,HIST-002765,2026-01-18,29131.96,27
PAY-003978,HIST-003978,2026-01-18,94496.35,13
PAY-004638,HIST-004638,2026-01-18,55458.11,28
PAY-002415,HIST-002415,2026-01-19,132140.09,-1
PAY-000673,HIST-000673,2026-01-19,40633.46,14
PAY-003939,HIST-003939,2026-01-19,25408.12,10
PAY-002477,HIST-002477,2026-01-19,110283.24,51
PAY-002604,HIST-002604,2026-01-19,30046.74,25
PAY-003933,HIST-003933,2026-01-19,71224.4,25
PAY-002662,HIST-002662,2026-01-19,84395.12,15
PAY-000192,HIST-000192,2026-01-19,6858.92,22
PAY-001373,HIST-001373,2026-01-19,30412.74,14
PAY-002547,HIST-002547,2026-01-19,48364.28,16
PAY-002842,HIST-002842,2026-01-19,29799.91,30
PAY-002046,HIST-002046,2026-01-19,91728.25,25
PAY-000647,HIST-000647,2026-01-20,24352.89,24
PAY-000123,HIST-000123,2026-01-20,66742.07,31
PAY-004230,HIST-004230,2026-01-20,53730.56,3
PAY-000202,HIST-000202,2026-01-20,35913.76,36
PAY-001367,HIST-001367,2026-01-20,37032.88,21
PAY-004607,HIST-004607,2026-01-20,18768.43,25
PAY-001337,HIST-001337,2026-01-20,26241.05,31
PAY-002783,HIST-002783,2026-01-21,7550.87,24
PAY-002512,HIST-002512,2026-01-21,19215.38,20
PAY-002488,HIST-002488,2026-01-21,28677.7,28
PAY-001370,HIST-001370,2026-01-21,19188.66,40
PAY-002191,HIST-002191,2026-01-21,10132.06,14
PAY-000961,HIST-000961,2026-01-21,53172.61,28
PAY-002801,HIST-002801,2026-01-22,10493.5,44
PAY-003948,HIST-003948,2026-01-22,33999.64,51
PAY-002870,HIST-002870,2026-01-22,75605.75,37
PAY-002872,HIST-002872,2026-01-22,42327.5,33
PAY-000046,HIST-000046,2026-01-22,155203.86,33
PAY-000555,HIST-000555,2026-01-22,94975.45,14
PAY-000178,HIST-000178,2026-01-22,12589.88,48
PAY-002161,HIST-002161,2026-01-22,12058.36,37
PAY-001659,HIST-001659,2026-01-22,223160.89,30
PAY-003598,HIST-003598,2026-01-22,19092.29,10
PAY-000836,HIST-000836,2026-01-22,40868.57,45
PAY-003903,HIST-003903,2026-01-22,118159.62,38
PAY-004083,HIST-004083,2026-01-23,13648.2,11
PAY-002260,HIST-002260,2026-01-23,23764.78,19
PAY-004217,HIST-004217,2026-01-23,65341.94,37
PAY-004338,HIST-004338,2026-01-23,62718.65,26
PAY-004226,HIST-004226,2026-01-23,14371.83,18
PAY-001517,HIST-001517,2026-01-23,73925.78,28
PAY-003681,HIST-003681,2026-01-23,26162.78,16
PAY-002725,HIST-002725,2026-01-23,27871.21,13
PAY-002836,HIST-002836,2026-01-23,64349.11,17
PAY-001826,HIST-001826,2026-01-23,16284.21,45
PAY-002890,HIST-002890,2026-01-24,65350.72,30
PAY-003335,HIST-003335,2026-01-24,4415.33,55
PAY-003607,HIST-003607,2026-01-24,22261.47,18
PAY-002591,HIST-002591,2026-01-24,48267.17,19
PAY-003091,HIST-003091,2026-01-24,28338.19,9
PAY-004309,HIST-004309,2026-01-24,96725.99,24
PAY-004107,HIST-004107,2026-01-24,27775.18,31
PAY-003751,HIST-003751,2026-01-24,117967.72,23
PAY-001800,HIST-001800,2026-01-24,75784.86,34
PAY-000409,HIST-000409,2026-01-24,77026.35,21
PAY-003178,HIST-003178,2026-01-24,72759.41,7
PAY-003851,HIST-003851,2026-01-25,14070.25,-4
PAY-000797,HIST-000797,2026-01-25,16169.66,22
PAY-001120,HIST-001120,2026-01-25,46746.48,36
PAY-004171,HIST-004171,2026-01-25,50830.13,15
PAY-001444,HIST-001444,2026-01-25,157597.91,29
PAY-001666,HIST-001666,2026-01-25,56343.43,19
PAY-001154,HIST-001154,2026-01-25,20061.5,25
PAY-004220,HIST-004220,2026-01-25,41189.98,31
PAY-002702,HIST-002702,2026-01-25,20405.22,23
PAY-004669,HIST-004669,2026-01-26,184638.91,34
PAY-001310,HIST-001310,2026-01-26,71488.94,3
PAY-002562,HIST-002562,2026-01-26,55188.79,22
PAY-001714,HIST-001714,2026-01-26,30410.71,27
PAY-002290,HIST-002290,2026-01-26,104186.16,32
PAY-002629,HIST-002629,2026-01-26,10587.47,25
PAY-003499,HIST-003499,2026-01-26,44119.36,30
PAY-001027,HIST-001027,2026-01-27,96565.98,45
PAY-004010,HIST-004010,2026-01-27,21166.31,5
PAY-002840,HIST-002840,2026-01-27,205882.55,-5
PAY-000891,HIST-000891,2026-01-27,38556.32,19
PAY-001931,HIST-001931,2026-01-27,33952.48,8
PAY-000142,HIST-000142,2026-01-27,15622.65,27
PAY-002703,HIST-002703,2026-01-27,102783.1,25
PAY-000516,HIST-000516,2026-01-27,29413.28,35
PAY-001837,HIST-001837,2026-01-28,56299.53,5
PAY-000923,HIST-000923,2026-01-28,95288.52,30
PAY-004069,HIST-004069,2026-01-28,46090.56,43
PAY-003605,HIST-003605,2026-01-28,43929.95,22
PAY-002117,HIST-002117,2026-01-28,18130.98,7
PAY-000075,HIST-000075,2026-01-28,40295.97,38
PAY-001390,HIST-001390,2026-01-28,10072.21,34
PAY-003697,HIST-003697,2026-01-29,36288.95,5
PAY-002478,HIST-002478,2026-01-29,37461.54,12
PAY-002031,HIST-002031,2026-01-29,44530.64,21
PAY-002723,HIST-002723,2026-01-29,29629.98,24
PAY-002213,HIST-002213,2026-01-29,8805.61,13
PAY-002761,HIST-002761,2026-01-29,100227.97,20
PAY-000830,HIST-000830,2026-01-29,65305.2,11
PAY-003363,HIST-003363,2026-01-29,102651.65,36
PAY-001298,HIST-001298,2026-01-29,18011.49,15
PAY-000459,HIST-000459,2026-01-29,125977.44,32
PAY-000231,HIST-000231,2026-01-29,32858.57,15
PAY-001056,HIST-001056,2026-01-30,156760.23,28
PAY-003811,HIST-003811,2026-01-30,62431.97,4
PAY-000451,HIST-000451,2026-01-30,64718.0,26
PAY-000320,HIST-000320,2026-01-30,42436.35,-5
PAY-001480,HIST-001480,2026-01-30,24905.05,33
PAY-000912,HIST-000912,2026-01-30,78600.02,26
PAY-003405,HIST-003405,2026-01-31,94707.07,9
PAY-000704,HIST-000704,2026-01-31,49686.87,6
PAY-003262,HIST-003262,2026-01-31,47039.18,29
PAY-003668,HIST-003668,2026-01-31,57678.92,28
PAY-004641,HIST-004641,2026-01-31,13393.11,24
PAY-000996,HIST-000996,2026-01-31,69522.98,27
PAY-000214,HIST-000214,2026-01-31,58069.81,27
PAY-000364,HIST-000364,2026-01-31,16080.36,22
PAY-001576,HIST-001576,2026-01-31,62059.16,25
PAY-002585,HIST-002585,2026-01-31,19998.06,-5
PAY-000236,HIST-000236,2026-01-31,15499.58,11
PAY-004473,HIST-004473,2026-01-31,229622.72,15
PAY-000143,HIST-000143,2026-02-01,49892.23,40
PAY-003579,HIST-003579,2026-02-01,37948.4,0
PAY-003099,HIST-003099,2026-02-01,20625.28,28
PAY-001860,HIST-001860,2026-02-01,40151.18,19
PAY-003302,HIST-003302,2026-02-01,30285.26,40
PAY-003758,HIST-003758,2026-02-01,36386.4,15
PAY-003606,HIST-003606,2026-02-01,18570.83,2
PAY-003013,HIST-003013,2026-02-01,18059.47,-3
PAY-001636,HIST-001636,2026-02-01,107224.48,40
PAY-003066,HIST-003066,2026-02-01,38053.13,21
PAY-000246,HIST-000246,2026-02-01,18844.4,25
PAY-000635,HIST-000635,2026-02-02,36083.25,43
PAY-003912,HIST-003912,2026-02-02,39396.16,14
PAY-002410,HIST-002410,2026-02-02,21996.08,41
PAY-002945,HIST-002945,2026-02-02,48431.66,25
PAY-002949,HIST-002949,2026-02-02,40622.67,31
PAY-003884,HIST-003884,2026-02-02,87450.53,22
PAY-002534,HIST-002534,2026-02-02,18053.45,7
PAY-002726,HIST-002726,2026-02-02,40990.48,48
PAY-000359,HIST-000359,2026-02-03,14529.37,34
PAY-002898,HIST-002898,2026-02-03,34065.62,15
PAY-002116,HIST-002116,2026-02-03,44476.6,39
PAY-003725,HIST-003725,2026-02-03,243598.28,30
PAY-001234,HIST-001234,2026-02-03,5281.04,14
PAY-002743,HIST-002743,2026-02-03,32397.01,21
PAY-003273,HIST-003273,2026-02-03,158245.5,34
PAY-000658,HIST-000658,2026-02-03,80845.72,10
PAY-001602,HIST-001602,2026-02-03,24704.01,23
PAY-001192,HIST-001192,2026-02-03,33465.07,18
PAY-003762,HIST-003762,2026-02-03,73965.55,37
PAY-002772,HIST-002772,2026-02-04,130041.7,38
PAY-000815,HIST-000815,2026-02-04,122082.83,12
PAY-004063,HIST-004063,2026-02-04,31454.15,31
PAY-000024,HIST-000024,2026-02-04,77941.06,40
PAY-004159,HIST-004159,2026-02-04,52403.97,21
PAY-002267,HIST-002267,2026-02-05,43125.02,32
PAY-003097,HIST-003097,2026-02-05,31601.12,17
PAY-000966,HIST-000966,2026-02-05,43832.08,19
PAY-001500,HIST-001500,2026-02-05,30407.37,40
PAY-004395,HIST-004395,2026-02-05,68727.48,27
PAY-003795,HIST-003795,2026-02-05,38623.65,23
PAY-002661,HIST-002661,2026-02-05,36118.79,55
PAY-001603,HIST-001603,2026-02-05,68635.28,4
PAY-003340,HIST-003340,2026-02-05,20460.4,41
PAY-000557,HIST-000557,2026-02-05,26398.46,3
PAY-000883,HIST-000883,2026-02-06,44181.7,25
PAY-001080,HIST-001080,2026-02-06,56236.16,22
PAY-001564,HIST-001564,2026-02-06,28043.12,26
PAY-002156,HIST-002156,2026-02-06,62968.92,34
PAY-004591,HIST-004591,2026-02-06,53875.09,37
PAY-001757,HIST-001757,2026-02-06,93545.0,35
PAY-002054,HIST-002054,2026-02-06,97066.96,15
PAY-000426,HIST-000426,2026-02-06,49440.77,23
PAY-003602,HIST-003602,2026-02-06,18800.52,16
PAY-001285,HIST-001285,2026-02-06,147180.5,24
PAY-002600,HIST-002600,2026-02-06,26441.07,2
PAY-000813,HIST-000813,2026-02-07,19394.86,16
PAY-000265,HIST-000265,2026-02-07,24902.41,12
PAY-003624,HIST-003624,2026-02-07,132361.1,15
PAY-000576,HIST-000576,2026-02-07,39055.53,29
PAY-002681,HIST-002681,2026-02-07,28076.93,38
PAY-001007,HIST-001007,2026-02-07,19332.63,20
PAY-000368,HIST-000368,2026-02-07,59545.17,12
PAY-003188,HIST-003188,2026-02-08,26521.82,26
PAY-002152,HIST-002152,2026-02-08,28161.78,44
PAY-002760,HIST-002760,2026-02-08,18129.94,19
PAY-002301,HIST-002301,2026-02-08,28208.02,23
PAY-002611,HIST-002611,2026-02-08,150410.16,22
PAY-003338,HIST-003338,2026-02-08,10246.26,14
PAY-004219,HIST-004219,2026-02-08,9288.61,13
PAY-002570,HIST-002570,2026-02-08,83063.77,21
PAY-001787,HIST-001787,2026-02-08,65814.46,27
PAY-002224,HIST-002224,2026-02-08,28670.87,7
PAY-000640,HIST-000640,2026-02-08,4372.85,35
PAY-002198,HIST-002198,2026-02-08,124251.15,37
PAY-003493,HIST-003493,2026-02-08,57887.98,7
PAY-001343,HIST-001343,2026-02-08,19694.53,22
PAY-003243,HIST-003243,2026-02-09,49421.79,26
PAY-003271,HIST-003271,2026-02-09,13394.73,14
PAY-004582,HIST-004582,2026-02-09,71875.93,37
PAY-004148,HIST-004148,2026-02-09,123407.82,27
PAY-004560,HIST-004560,2026-02-09,97108.03,22
PAY-003672,HIST-003672,2026-02-09,13659.12,36
PAY-003296,HIST-003296,2026-02-10,21088.01,34
PAY-002961,HIST-002961,2026-02-10,87244.45,21
PAY-003123,HIST-003123,2026-02-10,46748.48,35
PAY-004422,HIST-004422,2026-02-10,22178.7,20
PAY-003874,HIST-003874,2026-02-10,59161.38,32
PAY-004403,HIST-004403,2026-02-10,22166.67,32
PAY-000975,HIST-000975,2026-02-10,7167.64,41
PAY-000011,HIST-000011,2026-02-10,44441.25,17
PAY-004439,HIST-004439,2026-02-10,13149.09,27
PAY-002948,HIST-002948,2026-02-10,38478.33,15
PAY-004238,HIST-004238,2026-02-10,135045.6,7
PAY-002928,HIST-002928,2026-02-10,115312.14,3
PAY-000154,HIST-000154,2026-02-10,115571.39,6
PAY-004489,HIST-004489,2026-02-10,36837.25,37
PAY-002317,HIST-002317,2026-02-10,24191.42,16
PAY-002408,HIST-002408,2026-02-10,20800.07,37
PAY-004705,HIST-004705,2026-02-10,67214.32,29
PAY-002558,HIST-002558,2026-02-11,25699.66,33
PAY-004260,HIST-004260,2026-02-11,23420.47,10
PAY-003535,HIST-003535,2026-02-11,12262.14,4
PAY-004283,HIST-004283,2026-02-11,17557.35,24
PAY-002009,HIST-002009,2026-02-11,27589.03,37
PAY-001085,HIST-001085,2026-02-11,19735.7,22
PAY-001685,HIST-001685,2026-02-11,12860.29,27
PAY-004106,HIST-004106,2026-02-11,73336.43,10
PAY-002608,HIST-002608,2026-02-11,37504.62,13
PAY-004357,HIST-004357,2026-02-11,29008.18,40
PAY-003959,HIST-003959,2026-02-11,35266.47,35
PAY-000810,HIST-000810,2026-02-11,59908.7,24
PAY-003246,HIST-003246,2026-02-11,69387.74,17
PAY-001330,HIST-001330,2026-02-11,46051.79,28
PAY-003028,HIST-003028,2026-02-12,56886.33,19
PAY-000457,HIST-000457,2026-02-12,57507.21,28
PAY-001613,HIST-001613,2026-02-12,84089.27,41
PAY-001992,HIST-001992,2026-02-12,29443.26,27
PAY-000452,HIST-000452,2026-02-12,30153.58,18
PAY-000103,HIST-000103,2026-02-13,256310.62,26
PAY-003554,HIST-003554,2026-02-13,21719.86,3
PAY-004685,HIST-004685,2026-02-13,10325.31,17
PAY-001561,HIST-001561,2026-02-13,89090.86,23
PAY-003197,HIST-003197,2026-02-13,43770.04,45
PAY-002975,HIST-002975,2026-02-13,42955.28,4
PAY-000886,HIST-000886,2026-02-13,193209.83,12
PAY-003787,HIST-003787,2026-02-13,172789.83,24
PAY-001556,HIST-001556,2026-02-13,29871.03,18
PAY-003023,HIST-003023,2026-02-13,95267.84,15
PAY-002220,HIST-002220,2026-02-13,43389.44,8
PAY-004335,HIST-004335,2026-02-13,90162.34,32
PAY-002174,HIST-002174,2026-02-13,21015.78,18
PAY-003221,HIST-003221,2026-02-14,18020.6,37
PAY-001990,HIST-001990,2026-02-14,28599.93,20
PAY-003659,HIST-003659,2026-02-14,95467.68,17
PAY-003489,HIST-003489,2026-02-14,54330.75,32
PAY-002850,HIST-002850,2026-02-14,56990.62,18
PAY-002891,HIST-002891,2026-02-14,39827.06,20
PAY-002083,HIST-002083,2026-02-14,112923.55,7
PAY-001489,HIST-001489,2026-02-14,25868.59,30
PAY-004601,HIST-004601,2026-02-14,33129.46,0
PAY-002767,HIST-002767,2026-02-14,16874.55,23
PAY-000639,HIST-000639,2026-02-14,59768.68,30
PAY-000350,HIST-000350,2026-02-15,6447.02,11
PAY-002020,HIST-002020,2026-02-15,52008.56,19
PAY-000957,HIST-000957,2026-02-15,39678.74,32
PAY-000458,HIST-000458,2026-02-15,57539.77,14
PAY-002193,HIST-002193,2026-02-15,49616.95,25
PAY-002522,HIST-002522,2026-02-15,7410.82,32
PAY-004586,HIST-004586,2026-02-15,96641.59,14
PAY-003490,HIST-003490,2026-02-16,37913.29,23
PAY-000914,HIST-000914,2026-02-16,132956.96,36
PAY-004624,HIST-004624,2026-02-16,64992.57,26
PAY-004336,HIST-004336,2026-02-16,13741.11,46
PAY-002425,HIST-002425,2026-02-16,33998.64,30
PAY-002766,HIST-002766,2026-02-16,31579.86,1
PAY-002504,HIST-002504,2026-02-16,67742.03,36
PAY-002618,HIST-002618,2026-02-16,30094.01,26
PAY-003642,HIST-003642,2026-02-16,28254.89,11
PAY-001242,HIST-001242,2026-02-16,28676.61,5
PAY-001626,HIST-001626,2026-02-16,27100.01,4
PAY-002247,HIST-002247,2026-02-17,69054.5,35
PAY-002894,HIST-002894,2026-02-17,9593.18,10
PAY-001873,HIST-001873,2026-02-17,87393.23,4
PAY-002249,HIST-002249,2026-02-17,46730.57,28
PAY-001610,HIST-001610,2026-02-17,220735.93,52
PAY-002485,HIST-002485,2026-02-17,24423.7,20
PAY-001503,HIST-001503,2026-02-17,36660.35,14
PAY-002935,HIST-002935,2026-02-17,55817.06,25
PAY-000997,HIST-000997,2026-02-17,72627.97,39
PAY-003229,HIST-003229,2026-02-17,8799.91,53
PAY-003677,HIST-003677,2026-02-18,58893.48,5
PAY-003353,HIST-003353,2026-02-18,186994.32,6
PAY-001465,HIST-001465,2026-02-18,191173.13,55
PAY-004023,HIST-004023,2026-02-18,43339.78,33
PAY-003699,HIST-003699,2026-02-18,76228.69,29
PAY-004569,HIST-004569,2026-02-18,18919.09,31
PAY-001050,HIST-001050,2026-02-18,123009.93,11
PAY-001949,HIST-001949,2026-02-18,40346.44,29
PAY-002232,HIST-002232,2026-02-18,31433.97,1
PAY-002278,HIST-002278,2026-02-18,74961.59,41
PAY-000188,HIST-000188,2026-02-18,70795.78,15
PAY-004613,HIST-004613,2026-02-19,32180.6,15
PAY-004288,HIST-004288,2026-02-19,36194.48,9
PAY-002201,HIST-002201,2026-02-19,166112.4,34
PAY-000290,HIST-000290,2026-02-19,56435.64,37
PAY-000642,HIST-000642,2026-02-19,43398.37,33
PAY-000905,HIST-000905,2026-02-19,89314.67,21
PAY-002789,HIST-002789,2026-02-19,26186.95,23
PAY-000476,HIST-000476,2026-02-19,39991.27,50
PAY-000512,HIST-000512,2026-02-19,54894.58,38
PAY-004376,HIST-004376,2026-02-19,57266.73,35
PAY-002568,HIST-002568,2026-02-19,12793.08,30
PAY-000785,HIST-000785,2026-02-19,14042.31,23
PAY-000468,HIST-000468,2026-02-20,28106.62,7
PAY-004306,HIST-004306,2026-02-20,109858.49,32
PAY-004406,HIST-004406,2026-02-20,31056.46,23
PAY-000120,HIST-000120,2026-02-20,52203.14,13
PAY-002369,HIST-002369,2026-02-20,108887.46,23
PAY-002024,HIST-002024,2026-02-20,68899.96,10
PAY-000026,HIST-000026,2026-02-20,156717.23,23
PAY-001754,HIST-001754,2026-02-20,70345.23,-2
PAY-002430,HIST-002430,2026-02-20,20451.5,18
PAY-000346,HIST-000346,2026-02-20,154104.78,17
PAY-001952,HIST-001952,2026-02-20,24267.45,26
PAY-002730,HIST-002730,2026-02-20,24108.31,37
PAY-001653,HIST-001653,2026-02-20,80960.63,36
PAY-001548,HIST-001548,2026-02-20,135285.07,15
PAY-004605,HIST-004605,2026-02-20,36720.02,31
PAY-000391,HIST-000391,2026-02-20,4000.0,18
PAY-001260,HIST-001260,2026-02-20,60828.97,19
PAY-000662,HIST-000662,2026-02-20,15077.9,34
PAY-002732,HIST-002732,2026-02-21,75380.21,11
PAY-002299,HIST-002299,2026-02-21,31253.69,26
PAY-002048,HIST-002048,2026-02-21,58788.35,32
PAY-001410,HIST-001410,2026-02-21,44061.26,19
PAY-003895,HIST-003895,2026-02-21,92708.56,24
PAY-003484,HIST-003484,2026-02-21,21520.83,26
PAY-004781,HIST-004781,2026-02-21,15557.42,32
PAY-000205,HIST-000205,2026-02-21,79994.99,12
PAY-004688,HIST-004688,2026-02-22,149647.68,16
PAY-000855,HIST-000855,2026-02-22,100885.97,17
PAY-000570,HIST-000570,2026-02-22,14338.05,18
PAY-000638,HIST-000638,2026-02-22,22717.82,21
PAY-001036,HIST-001036,2026-02-22,70442.69,0
PAY-001972,HIST-001972,2026-02-22,138043.29,27
PAY-003932,HIST-003932,2026-02-22,38011.92,26
PAY-000269,HIST-000269,2026-02-22,16100.4,19
PAY-002802,HIST-002802,2026-02-22,9566.09,7
PAY-002899,HIST-002899,2026-02-22,54934.43,33
PAY-000115,HIST-000115,2026-02-22,19443.82,26
PAY-003103,HIST-003103,2026-02-23,13219.88,22
PAY-001779,HIST-001779,2026-02-23,34228.47,9
PAY-000527,HIST-000527,2026-02-23,29835.03,17
PAY-001246,HIST-001246,2026-02-23,289504.08,27
PAY-002086,HIST-002086,2026-02-23,20275.63,9
PAY-002837,HIST-002837,2026-02-23,8678.36,18
PAY-003425,HIST-003425,2026-02-23,10598.24,25
PAY-002995,HIST-002995,2026-02-23,11084.19,29
PAY-001733,HIST-001733,2026-02-23,15961.05,27
PAY-001239,HIST-001239,2026-02-23,13117.12,12
PAY-004603,HIST-004603,2026-02-23,61844.87,30
PAY-000851,HIST-000851,2026-02-23,49675.4,48
PAY-001070,HIST-001070,2026-02-23,45815.42,37
PAY-004094,HIST-004094,2026-02-23,29607.93,39
PAY-000069,HIST-000069,2026-02-24,24710.56,3
PAY-002078,HIST-002078,2026-02-24,66619.05,30
PAY-000036,HIST-000036,2026-02-24,44999.43,2
PAY-002494,HIST-002494,2026-02-24,46252.58,26
PAY-004474,HIST-004474,2026-02-24,11869.55,34
PAY-002911,HIST-002911,2026-02-24,41450.23,41
PAY-002181,HIST-002181,2026-02-24,58220.02,27
PAY-000271,HIST-000271,2026-02-24,27069.59,30
PAY-001622,HIST-001622,2026-02-24,11448.62,8
PAY-003037,HIST-003037,2026-02-24,99331.75,11
PAY-000465,HIST-000465,2026-02-24,110257.28,36
PAY-001060,HIST-001060,2026-02-24,26551.43,43
PAY-002960,HIST-002960,2026-02-25,60620.73,17
PAY-001573,HIST-001573,2026-02-25,118113.57,19
PAY-001655,HIST-001655,2026-02-25,65538.25,2
PAY-003470,HIST-003470,2026-02-25,59705.75,15
PAY-003887,HIST-003887,2026-02-25,42048.52,23
PAY-001691,HIST-001691,2026-02-25,64754.65,8
PAY-001572,HIST-001572,2026-02-25,71228.44,28
PAY-004436,HIST-004436,2026-02-25,66296.15,40
PAY-002450,HIST-002450,2026-02-25,40327.7,21
PAY-004596,HIST-004596,2026-02-25,25856.59,36
PAY-000938,HIST-000938,2026-02-26,13619.66,22
PAY-003892,HIST-003892,2026-02-26,145291.76,34
PAY-002712,HIST-002712,2026-02-26,14384.01,23
PAY-003084,HIST-003084,2026-02-26,24790.32,26
PAY-004448,HIST-004448,2026-02-26,25971.93,27
PAY-002943,HIST-002943,2026-02-26,25685.02,32
PAY-001032,HIST-001032,2026-02-26,11602.24,30
PAY-003626,HIST-003626,2026-02-26,67137.77,10
PAY-002185,HIST-002185,2026-02-26,36802.42,16
PAY-000760,HIST-000760,2026-02-26,81400.29,50
PAY-002826,HIST-002826,2026-02-26,27044.18,24
PAY-000603,HIST-000603,2026-02-26,68574.36,14
PAY-001484,HIST-001484,2026-02-27,89258.32,41
PAY-000072,HIST-000072,2026-02-27,73757.6,45
PAY-004081,HIST-004081,2026-02-27,54649.33,15
PAY-004771,HIST-004771,2026-02-27,22724.29,23
PAY-004443,HIST-004443,2026-02-27,73774.11,30
PAY-003167,HIST-003167,2026-02-27,44151.65,22
PAY-003790,HIST-003790,2026-02-27,25819.1,18
PAY-003058,HIST-003058,2026-02-27,36090.76,19
PAY-003785,HIST-003785,2026-02-27,9444.05,33
PAY-004416,HIST-004416,2026-02-27,23278.85,27
PAY-003830,HIST-003830,2026-02-27,75639.6,25
PAY-004788,HIST-004788,2026-02-27,22356.69,16
PAY-003090,HIST-003090,2026-02-27,61334.45,27
PAY-002878,HIST-002878,2026-02-27,102449.06,37
PAY-000261,HIST-000261,2026-02-27,123064.19,31
PAY-002028,HIST-002028,2026-02-28,40077.9,29
PAY-004266,HIST-004266,2026-02-28,66111.55,4
PAY-001431,HIST-001431,2026-02-28,39619.34,23
PAY-003368,HIST-003368,2026-02-28,40148.81,21
PAY-001224,HIST-001224,2026-02-28,44881.67,19
PAY-003032,HIST-003032,2026-02-28,66489.05,15
PAY-001195,HIST-001195,2026-02-28,32069.24,16
PAY-002018,HIST-002018,2026-02-28,40367.22,29
PAY-000709,HIST-000709,2026-02-28,366705.7,7
PAY-002997,HIST-002997,2026-02-28,79432.1,38
PAY-003621,HIST-003621,2026-02-28,47185.82,28
PAY-001703,HIST-001703,2026-02-28,34867.92,25
PAY-001950,HIST-001950,2026-03-01,57155.62,28
PAY-002061,HIST-002061,2026-03-01,18293.58,15
PAY-002138,HIST-002138,2026-03-01,106443.82,38
PAY-003739,HIST-003739,2026-03-01,18618.31,36
PAY-004064,HIST-004064,2026-03-01,46533.4,25
PAY-001331,HIST-001331,2026-03-01,69413.06,11
PAY-001955,HIST-001955,2026-03-01,40778.23,37
PAY-002204,HIST-002204,2026-03-01,11692.6,22
PAY-002831,HIST-002831,2026-03-02,62873.56,-4
PAY-003372,HIST-003372,2026-03-02,64365.16,43
PAY-002269,HIST-002269,2026-03-02,104686.12,28
PAY-000561,HIST-000561,2026-03-02,24947.07,24
PAY-000773,HIST-000773,2026-03-02,60267.33,13
PAY-004080,HIST-004080,2026-03-02,7089.07,24
PAY-004333,HIST-004333,2026-03-02,9034.75,18
PAY-000317,HIST-000317,2026-03-02,23871.47,20
PAY-000338,HIST-000338,2026-03-02,53778.23,35
PAY-000096,HIST-000096,2026-03-02,5217.45,48
PAY-000392,HIST-000392,2026-03-02,28768.22,12
PAY-003999,HIST-003999,2026-03-02,9690.85,34
PAY-004621,HIST-004621,2026-03-03,19234.11,46
PAY-004775,HIST-004775,2026-03-03,43156.01,43
PAY-000389,HIST-000389,2026-03-03,97000.3,25
PAY-003033,HIST-003033,2026-03-03,14597.55,22
PAY-003689,HIST-003689,2026-03-03,167916.27,31
PAY-004572,HIST-004572,2026-03-03,43153.54,0
PAY-000746,HIST-000746,2026-03-03,60313.73,27
PAY-000378,HIST-000378,2026-03-03,142698.09,2
PAY-000401,HIST-000401,2026-03-03,50829.77,24
PAY-004532,HIST-004532,2026-03-03,27934.49,44
PAY-004513,HIST-004513,2026-03-03,9944.15,3
PAY-003460,HIST-003460,2026-03-03,82788.95,28
PAY-004514,HIST-004514,2026-03-03,6735.75,29
PAY-001124,HIST-001124,2026-03-03,68389.95,21
PAY-001346,HIST-001346,2026-03-03,79072.32,41
PAY-000170,HIST-000170,2026-03-03,87079.62,24
PAY-004237,HIST-004237,2026-03-04,27208.31,12
PAY-002868,HIST-002868,2026-03-04,76303.22,27
PAY-001233,HIST-001233,2026-03-04,19357.07,33
PAY-000413,HIST-000413,2026-03-04,78052.35,8
PAY-002259,HIST-002259,2026-03-04,14836.2,15
PAY-001166,HIST-001166,2026-03-04,78281.44,10
PAY-001357,HIST-001357,2026-03-04,18003.08,33
PAY-000134,HIST-000134,2026-03-04,24938.84,2
PAY-004476,HIST-004476,2026-03-04,11908.8,11
PAY-002422,HIST-002422,2026-03-04,153110.65,10
PAY-003519,HIST-003519,2026-03-04,40017.37,40
PAY-002528,HIST-002528,2026-03-04,28035.59,-5
PAY-001133,HIST-001133,2026-03-05,54922.45,29
PAY-000365,HIST-000365,2026-03-05,59756.49,9
PAY-003181,HIST-003181,2026-03-05,36679.0,29
PAY-004735,HIST-004735,2026-03-05,58350.79,32
PAY-001764,HIST-001764,2026-03-05,142285.46,3
PAY-003412,HIST-003412,2026-03-05,26763.26,23
PAY-002441,HIST-002441,2026-03-05,48807.24,29
PAY-001110,HIST-001110,2026-03-05,52549.25,14
PAY-002349,HIST-002349,2026-03-05,28432.02,43
PAY-001407,HIST-001407,2026-03-05,36070.17,33
PAY-004564,HIST-004564,2026-03-05,30844.16,-5
PAY-004004,HIST-004004,2026-03-05,58635.22,31
PAY-002209,HIST-002209,2026-03-05,28855.89,7
PAY-000397,HIST-000397,2026-03-06,13167.55,1
PAY-001048,HIST-001048,2026-03-06,56996.69,36
PAY-003701,HIST-003701,2026-03-06,21232.57,24
PAY-001122,HIST-001122,2026-03-06,47024.16,6
PAY-002589,HIST-002589,2026-03-06,69508.96,27
PAY-004222,HIST-004222,2026-03-06,7619.26,19
PAY-002476,HIST-002476,2026-03-06,72587.23,29
PAY-000964,HIST-000964,2026-03-06,17350.74,15
PAY-001042,HIST-001042,2026-03-06,38523.28,33
PAY-001825,HIST-001825,2026-03-06,48520.47,21
PAY-003995,HIST-003995,2026-03-06,16391.94,21
PAY-002988,HIST-002988,2026-03-06,28271.59,4
PAY-000162,HIST-000162,2026-03-06,47010.91,29
PAY-002065,HIST-002065,2026-03-06,36041.93,8
PAY-001478,HIST-001478,2026-03-06,24401.96,29
PAY-000281,HIST-000281,2026-03-06,9121.94,16
PAY-000133,HIST-000133,2026-03-06,203815.12,11
PAY-000752,HIST-000752,2026-03-06,41645.01,45
PAY-000395,HIST-000395,2026-03-06,29030.34,9
PAY-001399,HIST-001399,2026-03-06,106121.12,15
PAY-003309,HIST-003309,2026-03-06,15893.44,16
PAY-000082,HIST-000082,2026-03-07,63251.41,22
PAY-002980,HIST-002980,2026-03-07,29408.19,-5
PAY-003095,HIST-003095,2026-03-07,27222.3,24
PAY-003910,HIST-003910,2026-03-07,24625.29,27
PAY-004300,HIST-004300,2026-03-07,27260.31,8
PAY-003873,HIST-003873,2026-03-07,20749.27,44
PAY-004648,HIST-004648,2026-03-08,45168.73,49
PAY-003416,HIST-003416,2026-03-08,102230.75,4
PAY-003824,HIST-003824,2026-03-08,54617.84,-5
PAY-001870,HIST-001870,2026-03-08,34743.22,18
PAY-004366,HIST-004366,2026-03-08,75836.33,20
PAY-000929,HIST-000929,2026-03-08,51088.57,5
PAY-000496,HIST-000496,2026-03-08,21995.8,30
PAY-001617,HIST-001617,2026-03-08,83450.53,19
PAY-004224,HIST-004224,2026-03-08,28618.24,23
PAY-001204,HIST-001204,2026-03-08,27049.96,42
PAY-001854,HIST-001854,2026-03-09,126549.21,11
PAY-002334,HIST-002334,2026-03-09,61359.99,33
PAY-001512,HIST-001512,2026-03-09,38131.43,16
PAY-003667,HIST-003667,2026-03-09,13570.79,13
PAY-002977,HIST-002977,2026-03-09,22460.05,35
PAY-002493,HIST-002493,2026-03-09,80885.51,20
PAY-002088,HIST-002088,2026-03-09,63781.22,17
PAY-002210,HIST-002210,2026-03-09,58019.96,27
PAY-004687,HIST-004687,2026-03-09,96313.03,20
PAY-002482,HIST-002482,2026-03-09,21145.4,16
PAY-000250,HIST-000250,2026-03-10,140574.89,44
PAY-000782,HIST-000782,2026-03-10,95140.41,20
PAY-001123,HIST-001123,2026-03-10,13536.72,34
PAY-000748,HIST-000748,2026-03-10,17138.76,19
PAY-004540,HIST-004540,2026-03-10,33207.51,14
PAY-001562,HIST-001562,2026-03-10,106154.43,29
PAY-000354,HIST-000354,2026-03-10,28921.05,43
PAY-003120,HIST-003120,2026-03-10,67899.31,5
PAY-001226,HIST-001226,2026-03-10,13276.54,41
PAY-001824,HIST-001824,2026-03-10,22987.04,23
PAY-004795,HIST-004795,2026-03-10,17421.83,17
PAY-004388,HIST-004388,2026-03-10,14449.84,17
PAY-004170,HIST-004170,2026-03-10,14158.69,20
PAY-003648,HIST-003648,2026-03-11,51759.67,13
PAY-003827,HIST-003827,2026-03-11,42321.82,22
PAY-002469,HIST-002469,2026-03-11,122771.65,25
PAY-003399,HIST-003399,2026-03-11,62174.89,14
PAY-002200,HIST-002200,2026-03-11,37566.7,12
PAY-002027,HIST-002027,2026-03-11,64922.12,30
PAY-004700,HIST-004700,2026-03-11,58876.51,12
PAY-000586,HIST-000586,2026-03-11,35940.62,23
PAY-002885,HIST-002885,2026-03-12,15184.02,35
PAY-002755,HIST-002755,2026-03-12,103334.05,13
PAY-001351,HIST-001351,2026-03-12,58813.43,24
PAY-002881,HIST-002881,2026-03-12,146242.82,24
PAY-001628,HIST-001628,2026-03-12,45618.66,17
PAY-003563,HIST-003563,2026-03-12,30770.54,26
PAY-003622,HIST-003622,2026-03-12,34479.91,23
PAY-003657,HIST-003657,2026-03-12,52474.07,23
PAY-001840,HIST-001840,2026-03-12,53508.29,17
PAY-002374,HIST-002374,2026-03-12,9286.81,28
PAY-003357,HIST-003357,2026-03-12,8576.31,29
PAY-000266,HIST-000266,2026-03-12,34370.85,37
PAY-003671,HIST-003671,2026-03-12,14516.62,17
PAY-002574,HIST-002574,2026-03-12,39847.05,36
PAY-000100,HIST-000100,2026-03-12,71657.99,12
PAY-001697,HIST-001697,2026-03-12,81857.74,55
PAY-000624,HIST-000624,2026-03-13,64220.54,10
PAY-004680,HIST-004680,2026-03-13,37855.56,0
PAY-002532,HIST-002532,2026-03-13,26297.84,32
PAY-002533,HIST-002533,2026-03-13,31092.73,-5
PAY-000131,HIST-000131,2026-03-13,55800.0,-1
PAY-002630,HIST-002630,2026-03-13,92068.47,27
PAY-004578,HIST-004578,2026-03-13,71364.11,23
PAY-002861,HIST-002861,2026-03-13,193281.86,46
PAY-004272,HIST-004272,2026-03-13,43881.37,16
PAY-003137,HIST-003137,2026-03-13,49528.08,22
PAY-001718,HIST-001718,2026-03-13,28370.17,28
PAY-002750,HIST-002750,2026-03-14,167210.28,12
PAY-002489,HIST-002489,2026-03-14,40319.73,48
PAY-004525,HIST-004525,2026-03-14,203236.94,4
PAY-001852,HIST-001852,2026-03-14,35141.46,37
PAY-003771,HIST-003771,2026-03-14,12281.32,13
PAY-003395,HIST-003395,2026-03-14,27365.26,11
PAY-000088,HIST-000088,2026-03-14,48371.78,20
PAY-004479,HIST-004479,2026-03-14,54601.45,29
PAY-003163,HIST-003163,2026-03-14,77456.27,34
PAY-000278,HIST-000278,2026-03-14,47296.48,28
PAY-001191,HIST-001191,2026-03-14,75837.43,24
PAY-001291,HIST-001291,2026-03-15,58419.58,18
PAY-003322,HIST-003322,2026-03-15,26338.85,23
PAY-000812,HIST-000812,2026-03-15,134840.17,40
PAY-002656,HIST-002656,2026-03-15,55704.05,23
PAY-000433,HIST-000433,2026-03-15,6153.59,13
PAY-002666,HIST-002666,2026-03-15,78302.47,17
PAY-004193,HIST-004193,2026-03-15,19572.24,20
PAY-000925,HIST-000925,2026-03-15,19187.65,40
PAY-003937,HIST-003937,2026-03-15,34071.19,21
PAY-000501,HIST-000501,2026-03-15,16469.76,25
PAY-002453,HIST-002453,2026-03-15,44109.85,12
PAY-000547,HIST-000547,2026-03-16,18618.23,15
PAY-003646,HIST-003646,2026-03-16,100947.18,33
PAY-001794,HIST-001794,2026-03-16,27491.66,25
PAY-000599,HIST-000599,2026-03-16,39454.55,14
PAY-002561,HIST-002561,2026-03-16,47400.89,39
PAY-003816,HIST-003816,2026-03-16,21321.59,10
PAY-001998,HIST-001998,2026-03-16,85009.6,20
PAY-000821,HIST-000821,2026-03-16,36983.79,21
PAY-003102,HIST-003102,2026-03-16,56170.38,28
PAY-000421,HIST-000421,2026-03-16,41843.75,14
PAY-000671,HIST-000671,2026-03-16,64411.87,5
PAY-001606,HIST-001606,2026-03-16,18465.57,24
PAY-002580,HIST-002580,2026-03-16,14063.89,29
PAY-001780,HIST-001780,2026-03-17,35485.49,11
PAY-001409,HIST-001409,2026-03-17,11661.23,17
PAY-000044,HIST-000044,2026-03-17,66014.24,35
PAY-001194,HIST-001194,2026-03-17,39259.74,23
PAY-002500,HIST-002500,2026-03-17,19042.52,16
PAY-003358,HIST-003358,2026-03-17,37255.68,5
PAY-000711,HIST-000711,2026-03-17,25660.5,53
PAY-000372,HIST-000372,2026-03-17,26557.74,43
PAY-002160,HIST-002160,2026-03-17,23159.71,28
PAY-000431,HIST-000431,2026-03-17,120833.63,20
PAY-001923,HIST-001923,2026-03-17,20589.14,33
PAY-002549,HIST-002549,2026-03-17,45291.17,50
PAY-001449,HIST-001449,2026-03-18,26960.69,18
PAY-001611,HIST-001611,2026-03-18,44331.58,6
PAY-000012,HIST-000012,2026-03-18,41824.82,32
PAY-004383,HIST-004383,2026-03-18,30524.46,34
PAY-001748,HIST-001748,2026-03-18,51423.42,7
PAY-001188,HIST-001188,2026-03-18,347946.22,31
PAY-003845,HIST-003845,2026-03-18,48219.84,32
PAY-003963,HIST-003963,2026-03-18,40277.74,18
PAY-001849,HIST-001849,2026-03-18,90038.61,6
PAY-000515,HIST-000515,2026-03-18,95750.21,47
PAY-002884,HIST-002884,2026-03-19,15770.01,16
PAY-003552,HIST-003552,2026-03-19,25982.26,9
PAY-002318,HIST-002318,2026-03-19,17685.52,11
PAY-004056,HIST-004056,2026-03-19,24235.45,23
PAY-001488,HIST-001488,2026-03-19,119357.26,10
PAY-000048,HIST-000048,2026-03-19,62375.18,30
PAY-001695,HIST-001695,2026-03-19,67748.64,29
PAY-001679,HIST-001679,2026-03-19,24971.87,44
PAY-000605,HIST-000605,2026-03-19,43213.52,21
PAY-002929,HIST-002929,2026-03-19,46459.93,14
PAY-001236,HIST-001236,2026-03-19,249218.41,39
PAY-004065,HIST-004065,2026-03-19,37335.53,2
PAY-002379,HIST-002379,2026-03-19,28974.5,12
PAY-002491,HIST-002491,2026-03-19,34719.78,16
PAY-003209,HIST-003209,2026-03-19,328325.27,36
PAY-003051,HIST-003051,2026-03-19,41679.9,30
PAY-004381,HIST-004381,2026-03-20,45613.81,3
PAY-002000,HIST-002000,2026-03-20,65564.16,8
PAY-002119,HIST-002119,2026-03-20,29762.01,27
PAY-001917,HIST-001917,2026-03-20,55186.41,42
PAY-000335,HIST-000335,2026-03-20,96132.62,47
PAY-002520,HIST-002520,2026-03-20,116296.73,-4
PAY-002613,HIST-002613,2026-03-21,37637.35,14
PAY-000676,HIST-000676,2026-03-21,18009.77,30
PAY-002307,HIST-002307,2026-03-21,94810.43,39
PAY-002516,HIST-002516,2026-03-21,51661.0,22
PAY-001552,HIST-001552,2026-03-21,32543.09,37
PAY-003315,HIST-003315,2026-03-21,40434.97,45
PAY-003189,HIST-003189,2026-03-21,51023.24,36
PAY-003308,HIST-003308,2026-03-21,141977.71,10
PAY-004542,HIST-004542,2026-03-21,40721.42,24
PAY-003389,HIST-003389,2026-03-21,39399.45,23
PAY-003373,HIST-003373,2026-03-21,47622.76,25
PAY-003047,HIST-003047,2026-03-22,20773.76,13
PAY-001924,HIST-001924,2026-03-22,157385.23,32
PAY-004468,HIST-004468,2026-03-22,32515.41,8
PAY-001750,HIST-001750,2026-03-22,56992.56,17
PAY-001786,HIST-001786,2026-03-22,46143.84,43
PAY-002950,HIST-002950,2026-03-22,50792.73,17
PAY-001511,HIST-001511,2026-03-22,53666.71,48
PAY-003334,HIST-003334,2026-03-22,18142.65,23
PAY-002769,HIST-002769,2026-03-22,50914.36,25
PAY-001961,HIST-001961,2026-03-22,18631.54,18
PAY-002811,HIST-002811,2026-03-23,42468.25,21
PAY-000286,HIST-000286,2026-03-23,79112.26,22
PAY-003491,HIST-003491,2026-03-23,51427.36,17
PAY-000306,HIST-000306,2026-03-23,17667.85,30
PAY-003878,HIST-003878,2026-03-23,26420.99,14
PAY-003886,HIST-003886,2026-03-23,282551.88,8
PAY-002296,HIST-002296,2026-03-23,49091.55,10
PAY-000434,HIST-000434,2026-03-23,28092.94,23
PAY-003956,HIST-003956,2026-03-23,4643.78,27
PAY-001918,HIST-001918,2026-03-23,87699.23,34
PAY-002010,HIST-002010,2026-03-23,26624.48,31
PAY-000789,HIST-000789,2026-03-23,22229.17,34
PAY-002343,HIST-002343,2026-03-24,58866.94,20
PAY-003511,HIST-003511,2026-03-24,105294.62,-5
PAY-000948,HIST-000948,2026-03-24,27884.34,-1
PAY-004723,HIST-004723,2026-03-24,53475.15,24
PAY-000722,HIST-000722,2026-03-24,15333.55,16
PAY-003266,HIST-003266,2026-03-24,131675.42,26
PAY-003462,HIST-003462,2026-03-25,85908.11,9
PAY-003549,HIST-003549,2026-03-25,107489.86,19
PAY-004413,HIST-004413,2026-03-25,76664.32,19
PAY-003967,HIST-003967,2026-03-25,73967.58,25
PAY-002696,HIST-002696,2026-03-25,30449.23,-1
PAY-002499,HIST-002499,2026-03-25,36128.59,3
PAY-004328,HIST-004328,2026-03-25,346028.52,42
PAY-000337,HIST-000337,2026-03-26,50541.59,23
PAY-002250,HIST-002250,2026-03-26,26131.31,36
PAY-003250,HIST-003250,2026-03-26,10280.89,16
PAY-004559,HIST-004559,2026-03-26,14524.82,29
PAY-001393,HIST-001393,2026-03-26,37543.41,25
PAY-004447,HIST-004447,2026-03-26,49034.55,0
PAY-003733,HIST-003733,2026-03-26,21757.98,19
PAY-001599,HIST-001599,2026-03-26,55558.69,21
PAY-003362,HIST-003362,2026-03-26,49174.62,42
PAY-004667,HIST-004667,2026-03-26,66357.37,31
PAY-002986,HIST-002986,2026-03-26,47728.89,34
PAY-003696,HIST-003696,2026-03-26,33810.61,40
PAY-002487,HIST-002487,2026-03-27,69659.99,31
PAY-001162,HIST-001162,2026-03-27,38474.07,29
PAY-000979,HIST-000979,2026-03-27,57190.07,15
PAY-001932,HIST-001932,2026-03-27,68883.37,17
PAY-000272,HIST-000272,2026-03-27,62214.21,35
PAY-001971,HIST-001971,2026-03-27,22993.69,25
PAY-001776,HIST-001776,2026-03-27,198110.74,15
PAY-003303,HIST-003303,2026-03-27,51532.34,32
PAY-001792,HIST-001792,2026-03-27,10698.97,23
PAY-003906,HIST-003906,2026-03-27,21048.91,43
PAY-001319,HIST-001319,2026-03-27,50214.74,40
PAY-001256,HIST-001256,2026-03-28,56599.26,42
PAY-003686,HIST-003686,2026-03-28,59037.69,22
PAY-004259,HIST-004259,2026-03-28,36186.21,25
PAY-001305,HIST-001305,2026-03-28,81030.45,1
PAY-003378,HIST-003378,2026-03-28,29693.46,33
PAY-000070,HIST-000070,2026-03-28,45979.07,4
PAY-000507,HIST-000507,2026-03-28,120041.0,19
PAY-004742,HIST-004742,2026-03-28,60439.87,34
PAY-004690,HIST-004690,2026-03-29,29278.06,7
PAY-004174,HIST-004174,2026-03-29,73106.89,36
PAY-003128,HIST-003128,2026-03-29,46598.86,32
PAY-002132,HIST-002132,2026-03-29,237187.9,9
PAY-002053,HIST-002053,2026-03-29,37580.4,44
PAY-004645,HIST-004645,2026-03-29,33554.81,23
PAY-002305,HIST-002305,2026-03-29,22286.05,35
PAY-000875,HIST-000875,2026-03-30,85972.01,49
PAY-003217,HIST-003217,2026-03-30,118262.02,21
PAY-001727,HIST-001727,2026-03-30,31577.47,8
PAY-002456,HIST-002456,2026-03-30,37666.31,9
PAY-004129,HIST-004129,2026-03-30,31506.85,17
PAY-004352,HIST-004352,2026-03-30,57009.99,26
PAY-004341,HIST-004341,2026-03-30,25265.4,35
PAY-004175,HIST-004175,2026-03-30,78908.12,34
PAY-003737,HIST-003737,2026-03-31,117996.54,21
PAY-002883,HIST-002883,2026-03-31,146159.37,8
PAY-001658,HIST-001658,2026-03-31,34603.11,9
PAY-004683,HIST-004683,2026-03-31,85254.74,13
PAY-000483,HIST-000483,2026-03-31,7442.38,41
PAY-000463,HIST-000463,2026-03-31,53306.05,27
PAY-001820,HIST-001820,2026-03-31,30832.3,9
PAY-002079,HIST-002079,2026-03-31,32461.33,8
PAY-002672,HIST-002672,2026-03-31,76510.72,37
PAY-000399,HIST-000399,2026-03-31,28453.04,12
PAY-002509,HIST-002509,2026-03-31,178407.18,25
PAY-003346,HIST-003346,2026-03-31,89701.85,7
PAY-003674,HIST-003674,2026-03-31,25062.62,42
PAY-003430,HIST-003430,2026-03-31,26258.23,18
PAY-003449,HIST-003449,2026-04-01,63094.54,33
PAY-003927,HIST-003927,2026-04-01,38254.52,20
PAY-002927,HIST-002927,2026-04-01,150449.46,52
PAY-003979,HIST-003979,2026-04-01,5776.02,51
PAY-001884,HIST-001884,2026-04-01,12910.31,15
PAY-001540,HIST-001540,2026-04-01,21443.98,-5
PAY-002341,HIST-002341,2026-04-01,67938.0,5
PAY-000013,HIST-000013,2026-04-01,39285.76,9
PAY-002698,HIST-002698,2026-04-02,46105.2,18
PAY-000536,HIST-000536,2026-04-02,68424.28,15
PAY-004185,HIST-004185,2026-04-02,18387.55,1
PAY-002428,HIST-002428,2026-04-02,76532.93,14
PAY-001646,HIST-001646,2026-04-02,75170.9,9
PAY-003523,HIST-003523,2026-04-02,13577.99,17
PAY-001654,HIST-001654,2026-04-02,21165.42,46
PAY-000733,HIST-000733,2026-04-02,58711.89,10
PAY-004428,HIST-004428,2026-04-02,44268.58,33
PAY-003722,HIST-003722,2026-04-02,19414.54,12
PAY-000801,HIST-000801,2026-04-02,28929.97,6
PAY-004180,HIST-004180,2026-04-02,108038.6,24
PAY-004205,HIST-004205,2026-04-03,18562.98,24
PAY-000931,HIST-000931,2026-04-03,37337.63,6
PAY-000880,HIST-000880,2026-04-03,27839.97,14
PAY-002400,HIST-002400,2026-04-03,29924.72,15
PAY-003150,HIST-003150,2026-04-03,53226.06,13
PAY-001581,HIST-001581,2026-04-03,47699.39,12
PAY-002401,HIST-002401,2026-04-03,207376.22,33
PAY-002827,HIST-002827,2026-04-03,15978.9,24
PAY-001323,HIST-001323,2026-04-03,25373.17,8
PAY-004050,HIST-004050,2026-04-04,41656.22,29
PAY-003810,HIST-003810,2026-04-04,20181.62,49
PAY-000343,HIST-000343,2026-04-04,59610.14,32
PAY-000219,HIST-000219,2026-04-04,149153.39,35
PAY-004042,HIST-004042,2026-04-04,18243.91,21
PAY-002104,HIST-002104,2026-04-04,144264.68,23
PAY-004052,HIST-004052,2026-04-04,30041.1,30
PAY-000443,HIST-000443,2026-04-04,133993.93,53
PAY-002004,HIST-002004,2026-04-04,22088.18,1
PAY-003394,HIST-003394,2026-04-04,7720.37,24
PAY-003588,HIST-003588,2026-04-04,57100.01,17
PAY-000066,HIST-000066,2026-04-04,78453.74,22
PAY-004347,HIST-004347,2026-04-04,25782.52,23
PAY-000847,HIST-000847,2026-04-04,99173.67,43
PAY-003199,HIST-003199,2026-04-04,133936.82,40
PAY-001682,HIST-001682,2026-04-04,63846.31,23
PAY-002352,HIST-002352,2026-04-05,41041.17,13
PAY-001216,HIST-001216,2026-04-05,61715.46,16
PAY-004216,HIST-004216,2026-04-05,126358.84,61
PAY-002126,HIST-002126,2026-04-05,60203.7,27
PAY-004319,HIST-004319,2026-04-05,122613.55,17
PAY-004628,HIST-004628,2026-04-05,20213.45,10
PAY-003088,HIST-003088,2026-04-05,98950.47,13
PAY-002587,HIST-002587,2026-04-05,18463.75,-5
PAY-002546,HIST-002546,2026-04-05,175180.35,20
PAY-002372,HIST-002372,2026-04-05,54815.44,28
PAY-001914,HIST-001914,2026-04-05,19947.3,13
PAY-000005,HIST-000005,2026-04-05,80117.57,4
PAY-001704,HIST-001704,2026-04-06,63839.39,46
PAY-002217,HIST-002217,2026-04-06,20540.73,-1
PAY-003007,HIST-003007,2026-04-06,13551.55,11
PAY-002064,HIST-002064,2026-04-06,14966.91,29
PAY-002163,HIST-002163,2026-04-06,35550.02,10
PAY-001907,HIST-001907,2026-04-06,103503.3,37
PAY-004522,HIST-004522,2026-04-06,44984.71,26
PAY-000017,HIST-000017,2026-04-06,69313.68,32
PAY-001232,HIST-001232,2026-04-06,35962.97,34
PAY-001630,HIST-001630,2026-04-06,64512.98,31
PAY-001991,HIST-001991,2026-04-06,46000.31,44
PAY-001549,HIST-001549,2026-04-06,102276.91,28
PAY-000470,HIST-000470,2026-04-07,64275.16,24
PAY-002391,HIST-002391,2026-04-07,29198.31,27
PAY-002792,HIST-002792,2026-04-07,14653.98,13
PAY-000690,HIST-000690,2026-04-07,7113.44,17
PAY-001332,HIST-001332,2026-04-07,34414.65,22
PAY-002560,HIST-002560,2026-04-07,33436.5,34
PAY-000035,HIST-000035,2026-04-07,38728.45,13
PAY-000390,HIST-000390,2026-04-07,18115.79,13
PAY-000403,HIST-000403,2026-04-07,50088.56,20
PAY-001781,HIST-001781,2026-04-08,19346.09,22
PAY-001736,HIST-001736,2026-04-08,9582.93,29
PAY-004744,HIST-004744,2026-04-08,20280.47,18
PAY-000237,HIST-000237,2026-04-08,138129.48,25
PAY-003719,HIST-003719,2026-04-08,28845.61,3
PAY-001097,HIST-001097,2026-04-08,39244.24,13
PAY-001326,HIST-001326,2026-04-08,14240.32,12
PAY-002182,HIST-002182,2026-04-08,60834.62,46
PAY-000043,HIST-000043,2026-04-09,81970.48,18
PAY-003375,HIST-003375,2026-04-09,33676.29,24
PAY-002777,HIST-002777,2026-04-09,23729.75,33
PAY-000495,HIST-000495,2026-04-09,34538.5,30
PAY-003560,HIST-003560,2026-04-09,64203.12,26
PAY-003558,HIST-003558,2026-04-09,72020.95,14
PAY-004424,HIST-004424,2026-04-09,39722.97,31
PAY-004487,HIST-004487,2026-04-09,123624.6,22
PAY-002486,HIST-002486,2026-04-09,44801.78,13
PAY-001428,HIST-001428,2026-04-09,37776.36,6
PAY-002406,HIST-002406,2026-04-09,17781.99,-3
PAY-004076,HIST-004076,2026-04-09,52975.83,23
PAY-002527,HIST-002527,2026-04-10,16544.38,23
PAY-000313,HIST-000313,2026-04-10,32286.6,19
PAY-001497,HIST-001497,2026-04-10,60480.57,27
PAY-002717,HIST-002717,2026-04-10,27889.43,37
PAY-000543,HIST-000543,2026-04-10,23055.94,23
PAY-004547,HIST-004547,2026-04-10,67901.6,13
PAY-003194,HIST-003194,2026-04-10,50279.66,10
PAY-004399,HIST-004399,2026-04-10,41158.5,4
PAY-000909,HIST-000909,2026-04-10,23758.05,40
PAY-002445,HIST-002445,2026-04-10,36113.46,6
PAY-002082,HIST-002082,2026-04-10,20471.17,26
PAY-003537,HIST-003537,2026-04-10,25452.52,20
PAY-001758,HIST-001758,2026-04-10,37326.63,5
PAY-004025,HIST-004025,2026-04-10,83508.27,38
PAY-000998,HIST-000998,2026-04-10,125057.27,35
PAY-002100,HIST-002100,2026-04-11,24646.5,24
PAY-001049,HIST-001049,2026-04-11,51410.93,17
PAY-003327,HIST-003327,2026-04-11,24450.83,21
PAY-003408,HIST-003408,2026-04-11,35331.4,4
PAY-000519,HIST-000519,2026-04-11,34111.48,23
PAY-003487,HIST-003487,2026-04-12,75523.69,26
PAY-003597,HIST-003597,2026-04-12,105667.1,11
PAY-000899,HIST-000899,2026-04-12,50342.8,19
PAY-000991,HIST-000991,2026-04-12,40040.11,39
PAY-001665,HIST-001665,2026-04-12,19269.06,12
PAY-001092,HIST-001092,2026-04-12,61323.97,28
PAY-002711,HIST-002711,2026-04-13,72818.49,16
PAY-003227,HIST-003227,2026-04-13,11642.08,37
PAY-003950,HIST-003950,2026-04-13,12797.21,34
PAY-000775,HIST-000775,2026-04-13,29454.62,9
PAY-002670,HIST-002670,2026-04-13,61150.98,37
PAY-002402,HIST-002402,2026-04-13,68718.04,17
PAY-002864,HIST-002864,2026-04-13,185546.47,40
PAY-000341,HIST-000341,2026-04-13,114707.92,6
PAY-001761,HIST-001761,2026-04-14,30050.59,25
PAY-002177,HIST-002177,2026-04-14,19819.21,10
PAY-000942,HIST-000942,2026-04-14,42842.9,23
PAY-003055,HIST-003055,2026-04-14,78774.23,23
PAY-004642,HIST-004642,2026-04-14,17818.77,43
PAY-003650,HIST-003650,2026-04-14,67264.04,23
PAY-002354,HIST-002354,2026-04-14,41945.25,4
PAY-001595,HIST-001595,2026-04-14,69003.03,35
PAY-002236,HIST-002236,2026-04-14,49739.59,9
PAY-003584,HIST-003584,2026-04-14,169734.77,29
PAY-004604,HIST-004604,2026-04-14,195461.66,19
PAY-000057,HIST-000057,2026-04-14,171168.34,27
PAY-000606,HIST-000606,2026-04-14,166708.81,28
PAY-001803,HIST-001803,2026-04-15,31095.89,18
PAY-003749,HIST-003749,2026-04-15,116409.62,2
PAY-001087,HIST-001087,2026-04-15,242294.88,49
PAY-001499,HIST-001499,2026-04-15,47023.08,21
PAY-000110,HIST-000110,2026-04-15,29049.8,19
PAY-004670,HIST-004670,2026-04-15,67663.81,26
PAY-001566,HIST-001566,2026-04-15,37096.95,47
PAY-004160,HIST-004160,2026-04-15,60803.73,29
PAY-000921,HIST-000921,2026-04-15,113743.41,14
PAY-004760,HIST-004760,2026-04-15,37501.33,13
PAY-003885,HIST-003885,2026-04-15,19183.87,24
PAY-000167,HIST-000167,2026-04-15,83424.67,14
PAY-000649,HIST-000649,2026-04-15,34995.12,34
PAY-002834,HIST-002834,2026-04-15,109986.57,33
PAY-000922,HIST-000922,2026-04-15,327924.22,35
PAY-001608,HIST-001608,2026-04-15,373973.77,19
PAY-002955,HIST-002955,2026-04-15,43042.44,21
PAY-004348,HIST-004348,2026-04-15,47796.75,17
PAY-003228,HIST-003228,2026-04-16,31166.4,43
PAY-003404,HIST-003404,2026-04-16,21350.85,-2
PAY-002839,HIST-002839,2026-04-16,23437.48,14
PAY-001470,HIST-001470,2026-04-16,73498.03,13
PAY-003131,HIST-003131,2026-04-16,46520.11,24
PAY-003954,HIST-003954,2026-04-16,28682.38,13
PAY-002793,HIST-002793,2026-04-16,88768.84,31
PAY-001274,HIST-001274,2026-04-16,98790.43,6
PAY-003339,HIST-003339,2026-04-16,97697.61,2
PAY-003161,HIST-003161,2026-04-16,13540.5,5
PAY-003676,HIST-003676,2026-04-16,50594.85,6
PAY-002810,HIST-002810,2026-04-16,23415.6,16
PAY-002566,HIST-002566,2026-04-16,40741.66,8
PAY-004073,HIST-004073,2026-04-16,37735.61,43
PAY-001624,HIST-001624,2026-04-17,89617.42,6
PAY-001293,HIST-001293,2026-04-17,37809.26,31
PAY-003516,HIST-003516,2026-04-17,27582.09,12
PAY-001132,HIST-001132,2026-04-17,45128.8,22
PAY-002101,HIST-002101,2026-04-17,66513.17,14
PAY-002337,HIST-002337,2026-04-17,37523.96,35
PAY-004750,HIST-004750,2026-04-17,46872.01,15
PAY-000878,HIST-000878,2026-04-17,21833.47,3
PAY-004049,HIST-004049,2026-04-18,29093.16,22
PAY-002472,HIST-002472,2026-04-18,88503.63,15
PAY-001839,HIST-001839,2026-04-18,78561.01,9
PAY-000208,HIST-000208,2026-04-18,78664.91,16
PAY-003466,HIST-003466,2026-04-18,40379.58,9
PAY-002614,HIST-002614,2026-04-18,17004.02,1
PAY-000618,HIST-000618,2026-04-18,19408.62,25
PAY-004691,HIST-004691,2026-04-18,100940.21,8
PAY-001722,HIST-001722,2026-04-18,99925.94,24
PAY-004784,HIST-004784,2026-04-18,37032.83,31
PAY-002186,HIST-002186,2026-04-19,44006.27,55
PAY-000655,HIST-000655,2026-04-19,26657.93,21
PAY-004751,HIST-004751,2026-04-19,26275.34,16
PAY-004199,HIST-004199,2026-04-19,67419.47,10
PAY-002639,HIST-002639,2026-04-19,76198.65,5
PAY-000824,HIST-000824,2026-04-19,170082.96,33
PAY-003757,HIST-003757,2026-04-19,55781.56,21
PAY-003586,HIST-003586,2026-04-19,31083.58,29
PAY-001912,HIST-001912,2026-04-19,63981.09,2
PAY-001379,HIST-001379,2026-04-19,33427.47,37
PAY-002598,HIST-002598,2026-04-19,10437.08,21
PAY-004147,HIST-004147,2026-04-19,51529.26,11
PAY-001487,HIST-001487,2026-04-19,72930.12,30
PAY-002297,HIST-002297,2026-04-19,102255.7,26
PAY-003381,HIST-003381,2026-04-19,48214.18,15
PAY-000141,HIST-000141,2026-04-20,30587.93,15
PAY-004780,HIST-004780,2026-04-20,20873.51,2
PAY-001799,HIST-001799,2026-04-20,44212.22,14
PAY-002678,HIST-002678,2026-04-20,79238.08,27
PAY-004798,HIST-004798,2026-04-20,264155.43,19
PAY-003014,HIST-003014,2026-04-20,21855.66,25
PAY-004029,HIST-004029,2026-04-20,33042.39,38
PAY-000820,HIST-000820,2026-04-20,26802.48,27
PAY-001842,HIST-001842,2026-04-20,65748.54,47
PAY-001601,HIST-001601,2026-04-20,88794.83,39
PAY-001169,HIST-001169,2026-04-20,81590.21,38
PAY-001095,HIST-001095,2026-04-20,16780.99,36
PAY-002263,HIST-002263,2026-04-20,68532.43,40
PAY-004337,HIST-004337,2026-04-21,22047.95,22
PAY-000025,HIST-000025,2026-04-21,24392.87,42
PAY-000591,HIST-000591,2026-04-21,84942.15,33
PAY-003550,HIST-003550,2026-04-21,10578.41,-5
PAY-001609,HIST-001609,2026-04-21,28258.05,11
PAY-004651,HIST-004651,2026-04-21,24299.86,27
PAY-004499,HIST-004499,2026-04-21,63037.36,20
PAY-001747,HIST-001747,2026-04-22,21542.53,21
PAY-004302,HIST-004302,2026-04-22,40143.38,34
PAY-000842,HIST-000842,2026-04-22,41401.74,8
PAY-003397,HIST-003397,2026-04-22,53363.4,-5
PAY-001891,HIST-001891,2026-04-22,64509.6,30
PAY-004364,HIST-004364,2026-04-22,53205.01,6
PAY-003347,HIST-003347,2026-04-22,35383.34,22
PAY-003741,HIST-003741,2026-04-22,24280.25,28
PAY-000758,HIST-000758,2026-04-22,135557.98,28
PAY-000511,HIST-000511,2026-04-22,43710.69,15
PAY-004654,HIST-004654,2026-04-22,88221.23,19
PAY-002243,HIST-002243,2026-04-22,38087.59,25
PAY-000592,HIST-000592,2026-04-23,24344.23,31
PAY-000164,HIST-000164,2026-04-23,23888.63,33
PAY-003850,HIST-003850,2026-04-23,79882.98,14
PAY-004152,HIST-004152,2026-04-23,33183.3,-3
PAY-002931,HIST-002931,2026-04-23,22315.32,17
PAY-001141,HIST-001141,2026-04-23,56707.65,23
PAY-000052,HIST-000052,2026-04-23,33632.02,12
PAY-002525,HIST-002525,2026-04-23,13713.67,6
PAY-003670,HIST-003670,2026-04-23,65786.03,-3
PAY-003360,HIST-003360,2026-04-23,82751.56,36
PAY-004286,HIST-004286,2026-04-23,20274.1,44
PAY-004792,HIST-004792,2026-04-24,20329.06,11
PAY-004091,HIST-004091,2026-04-24,103169.84,31
PAY-003497,HIST-003497,2026-04-24,41952.58,19
PAY-004054,HIST-004054,2026-04-24,41718.52,31
PAY-004048,HIST-004048,2026-04-24,16188.33,18
PAY-000692,HIST-000692,2026-04-24,81738.19,30
PAY-002921,HIST-002921,2026-04-24,48472.68,7
PAY-004377,HIST-004377,2026-04-24,48776.88,17
PAY-000138,HIST-000138,2026-04-24,18977.89,7
PAY-002846,HIST-002846,2026-04-24,12001.17,33
PAY-004153,HIST-004153,2026-04-24,131073.96,11
PAY-003864,HIST-003864,2026-04-24,32102.92,23
PAY-000419,HIST-000419,2026-04-25,141119.03,19
PAY-001596,HIST-001596,2026-04-25,41073.84,29
PAY-000439,HIST-000439,2026-04-25,15178.3,6
PAY-002913,HIST-002913,2026-04-25,30617.54,0
PAY-004573,HIST-004573,2026-04-25,81230.23,32
PAY-004130,HIST-004130,2026-04-25,17141.65,7
PAY-003314,HIST-003314,2026-04-25,163256.19,31
PAY-004253,HIST-004253,2026-04-25,58681.93,42
PAY-002300,HIST-002300,2026-04-25,82487.78,18
PAY-001463,HIST-001463,2026-04-26,35678.47,26
PAY-003390,HIST-003390,2026-04-26,17256.39,8
PAY-000521,HIST-000521,2026-04-26,29716.2,54
PAY-003127,HIST-003127,2026-04-26,85420.06,24
PAY-003155,HIST-003155,2026-04-26,20027.17,23
PAY-003306,HIST-003306,2026-04-26,37211.86,18
PAY-001833,HIST-001833,2026-04-26,57113.73,8
PAY-002803,HIST-002803,2026-04-26,47739.19,28
PAY-002576,HIST-002576,2026-04-27,67357.01,34
PAY-004321,HIST-004321,2026-04-27,33357.97,23
PAY-004382,HIST-004382,2026-04-27,30901.82,27
PAY-002513,HIST-002513,2026-04-27,45047.11,-3
PAY-003437,HIST-003437,2026-04-27,36697.15,2
PAY-002392,HIST-002392,2026-04-27,25607.8,23
PAY-000580,HIST-000580,2026-04-27,35830.87,32
PAY-004003,HIST-004003,2026-04-27,26236.66,15
PAY-004287,HIST-004287,2026-04-27,33689.46,34
PAY-001275,HIST-001275,2026-04-27,62226.25,10
PAY-002944,HIST-002944,2026-04-27,47499.16,12
PAY-003191,HIST-003191,2026-04-27,79203.29,44
PAY-002044,HIST-002044,2026-04-27,87275.26,29
PAY-002045,HIST-002045,2026-04-27,44989.72,37
PAY-000153,HIST-000153,2026-04-27,57572.65,7
PAY-004657,HIST-004657,2026-04-27,48452.41,11
PAY-003729,HIST-003729,2026-04-27,87377.01,34
PAY-000355,HIST-000355,2026-04-28,73401.94,30
PAY-001018,HIST-001018,2026-04-28,24012.21,19
PAY-000376,HIST-000376,2026-04-28,45243.72,26
PAY-004192,HIST-004192,2026-04-28,92613.11,8
PAY-003634,HIST-003634,2026-04-28,18180.46,8
PAY-004432,HIST-004432,2026-04-28,31834.13,34
PAY-001363,HIST-001363,2026-04-28,31297.72,38
PAY-000318,HIST-000318,2026-04-28,18092.82,18
PAY-004516,HIST-004516,2026-04-28,77288.69,8
PAY-000128,HIST-000128,2026-04-28,77556.84,42
PAY-001673,HIST-001673,2026-04-29,113692.32,26
PAY-001686,HIST-001686,2026-04-29,18911.73,26
PAY-001878,HIST-001878,2026-04-29,194117.48,42
PAY-003401,HIST-003401,2026-04-29,57555.68,12
PAY-003955,HIST-003955,2026-04-29,65177.24,45
PAY-003776,HIST-003776,2026-04-29,40191.79,23
PAY-004523,HIST-004523,2026-04-29,34970.63,-2
PAY-000873,HIST-000873,2026-04-29,26590.02,4
PAY-000494,HIST-000494,2026-04-29,40538.14,34
PAY-000456,HIST-000456,2026-04-29,86548.29,14
PAY-002936,HIST-002936,2026-04-29,43933.68,41
PAY-000663,HIST-000663,2026-04-29,32382.37,20
PAY-002016,HIST-002016,2026-04-30,46256.24,15
PAY-001773,HIST-001773,2026-04-30,16012.57,28
PAY-000732,HIST-000732,2026-04-30,103738.14,23
PAY-003078,HIST-003078,2026-04-30,22463.88,24
PAY-004734,HIST-004734,2026-04-30,18005.52,6
PAY-003111,HIST-003111,2026-04-30,48651.06,30
PAY-002707,HIST-002707,2026-04-30,31994.02,34
PAY-002584,HIST-002584,2026-04-30,17770.79,17
PAY-001811,HIST-001811,2026-04-30,18937.38,48
PAY-002034,HIST-002034,2026-04-30,21870.41,50
PAY-002381,HIST-002381,2026-05-01,147021.06,19
PAY-001105,HIST-001105,2026-05-01,65468.54,5
PAY-001755,HIST-001755,2026-05-01,37731.34,6
PAY-000305,HIST-000305,2026-05-01,13984.2,17
PAY-003600,HIST-003600,2026-05-01,36177.95,21
PAY-002335,HIST-002335,2026-05-01,91723.59,11
PAY-002268,HIST-002268,2026-05-01,89687.12,13
PAY-002705,HIST-002705,2026-05-01,40735.0,36
PAY-004597,HIST-004597,2026-05-01,33896.29,48
PAY-004053,HIST-004053,2026-05-01,100952.02,10
PAY-000628,HIST-000628,2026-05-01,48531.34,47
PAY-000551,HIST-000551,2026-05-01,39707.51,16
PAY-002550,HIST-002550,2026-05-01,34623.64,37
PAY-003655,HIST-003655,2026-05-01,103887.85,32
PAY-002355,HIST-002355,2026-05-01,26028.32,31
PAY-001079,HIST-001079,2026-05-01,58846.17,27
PAY-002241,HIST-002241,2026-05-01,27564.59,14
PAY-003270,HIST-003270,2026-05-02,43426.71,8
PAY-003388,HIST-003388,2026-05-02,42927.13,48
PAY-000907,HIST-000907,2026-05-02,25441.57,27
PAY-003713,HIST-003713,2026-05-02,46015.41,30
PAY-000168,HIST-000168,2026-05-02,120476.91,17
PAY-004678,HIST-004678,2026-05-02,36808.45,7
PAY-001325,HIST-001325,2026-05-02,10647.44,45
PAY-001513,HIST-001513,2026-05-02,47917.63,34
PAY-001768,HIST-001768,2026-05-02,26451.28,42
PAY-003447,HIST-003447,2026-05-02,51762.16,21
PAY-002695,HIST-002695,2026-05-02,12946.58,52
PAY-004776,HIST-004776,2026-05-02,82676.82,9
PAY-000772,HIST-000772,2026-05-02,50537.64,28
PAY-002691,HIST-002691,2026-05-02,50386.69,53
PAY-000400,HIST-000400,2026-05-02,18291.49,25
PAY-003832,HIST-003832,2026-05-02,32841.3,13
PAY-004343,HIST-004343,2026-05-02,30750.93,25
PAY-002215,HIST-002215,2026-05-03,4075.75,30
PAY-002221,HIST-002221,2026-05-03,14991.32,10
PAY-000003,HIST-000003,2026-05-03,7688.2,39
PAY-003846,HIST-003846,2026-05-03,4570.42,5
PAY-000034,HIST-000034,2026-05-03,20283.18,20
PAY-001023,HIST-001023,2026-05-03,35149.69,13
PAY-002612,HIST-002612,2026-05-03,83216.44,13
PAY-002047,HIST-002047,2026-05-03,12701.89,40
PAY-002344,HIST-002344,2026-05-03,82854.6,34
PAY-002180,HIST-002180,2026-05-03,19106.17,42
PAY-000234,HIST-000234,2026-05-03,26109.16,48
PAY-003578,HIST-003578,2026-05-04,49378.37,2
PAY-000127,HIST-000127,2026-05-04,48424.87,18
PAY-001676,HIST-001676,2026-05-04,13074.48,21
PAY-003980,HIST-003980,2026-05-04,70183.41,20
PAY-002531,HIST-002531,2026-05-04,35160.02,38
PAY-004689,HIST-004689,2026-05-05,25780.38,17
PAY-003015,HIST-003015,2026-05-05,37484.47,19
PAY-003151,HIST-003151,2026-05-05,22501.33,15
PAY-003025,HIST-003025,2026-05-05,46109.73,43
PAY-004117,HIST-004117,2026-05-05,23351.06,9
PAY-002731,HIST-002731,2026-05-05,5491.72,-5
PAY-004165,HIST-004165,2026-05-05,44275.6,25
PAY-001276,HIST-001276,2026-05-05,27324.19,13
PAY-002389,HIST-002389,2026-05-05,36058.26,4
PAY-004346,HIST-004346,2026-05-05,145393.4,17
PAY-001843,HIST-001843,2026-05-05,41109.68,15
PAY-000558,HIST-000558,2026-05-05,55740.92,28
PAY-001701,HIST-001701,2026-05-05,55890.83,34
PAY-001312,HIST-001312,2026-05-05,22451.67,24
PAY-002983,HIST-002983,2026-05-06,28859.95,17
PAY-001002,HIST-001002,2026-05-06,147867.98,35
PAY-000706,HIST-000706,2026-05-06,18249.75,49
PAY-003451,HIST-003451,2026-05-06,64768.67,20
PAY-001091,HIST-001091,2026-05-06,39299.43,0
PAY-001698,HIST-001698,2026-05-06,19464.76,29
PAY-000416,HIST-000416,2026-05-06,97681.34,6
PAY-003821,HIST-003821,2026-05-06,73507.49,19
PAY-001707,HIST-001707,2026-05-06,52845.01,18
PAY-001966,HIST-001966,2026-05-06,88079.55,9
PAY-000954,HIST-000954,2026-05-07,49557.42,33
PAY-001495,HIST-001495,2026-05-07,66148.17,29
PAY-003708,HIST-003708,2026-05-07,128755.54,44
PAY-004486,HIST-004486,2026-05-07,57590.51,12
PAY-001743,HIST-001743,2026-05-07,66341.32,37
PAY-001400,HIST-001400,2026-05-07,67816.52,29
PAY-001269,HIST-001269,2026-05-07,67220.66,16
PAY-004682,HIST-004682,2026-05-07,39962.49,4
PAY-002080,HIST-002080,2026-05-07,51656.16,39
PAY-001528,HIST-001528,2026-05-07,104922.73,41
PAY-000556,HIST-000556,2026-05-07,133072.57,12
PAY-001614,HIST-001614,2026-05-08,31224.32,45
PAY-002364,HIST-002364,2026-05-08,51307.96,35
PAY-000232,HIST-000232,2026-05-08,75706.61,14
PAY-000477,HIST-000477,2026-05-08,44848.6,30
PAY-000865,HIST-000865,2026-05-08,5370.93,41
PAY-003068,HIST-003068,2026-05-08,23207.34,20
PAY-000104,HIST-000104,2026-05-08,58942.78,8
PAY-001170,HIST-001170,2026-05-08,69541.88,24
PAY-002659,HIST-002659,2026-05-09,37001.09,40
PAY-003525,HIST-003525,2026-05-09,129740.47,33
PAY-002976,HIST-002976,2026-05-09,42493.59,13
PAY-002812,HIST-002812,2026-05-09,68320.17,40
PAY-003344,HIST-003344,2026-05-09,45503.9,14
PAY-000693,HIST-000693,2026-05-09,20504.14,24
PAY-001643,HIST-001643,2026-05-09,66362.17,13
PAY-001734,HIST-001734,2026-05-09,15103.43,-5
PAY-004114,HIST-004114,2026-05-09,63961.5,33
PAY-003685,HIST-003685,2026-05-09,56783.35,17
PAY-002294,HIST-002294,2026-05-09,26971.99,19
PAY-002172,HIST-002172,2026-05-10,83216.38,17
PAY-001927,HIST-001927,2026-05-10,48192.46,27
PAY-000759,HIST-000759,2026-05-10,10815.47,43
PAY-002176,HIST-002176,2026-05-10,31589.91,3
PAY-004389,HIST-004389,2026-05-10,14525.01,35
PAY-002109,HIST-002109,2026-05-10,64243.66,16
PAY-002787,HIST-002787,2026-05-10,19966.51,49
PAY-003184,HIST-003184,2026-05-11,177262.98,7
PAY-002784,HIST-002784,2026-05-11,46889.83,13
PAY-004070,HIST-004070,2026-05-11,39610.94,23
PAY-001198,HIST-001198,2026-05-11,53064.84,40
PAY-003551,HIST-003551,2026-05-11,14160.34,40
PAY-002262,HIST-002262,2026-05-11,70311.57,31
PAY-002813,HIST-002813,2026-05-11,45184.96,4
PAY-004539,HIST-004539,2026-05-11,21338.55,23
PAY-001633,HIST-001633,2026-05-11,57455.28,34
PAY-000101,HIST-000101,2026-05-12,8115.1,35
PAY-000488,HIST-000488,2026-05-12,57820.77,28
PAY-000061,HIST-000061,2026-05-12,29241.84,32
PAY-002017,HIST-002017,2026-05-12,54509.03,12
PAY-003106,HIST-003106,2026-05-12,48142.36,37
PAY-003529,HIST-003529,2026-05-12,96191.3,13
PAY-002852,HIST-002852,2026-05-12,17112.22,15
PAY-003185,HIST-003185,2026-05-12,29892.78,26
PAY-003176,HIST-003176,2026-05-12,63352.77,14
PAY-002858,HIST-002858,2026-05-13,55822.62,14
PAY-004359,HIST-004359,2026-05-13,25884.15,-5
PAY-000425,HIST-000425,2026-05-13,43511.33,8
PAY-002530,HIST-002530,2026-05-13,25817.53,3
PAY-000915,HIST-000915,2026-05-13,46255.8,33
PAY-001479,HIST-001479,2026-05-13,62922.36,13
PAY-003943,HIST-003943,2026-05-14,32212.56,30
PAY-000327,HIST-000327,2026-05-14,96905.54,53
PAY-002314,HIST-002314,2026-05-14,56676.18,26
PAY-000334,HIST-000334,2026-05-14,81046.24,43
PAY-002173,HIST-002173,2026-05-14,17050.14,9
PAY-000783,HIST-000783,2026-05-14,50966.29,42
PAY-001268,HIST-001268,2026-05-14,56003.37,50
PAY-000102,HIST-000102,2026-05-14,63586.32,35
PAY-002090,HIST-002090,2026-05-14,11718.76,26
PAY-002145,HIST-002145,2026-05-14,51486.91,20
PAY-001078,HIST-001078,2026-05-14,35560.06,43
PAY-001808,HIST-001808,2026-05-14,12264.37,22
PAY-002383,HIST-002383,2026-05-15,14026.27,18
PAY-002264,HIST-002264,2026-05-15,95251.84,-1
PAY-004475,HIST-004475,2026-05-15,102556.81,16
PAY-003944,HIST-003944,2026-05-15,69883.08,10
PAY-003872,HIST-003872,2026-05-15,19271.85,12
PAY-000264,HIST-000264,2026-05-15,46642.61,24
PAY-000753,HIST-000753,2026-05-15,221600.12,6
PAY-001802,HIST-001802,2026-05-15,63581.06,13
PAY-001359,HIST-001359,2026-05-15,80000.58,35
PAY-001333,HIST-001333,2026-05-15,22838.36,9
PAY-002427,HIST-002427,2026-05-15,104073.89,22
PAY-000955,HIST-000955,2026-05-15,114510.23,26
PAY-003502,HIST-003502,2026-05-16,49113.07,34
PAY-000094,HIST-000094,2026-05-16,24390.98,23
PAY-001338,HIST-001338,2026-05-16,16869.36,35
PAY-004360,HIST-004360,2026-05-16,103531.67,24
PAY-003994,HIST-003994,2026-05-16,53691.47,38
PAY-004179,HIST-004179,2026-05-16,6140.67,31
PAY-001845,HIST-001845,2026-05-17,37544.41,33
PAY-000778,HIST-000778,2026-05-17,226334.98,18
PAY-002270,HIST-002270,2026-05-17,44056.52,3
PAY-002098,HIST-002098,2026-05-17,31163.86,2
PAY-002506,HIST-002506,2026-05-17,42975.55,5
PAY-001150,HIST-001150,2026-05-17,61271.48,30
PAY-000329,HIST-000329,2026-05-17,241895.17,34
PAY-001749,HIST-001749,2026-05-17,139153.0,31
PAY-004777,HIST-004777,2026-05-17,16766.93,24
PAY-003104,HIST-003104,2026-05-17,54214.65,20
PAY-001348,HIST-001348,2026-05-17,32778.99,32
PAY-000933,HIST-000933,2026-05-17,80737.2,34
PAY-002313,HIST-002313,2026-05-17,97353.54,26
PAY-002039,HIST-002039,2026-05-18,14602.84,10
PAY-000581,HIST-000581,2026-05-18,9709.65,-5
PAY-001184,HIST-001184,2026-05-18,33887.62,33
PAY-001795,HIST-001795,2026-05-18,64728.4,35
PAY-000720,HIST-000720,2026-05-18,22530.16,44
PAY-000829,HIST-000829,2026-05-18,41987.24,45
PAY-002518,HIST-002518,2026-05-18,13900.26,21
PAY-001136,HIST-001136,2026-05-19,166220.88,6
PAY-000896,HIST-000896,2026-05-19,18213.2,-5
PAY-004115,HIST-004115,2026-05-19,97740.26,50
PAY-002103,HIST-002103,2026-05-19,31958.71,48
PAY-004618,HIST-004618,2026-05-19,29754.03,14
PAY-001109,HIST-001109,2026-05-19,83381.77,27
PAY-001432,HIST-001432,2026-05-19,59959.17,31
PAY-003780,HIST-003780,2026-05-19,38604.87,9
PAY-003693,HIST-003693,2026-05-19,16539.62,32
PAY-002273,HIST-002273,2026-05-20,23287.81,42
PAY-003297,HIST-003297,2026-05-20,18700.08,24
PAY-001652,HIST-001652,2026-05-20,72410.95,12
PAY-000453,HIST-000453,2026-05-20,38455.65,9
PAY-002248,HIST-002248,2026-05-20,60999.91,47
PAY-000408,HIST-000408,2026-05-20,218019.63,24
PAY-003130,HIST-003130,2026-05-20,19254.28,9
PAY-000539,HIST-000539,2026-05-20,38838.42,21
PAY-000180,HIST-000180,2026-05-20,50278.34,6
PAY-002295,HIST-002295,2026-05-20,79085.66,18
PAY-004768,HIST-004768,2026-05-21,13338.1,19
PAY-000485,HIST-000485,2026-05-21,34011.58,28
PAY-000486,HIST-000486,2026-05-21,17019.74,30
PAY-004748,HIST-004748,2026-05-21,37918.82,6
PAY-000946,HIST-000946,2026-05-21,21252.7,22
PAY-001076,HIST-001076,2026-05-21,38615.74,16
PAY-004677,HIST-004677,2026-05-21,23585.33,38
PAY-002353,HIST-002353,2026-05-21,34232.25,25
PAY-004512,HIST-004512,2026-05-21,61492.97,15
PAY-001101,HIST-001101,2026-05-21,213730.07,1
PAY-004673,HIST-004673,2026-05-21,52330.95,32
PAY-000839,HIST-000839,2026-05-22,62979.76,12
PAY-000093,HIST-000093,2026-05-22,118592.61,26
PAY-002183,HIST-002183,2026-05-22,31758.61,26
PAY-000950,HIST-000950,2026-05-22,62395.38,25
PAY-003682,HIST-003682,2026-05-22,45604.18,15
PAY-004585,HIST-004585,2026-05-22,154170.42,21
PAY-001476,HIST-001476,2026-05-22,33263.36,23
PAY-000482,HIST-000482,2026-05-22,65526.87,20
PAY-003165,HIST-003165,2026-05-22,195942.63,28
PAY-002127,HIST-002127,2026-05-22,70061.97,12
PAY-003263,HIST-003263,2026-05-22,61864.21,33
PAY-002194,HIST-002194,2026-05-22,50535.13,40
PAY-002226,HIST-002226,2026-05-23,59639.34,30
PAY-001035,HIST-001035,2026-05-23,62585.15,11
PAY-001598,HIST-001598,2026-05-23,34783.18,39
PAY-003813,HIST-003813,2026-05-23,64169.59,9
PAY-002348,HIST-002348,2026-05-23,31722.14,22
PAY-003533,HIST-003533,2026-05-23,39116.88,6
PAY-003214,HIST-003214,2026-05-23,15763.03,6
PAY-000424,HIST-000424,2026-05-24,35449.39,28
PAY-001199,HIST-001199,2026-05-24,27204.41,24
PAY-001057,HIST-001057,2026-05-24,19372.4,32
PAY-002896,HIST-002896,2026-05-24,126385.15,23
PAY-003196,HIST-003196,2026-05-24,50001.93,22
PAY-001456,HIST-001456,2026-05-24,8240.23,0
PAY-003524,HIST-003524,2026-05-24,41355.57,22
PAY-003159,HIST-003159,2026-05-24,28194.68,23
PAY-003723,HIST-003723,2026-05-25,39109.47,47
PAY-004273,HIST-004273,2026-05-25,44165.17,30
PAY-003129,HIST-003129,2026-05-25,52999.94,10
PAY-001663,HIST-001663,2026-05-25,54596.44,17
PAY-003119,HIST-003119,2026-05-25,26503.86,28
PAY-003754,HIST-003754,2026-05-25,74467.32,11
PAY-000083,HIST-000083,2026-05-25,53365.64,17
PAY-004566,HIST-004566,2026-05-25,48980.4,6
PAY-002325,HIST-002325,2026-05-26,9298.97,22
PAY-001817,HIST-001817,2026-05-26,40432.52,29
PAY-000428,HIST-000428,2026-05-26,45173.92,22
PAY-003614,HIST-003614,2026-05-26,37012.35,16
PAY-004433,HIST-004433,2026-05-26,188184.64,35
PAY-001426,HIST-001426,2026-05-26,114135.31,23
PAY-004632,HIST-004632,2026-05-26,7374.39,13
PAY-001674,HIST-001674,2026-05-26,51629.2,49
PAY-004001,HIST-004001,2026-05-26,77063.78,38
PAY-002971,HIST-002971,2026-05-26,38430.32,40
PAY-000198,HIST-000198,2026-05-26,65766.97,6
PAY-001263,HIST-001263,2026-05-27,59326.69,31
PAY-000079,HIST-000079,2026-05-27,77306.62,43
PAY-002970,HIST-002970,2026-05-27,28661.84,4
PAY-003118,HIST-003118,2026-05-27,10331.56,21
PAY-001597,HIST-001597,2026-05-27,81227.73,23
PAY-003649,HIST-003649,2026-05-27,41718.78,14
PAY-000723,HIST-000723,2026-05-27,70182.05,31
PAY-000901,HIST-000901,2026-05-27,121017.39,9
PAY-004350,HIST-004350,2026-05-27,61998.08,12
PAY-004349,HIST-004349,2026-05-27,85860.91,25
PAY-001259,HIST-001259,2026-05-28,27284.78,35
PAY-002266,HIST-002266,2026-05-28,275386.26,6
PAY-001264,HIST-001264,2026-05-28,27633.68,14
PAY-000617,HIST-000617,2026-05-28,49635.69,22
PAY-002906,HIST-002906,2026-05-28,49044.39,17
PAY-003272,HIST-003272,2026-05-28,40626.05,19
PAY-000095,HIST-000095,2026-05-28,179540.64,7
PAY-002990,HIST-002990,2026-05-28,20077.01,16
PAY-002529,HIST-002529,2026-05-28,68585.27,50
PAY-004701,HIST-004701,2026-05-28,92251.29,22
PAY-001550,HIST-001550,2026-05-28,22909.8,11
PAY-002754,HIST-002754,2026-05-28,26595.63,7
PAY-003867,HIST-003867,2026-05-28,55936.2,24
PAY-003784,HIST-003784,2026-05-28,67963.35,19
PAY-001988,HIST-001988,2026-05-28,38446.22,20
PAY-001728,HIST-001728,2026-05-28,131446.51,21
PAY-004202,HIST-004202,2026-05-28,40170.48,25
PAY-003218,HIST-003218,2026-05-29,78878.65,44
PAY-003881,HIST-003881,2026-05-29,55687.71,25
PAY-004079,HIST-004079,2026-05-29,43297.68,41
PAY-004158,HIST-004158,2026-05-29,59721.08,17
PAY-004072,HIST-004072,2026-05-29,117278.69,14
PAY-004151,HIST-004151,2026-05-29,199030.23,20
PAY-000243,HIST-000243,2026-05-29,86081.3,26
PAY-000695,HIST-000695,2026-05-29,221942.41,7
PAY-004085,HIST-004085,2026-05-29,10599.22,33
PAY-001297,HIST-001297,2026-05-30,54320.93,45
PAY-004214,HIST-004214,2026-05-30,42778.37,13
PAY-003675,HIST-003675,2026-05-30,40201.73,7
PAY-001376,HIST-001376,2026-05-30,61395.84,23
PAY-003747,HIST-003747,2026-05-30,10326.29,20
PAY-000867,HIST-000867,2026-05-30,21126.58,12
PAY-002376,HIST-002376,2026-05-30,37234.05,20
PAY-001941,HIST-001941,2026-05-30,21610.66,-2
PAY-004724,HIST-004724,2026-05-31,80820.78,24
PAY-000698,HIST-000698,2026-05-31,60623.9,33
PAY-000229,HIST-000229,2026-05-31,33088.88,3
PAY-003428,HIST-003428,2026-05-31,24890.83,21
PAY-000300,HIST-000300,2026-05-31,4581.9,23
PAY-002076,HIST-002076,2026-05-31,14973.33,20
PAY-002654,HIST-002654,2026-05-31,59689.28,2
PAY-003003,HIST-003003,2026-05-31,37730.4,9
PAY-000124,HIST-000124,2026-05-31,17328.56,38
PAY-004145,HIST-004145,2026-05-31,34870.18,23
PAY-002887,HIST-002887,2026-05-31,26838.2,46
PAY-000147,HIST-000147,2026-05-31,29316.42,26
PAY-000189,HIST-000189,2026-05-31,55002.47,6
PAY-002118,HIST-002118,2026-05-31,18915.33,20
PAY-000809,HIST-000809,2026-05-31,55463.67,38
PAY-003858,HIST-003858,2026-05-31,8589.4,25
PAY-000268,HIST-000268,2026-06-01,21453.12,43
PAY-001645,HIST-001645,2026-06-01,18853.37,0
PAY-001134,HIST-001134,2026-06-01,18915.27,23
PAY-001245,HIST-001245,2026-06-01,18727.77,21
PAY-001196,HIST-001196,2026-06-01,51050.5,31
PAY-002377,HIST-002377,2026-06-01,21820.06,27
PAY-001427,HIST-001427,2026-06-01,21669.58,27
PAY-004401,HIST-004401,2026-06-01,17898.88,23
PAY-004712,HIST-004712,2026-06-01,55819.6,33
PAY-004676,HIST-004676,2026-06-02,122740.68,12
PAY-000440,HIST-000440,2026-06-02,17309.87,21
PAY-002167,HIST-002167,2026-06-02,91357.42,15
PAY-001225,HIST-001225,2026-06-02,154355.7,35
PAY-002003,HIST-002003,2026-06-02,29655.56,37
PAY-000963,HIST-000963,2026-06-02,22728.65,49
PAY-002733,HIST-002733,2026-06-02,90200.0,15
PAY-004331,HIST-004331,2026-06-02,37473.76,30
PAY-001993,HIST-001993,2026-06-02,9135.1,28
PAY-001441,HIST-001441,2026-06-02,21500.85,-2
PAY-002544,HIST-002544,2026-06-02,41702.18,8
PAY-003680,HIST-003680,2026-06-03,55735.51,23
PAY-002519,HIST-002519,2026-06-03,47738.47,31
PAY-001649,HIST-001649,2026-06-03,11094.35,23
PAY-001834,HIST-001834,2026-06-03,41131.82,42
PAY-000630,HIST-000630,2026-06-03,87908.21,25
PAY-000385,HIST-000385,2026-06-03,65264.88,64
PAY-002360,HIST-002360,2026-06-03,45703.24,22
PAY-000156,HIST-000156,2026-06-04,40940.78,18
PAY-000144,HIST-000144,2026-06-04,15588.91,47
PAY-002134,HIST-002134,2026-06-04,37341.03,21
PAY-004311,HIST-004311,2026-06-04,95954.42,10
PAY-001896,HIST-001896,2026-06-04,29127.03,29
PAY-002735,HIST-002735,2026-06-04,205833.15,19
PAY-001336,HIST-001336,2026-06-04,35765.83,20
PAY-002229,HIST-002229,2026-06-04,21798.92,31
PAY-001751,HIST-001751,2026-06-04,71578.34,23
PAY-002722,HIST-002722,2026-06-04,22807.76,15
PAY-003687,HIST-003687,2026-06-04,45798.78,15
PAY-002037,HIST-002037,2026-06-05,11611.13,23
PAY-000971,HIST-000971,2026-06-05,23625.08,38
PAY-001543,HIST-001543,2026-06-05,70415.75,33
PAY-002459,HIST-002459,2026-06-05,76922.72,33
PAY-003800,HIST-003800,2026-06-05,24532.77,33
PAY-002014,HIST-002014,2026-06-05,15542.64,20
PAY-001116,HIST-001116,2026-06-05,122059.66,31
PAY-002222,HIST-002222,2026-06-05,88405.34,19
PAY-002339,HIST-002339,2026-06-06,10804.34,37
PAY-002417,HIST-002417,2026-06-06,23431.0,35
PAY-002952,HIST-002952,2026-06-06,114902.9,12
PAY-000728,HIST-000728,2026-06-06,147844.51,27
PAY-004127,HIST-004127,2026-06-06,239446.48,30
PAY-000574,HIST-000574,2026-06-06,54982.71,13
PAY-001163,HIST-001163,2026-06-06,56536.74,21
PAY-001436,HIST-001436,2026-06-06,50927.06,3
PAY-002432,HIST-002432,2026-06-06,152851.12,10
PAY-000181,HIST-000181,2026-06-06,41031.78,47
PAY-004373,HIST-004373,2026-06-06,120051.22,46
PAY-004655,HIST-004655,2026-06-06,88801.12,19
PAY-000126,HIST-000126,2026-06-07,45129.98,47
PAY-003293,HIST-003293,2026-06-07,15666.16,25
PAY-004797,HIST-004797,2026-06-07,207899.2,11
PAY-002869,HIST-002869,2026-06-07,25915.51,18
PAY-001502,HIST-001502,2026-06-07,69903.02,21
PAY-002113,HIST-002113,2026-06-07,20432.45,33
PAY-002966,HIST-002966,2026-06-07,118044.45,29
PAY-003317,HIST-003317,2026-06-07,36043.6,26
PAY-003061,HIST-003061,2026-06-07,72496.74,14
PAY-001119,HIST-001119,2026-06-07,49806.69,21
PAY-002153,HIST-002153,2026-06-07,45149.57,26
PAY-004213,HIST-004213,2026-06-08,29502.29,21
PAY-002225,HIST-002225,2026-06-08,141115.26,31
PAY-000499,HIST-000499,2026-06-08,56207.53,11
PAY-004372,HIST-004372,2026-06-08,11844.24,38
PAY-002756,HIST-002756,2026-06-08,13478.52,57
PAY-001696,HIST-001696,2026-06-08,15411.65,6
PAY-000795,HIST-000795,2026-06-08,43025.29,6
PAY-000398,HIST-000398,2026-06-09,51292.84,36
PAY-003183,HIST-003183,2026-06-09,37685.31,-2
PAY-002583,HIST-002583,2026-06-09,78406.62,2
PAY-001386,HIST-001386,2026-06-09,26480.53,16
PAY-001378,HIST-001378,2026-06-09,23117.38,21
PAY-002501,HIST-002501,2026-06-09,27825.59,8
PAY-001491,HIST-001491,2026-06-09,53897.27,16
PAY-001869,HIST-001869,2026-06-10,83815.83,25
PAY-003580,HIST-003580,2026-06-10,14333.42,18
PAY-004769,HIST-004769,2026-06-10,32106.52,15
PAY-002569,HIST-002569,2026-06-10,21711.13,8
PAY-002953,HIST-002953,2026-06-10,68629.8,-4
PAY-000699,HIST-000699,2026-06-10,57250.94,25
PAY-004643,HIST-004643,2026-06-10,24231.39,24
PAY-003882,HIST-003882,2026-06-10,128779.09,39
PAY-004156,HIST-004156,2026-06-10,142225.62,28
PAY-001775,HIST-001775,2026-06-10,32753.9,45
PAY-001161,HIST-001161,2026-06-10,83852.79,12
PAY-003473,HIST-003473,2026-06-11,8833.83,36
PAY-000537,HIST-000537,2026-06-11,74592.21,20
PAY-004404,HIST-004404,2026-06-11,38679.27,18
PAY-003705,HIST-003705,2026-06-11,18685.15,15
PAY-000887,HIST-000887,2026-06-11,70090.35,32
PAY-000321,HIST-000321,2026-06-11,12538.18,27
PAY-002644,HIST-002644,2026-06-11,43551.77,18
PAY-001650,HIST-001650,2026-06-11,44774.85,32
PAY-001677,HIST-001677,2026-06-11,40070.65,28
PAY-000117,HIST-000117,2026-06-11,43269.73,29
PAY-003242,HIST-003242,2026-06-11,27966.63,25
PAY-002749,HIST-002749,2026-06-12,117658.28,46
PAY-000674,HIST-000674,2026-06-12,114571.09,36
PAY-003976,HIST-003976,2026-06-12,27051.06,49
PAY-003341,HIST-003341,2026-06-12,21591.96,12
PAY-002918,HIST-002918,2026-06-12,81006.06,12
PAY-004034,HIST-004034,2026-06-12,114922.4,15
PAY-003029,HIST-003029,2026-06-12,22745.67,16
PAY-002107,HIST-002107,2026-06-12,109833.3,14
PAY-003142,HIST-003142,2026-06-12,20493.13,13
PAY-001339,HIST-001339,2026-06-12,16396.55,37
PAY-004517,HIST-004517,2026-06-13,37598.03,16
PAY-004027,HIST-004027,2026-06-13,70958.4,15
PAY-004531,HIST-004531,2026-06-13,25880.58,28
PAY-002788,HIST-002788,2026-06-13,57513.91,26
PAY-002599,HIST-002599,2026-06-13,162993.72,1
PAY-003333,HIST-003333,2026-06-13,63780.72,34
PAY-002934,HIST-002934,2026-06-13,43960.4,4
PAY-001721,HIST-001721,2026-06-14,25276.8,44
PAY-000714,HIST-000714,2026-06-14,24521.02,22
PAY-004387,HIST-004387,2026-06-14,11456.47,12
PAY-000114,HIST-000114,2026-06-14,52541.19,19
PAY-004268,HIST-004268,2026-06-14,111188.01,36
PAY-001856,HIST-001856,2026-06-14,14548.21,27
PAY-003143,HIST-003143,2026-06-14,82321.21,20
PAY-002436,HIST-002436,2026-06-14,53562.28,43
PAY-001301,HIST-001301,2026-06-14,30897.35,27
PAY-002049,HIST-002049,2026-06-14,23253.64,20
PAY-004303,HIST-004303,2026-06-14,83609.43,2
PAY-001753,HIST-001753,2026-06-14,48444.33,3
PAY-003168,HIST-003168,2026-06-14,30796.62,3
PAY-002277,HIST-002277,2026-06-14,18680.27,14
PAY-003282,HIST-003282,2026-06-14,74318.6,4
PAY-004757,HIST-004757,2026-06-15,60697.97,27
PAY-000086,HIST-000086,2026-06-15,25957.51,28
PAY-004729,HIST-004729,2026-06-15,34919.04,28
PAY-000550,HIST-000550,2026-06-15,142177.79,28
PAY-002689,HIST-002689,2026-06-15,31620.38,27
PAY-000652,HIST-000652,2026-06-15,50445.98,31
PAY-003852,HIST-003852,2026-06-15,57183.72,24
PAY-001452,HIST-001452,2026-06-15,23387.02,13
PAY-002231,HIST-002231,2026-06-15,51978.1,31
PAY-001732,HIST-001732,2026-06-15,56887.23,34
PAY-002085,HIST-002085,2026-06-15,73372.64,37
PAY-001202,HIST-001202,2026-06-15,39672.35,27
PAY-001138,HIST-001138,2026-06-15,49555.63,27
PAY-003247,HIST-003247,2026-06-15,47788.26,17
PAY-001394,HIST-001394,2026-06-15,34263.34,16
PAY-004535,HIST-004535,2026-06-15,57863.48,35
PAY-003840,HIST-003840,2026-06-15,65920.4,16
PAY-001083,HIST-001083,2026-06-15,55094.66,44
PAY-003255,HIST-003255,2026-06-16,61185.51,55
PAY-001526,HIST-001526,2026-06-16,15239.75,18
PAY-000065,HIST-000065,2026-06-16,63069.97,17
PAY-003968,HIST-003968,2026-06-16,57696.72,14
PAY-000332,HIST-000332,2026-06-16,85601.8,-1
PAY-000277,HIST-000277,2026-06-16,26553.8,8
PAY-000781,HIST-000781,2026-06-16,20932.15,-3
PAY-001667,HIST-001667,2026-06-17,11732.72,25
PAY-001214,HIST-001214,2026-06-17,43920.15,41
PAY-000983,HIST-000983,2026-06-17,15232.57,23
PAY-002748,HIST-002748,2026-06-17,39890.09,24
PAY-003880,HIST-003880,2026-06-17,28879.39,34
PAY-001985,HIST-001985,2026-06-18,26158.53,25
PAY-004746,HIST-004746,2026-06-18,16680.23,13
PAY-000871,HIST-000871,2026-06-18,71958.55,27
PAY-002448,HIST-002448,2026-06-18,207437.37,24
PAY-001582,HIST-001582,2026-06-18,55703.22,40
PAY-000437,HIST-000437,2026-06-18,9452.73,25
PAY-002214,HIST-002214,2026-06-18,74587.8,13
PAY-001077,HIST-001077,2026-06-18,99459.66,30
PAY-003359,HIST-003359,2026-06-18,37504.68,11
PAY-001774,HIST-001774,2026-06-18,27445.97,41
PAY-001720,HIST-001720,2026-06-18,26732.01,30
PAY-004715,HIST-004715,2026-06-18,91541.5,35
PAY-002223,HIST-002223,2026-06-19,19625.93,7
PAY-003640,HIST-003640,2026-06-19,69616.59,23
PAY-000029,HIST-000029,2026-06-19,31691.0,15
PAY-004469,HIST-004469,2026-06-19,145761.97,40
PAY-002077,HIST-002077,2026-06-19,78575.15,-2
PAY-003996,HIST-003996,2026-06-19,11206.7,51
PAY-000113,HIST-000113,2026-06-19,23164.08,14
PAY-003938,HIST-003938,2026-06-19,98369.68,13
PAY-003439,HIST-003439,2026-06-19,49991.09,28
PAY-000902,HIST-000902,2026-06-19,74267.24,19
PAY-002388,HIST-002388,2026-06-19,7228.11,10
PAY-000054,HIST-000054,2026-06-19,39639.56,18
PAY-003026,HIST-003026,2026-06-20,64106.15,6
PAY-004363,HIST-004363,2026-06-20,12918.25,18
PAY-004666,HIST-004666,2026-06-20,41492.28,13
PAY-000953,HIST-000953,2026-06-20,26962.54,32
PAY-004693,HIST-004693,2026-06-20,64161.28,18
PAY-002321,HIST-002321,2026-06-20,27473.5,32
PAY-001277,HIST-001277,2026-06-20,70469.61,20
PAY-000108,HIST-000108,2026-06-20,73252.64,28
PAY-004497,HIST-004497,2026-06-20,103438.68,48
PAY-003117,HIST-003117,2026-06-20,45465.62,6
PAY-003364,HIST-003364,2026-06-20,15942.32,38
PAY-000721,HIST-000721,2026-06-21,60796.67,28
PAY-001392,HIST-001392,2026-06-21,64120.29,47
PAY-004255,HIST-004255,2026-06-21,208296.98,11
PAY-000719,HIST-000719,2026-06-21,31747.59,24
PAY-004047,HIST-004047,2026-06-21,38821.49,34
PAY-001831,HIST-001831,2026-06-21,15482.02,30
PAY-003583,HIST-003583,2026-06-21,96517.8,34
PAY-004521,HIST-004521,2026-06-21,49896.29,35
PAY-003467,HIST-003467,2026-06-22,13407.53,16
PAY-001642,HIST-001642,2026-06-22,25780.63,35
PAY-002873,HIST-002873,2026-06-22,34013.01,22
PAY-002496,HIST-002496,2026-06-22,30754.98,39
PAY-002390,HIST-002390,2026-06-22,29628.23,25
PAY-004619,HIST-004619,2026-06-22,15462.86,19
PAY-000703,HIST-000703,2026-06-22,61064.43,15
PAY-004671,HIST-004671,2026-06-22,57551.74,33
PAY-002246,HIST-002246,2026-06-22,51977.86,22
PAY-001453,HIST-001453,2026-06-22,53088.91,26
PAY-001563,HIST-001563,2026-06-22,81490.8,15
PAY-000596,HIST-000596,2026-06-22,38405.68,20
PAY-000498,HIST-000498,2026-06-22,79091.38,44
PAY-003444,HIST-003444,2026-06-23,27498.73,33
PAY-002658,HIST-002658,2026-06-23,58822.04,43
PAY-000945,HIST-000945,2026-06-23,66593.42,1
PAY-002575,HIST-002575,2026-06-23,24034.75,12
PAY-002991,HIST-002991,2026-06-23,74913.24,14
PAY-004722,HIST-004722,2026-06-23,94135.41,13
PAY-003797,HIST-003797,2026-06-23,13128.35,10
PAY-001406,HIST-001406,2026-06-23,119481.46,2
PAY-003071,HIST-003071,2026-06-23,30672.49,38
PAY-000745,HIST-000745,2026-06-23,8924.47,15
PAY-004200,HIST-004200,2026-06-23,22271.56,38
PAY-001815,HIST-001815,2026-06-24,11754.24,26
PAY-002011,HIST-002011,2026-06-24,129612.95,48
PAY-002055,HIST-002055,2026-06-24,136249.48,17
PAY-001025,HIST-001025,2026-06-24,106396.94,21
PAY-004317,HIST-004317,2026-06-24,53706.07,15
PAY-000366,HIST-000366,2026-06-24,20963.92,36
PAY-003421,HIST-003421,2026-06-24,38454.92,7
PAY-003727,HIST-003727,2026-06-24,141488.48,19
PAY-003848,HIST-003848,2026-06-24,188242.75,31
PAY-003329,HIST-003329,2026-06-24,21522.43,16
PAY-000032,HIST-000032,2026-06-25,48518.82,18
PAY-004699,HIST-004699,2026-06-25,89954.12,49
PAY-002594,HIST-002594,2026-06-25,34540.1,12
PAY-003402,HIST-003402,2026-06-25,113299.15,48
PAY-001590,HIST-001590,2026-06-25,73211.77,42
PAY-004289,HIST-004289,2026-06-25,17305.8,9
PAY-003330,HIST-003330,2026-06-25,29161.27,-1
PAY-003420,HIST-003420,2026-06-25,44820.34,19
PAY-003100,HIST-003100,2026-06-25,33922.05,35
PAY-001986,HIST-001986,2026-06-25,10618.5,27
PAY-000215,HIST-000215,2026-06-25,20497.6,14
PAY-004203,HIST-004203,2026-06-25,17440.55,45
PAY-001739,HIST-001739,2026-06-25,26418.29,18
PAY-003798,HIST-003798,2026-06-25,93570.62,42
PAY-000041,HIST-000041,2026-06-25,58442.2,15
PAY-003505,HIST-003505,2026-06-25,53710.28,37
PAY-000587,HIST-000587,2026-06-25,39023.35,28
PAY-001908,HIST-001908,2026-06-25,26882.61,1
PAY-003973,HIST-003973,2026-06-26,103440.39,-5
PAY-001020,HIST-001020,2026-06-26,17794.71,41
PAY-003385,HIST-003385,2026-06-26,100797.1,29
PAY-002660,HIST-002660,2026-06-26,28175.53,17
PAY-001302,HIST-001302,2026-06-26,21470.98,40
PAY-002968,HIST-002968,2026-06-26,10751.21,26
PAY-002279,HIST-002279,2026-06-26,18735.69,43
PAY-001585,HIST-001585,2026-06-26,67184.49,20
PAY-001229,HIST-001229,2026-06-26,49906.31,12
PAY-004454,HIST-004454,2026-06-27,25821.04,41
PAY-001567,HIST-001567,2026-06-27,66758.8,6
PAY-004334,HIST-004334,2026-06-27,19673.98,19
PAY-002781,HIST-002781,2026-06-27,50420.64,18
PAY-001062,HIST-001062,2026-06-27,16294.58,28
PAY-003679,HIST-003679,2026-06-27,25847.58,26
PAY-001678,HIST-001678,2026-06-27,79969.4,43
PAY-004510,HIST-004510,2026-06-27,12782.06,30
PAY-004368,HIST-004368,2026-06-27,25439.01,32
PAY-000151,HIST-000151,2026-06-28,109212.54,60
PAY-004012,HIST-004012,2026-06-28,28891.3,7
PAY-003781,HIST-003781,2026-06-28,90837.19,30
PAY-002095,HIST-002095,2026-06-28,16092.54,7
PAY-003908,HIST-003908,2026-06-28,7394.43,30
PAY-003134,HIST-003134,2026-06-28,33747.03,23
PAY-002853,HIST-002853,2026-06-28,55900.43,13
PAY-000646,HIST-000646,2026-06-28,136779.76,23
PAY-004221,HIST-004221,2026-06-28,54103.64,42
PAY-001148,HIST-001148,2026-06-28,24551.59,26
PAY-000125,HIST-000125,2026-06-28,85883.03,49
PAY-003170,HIST-003170,2026-06-28,32611.2,-5
PAY-004485,HIST-004485,2026-06-28,83925.99,16
PAY-003711,HIST-003711,2026-06-28,33341.43,1
PAY-001641,HIST-001641,2026-06-28,86622.87,44
PAY-000369,HIST-000369,2026-06-28,67712.29,39
PAY-000002,HIST-000002,2026-06-28,80990.49,20
PAY-004778,HIST-004778,2026-06-28,51450.32,23
PAY-004169,HIST-004169,2026-06-29,7744.58,28
PAY-004537,HIST-004537,2026-06-29,22374.57,31
PAY-000598,HIST-000598,2026-06-29,49968.59,16
PAY-003871,HIST-003871,2026-06-29,38307.48,43
PAY-002605,HIST-002605,2026-06-29,25612.84,-5
PAY-003548,HIST-003548,2026-06-29,88964.05,13
PAY-001068,HIST-001068,2026-06-29,96040.65,44
PAY-004365,HIST-004365,2026-06-29,27140.78,20
PAY-000211,HIST-000211,2026-06-29,44087.42,18
PAY-001471,HIST-001471,2026-06-30,36244.76,18
PAY-002442,HIST-002442,2026-06-30,41373.07,20
PAY-001388,HIST-001388,2026-06-30,7458.57,27
PAY-002972,HIST-002972,2026-06-30,54878.66,45
PAY-001051,HIST-001051,2026-06-30,37117.23,22
PAY-004721,HIST-004721,2026-06-30,57222.09,45
PAY-000235,HIST-000235,2026-06-30,5360.86,44
PAY-001627,HIST-001627,2026-06-30,26898.61,37
PAY-004766,HIST-004766,2026-07-01,41647.97,28
PAY-001724,HIST-001724,2026-07-01,8365.0,5
PAY-000656,HIST-000656,2026-07-01,89977.83,20
PAY-003712,HIST-003712,2026-07-01,105230.31,20
PAY-002285,HIST-002285,2026-07-01,31575.16,36
PAY-001559,HIST-001559,2026-07-01,99555.17,7
PAY-000039,HIST-000039,2026-07-01,38735.41,26
PAY-002799,HIST-002799,2026-07-01,40859.08,2
PAY-004036,HIST-004036,2026-07-01,26958.13,24
PAY-002814,HIST-002814,2026-07-01,28185.22,21
PAY-004191,HIST-004191,2026-07-01,63354.79,41
PAY-002882,HIST-002882,2026-07-01,22407.57,7
PAY-003542,HIST-003542,2026-07-02,45086.33,18
PAY-001935,HIST-001935,2026-07-02,74148.71,18
PAY-003615,HIST-003615,2026-07-02,80001.53,31
PAY-003746,HIST-003746,2026-07-02,21254.24,25
PAY-002625,HIST-002625,2026-07-02,63302.48,33
PAY-001830,HIST-001830,2026-07-02,7592.62,17
PAY-003299,HIST-003299,2026-07-02,38361.42,18
PAY-001934,HIST-001934,2026-07-02,120629.65,39
PAY-003618,HIST-003618,2026-07-02,24648.05,13
PAY-003107,HIST-003107,2026-07-02,43293.59,25
PAY-000843,HIST-000843,2026-07-02,67743.08,35
PAY-000224,HIST-000224,2026-07-03,87719.09,26
PAY-002856,HIST-002856,2026-07-03,7031.61,46
PAY-001885,HIST-001885,2026-07-03,38233.29,36
PAY-003971,HIST-003971,2026-07-03,107485.57,23
PAY-001387,HIST-001387,2026-07-03,52391.41,22
PAY-004026,HIST-004026,2026-07-03,12201.27,27
PAY-003485,HIST-003485,2026-07-03,95541.03,5
PAY-004131,HIST-004131,2026-07-03,310708.21,28
PAY-000472,HIST-000472,2026-07-03,47574.46,47
PAY-004265,HIST-004265,2026-07-03,24141.78,46
PAY-004647,HIST-004647,2026-07-03,52550.23,11
PAY-001093,HIST-001093,2026-07-03,61737.99,37
PAY-001504,HIST-001504,2026-07-03,7630.86,32
PAY-003562,HIST-003562,2026-07-04,38481.95,21
PAY-002901,HIST-002901,2026-07-04,52359.16,29
PAY-001928,HIST-001928,2026-07-04,39367.03,41
PAY-001429,HIST-001429,2026-07-04,33164.19,11
PAY-004157,HIST-004157,2026-07-04,23159.1,52
PAY-001220,HIST-001220,2026-07-04,12946.31,47
PAY-001047,HIST-001047,2026-07-04,167474.24,36
PAY-001461,HIST-001461,2026-07-04,53707.71,14
PAY-000986,HIST-000986,2026-07-04,46578.34,36
PAY-001450,HIST-001450,2026-07-04,15948.41,34
PAY-001705,HIST-001705,2026-07-04,36354.0,30
PAY-002171,HIST-002171,2026-07-05,40790.24,32
PAY-001812,HIST-001812,2026-07-05,17921.17,52
PAY-002984,HIST-002984,2026-07-05,76794.27,23
PAY-000352,HIST-000352,2026-07-05,7728.21,1
PAY-000380,HIST-000380,2026-07-05,64290.29,28
PAY-001874,HIST-001874,2026-07-05,8940.17,16
PAY-000629,HIST-000629,2026-07-05,13086.97,19
PAY-001011,HIST-001011,2026-07-05,13724.55,31
PAY-004756,HIST-004756,2026-07-05,103823.69,7
PAY-000928,HIST-000928,2026-07-05,39455.78,47
PAY-000725,HIST-000725,2026-07-05,142729.86,29
PAY-001876,HIST-001876,2026-07-05,36464.4,16
PAY-004745,HIST-004745,2026-07-06,66228.69,27
PAY-002359,HIST-002359,2026-07-06,47173.43,27
PAY-004639,HIST-004639,2026-07-06,31686.34,41
PAY-004612,HIST-004612,2026-07-06,27756.1,24
PAY-002041,HIST-002041,2026-07-06,100943.68,22
PAY-000707,HIST-000707,2026-07-06,72878.82,28
PAY-003690,HIST-003690,2026-07-06,21917.65,31
PAY-001043,HIST-001043,2026-07-06,15983.15,12
PAY-001003,HIST-001003,2026-07-07,282234.42,20
PAY-001295,HIST-001295,2026-07-07,15922.37,58
PAY-000509,HIST-000509,2026-07-07,121562.29,19
PAY-000006,HIST-000006,2026-07-07,83485.45,42
PAY-002398,HIST-002398,2026-07-07,57798.15,10
PAY-000058,HIST-000058,2026-07-07,21393.84,48
PAY-002144,HIST-002144,2026-07-07,150602.23,39
PAY-003162,HIST-003162,2026-07-07,12791.75,16
PAY-003034,HIST-003034,2026-07-07,27419.95,32
PAY-000932,HIST-000932,2026-07-07,47312.1,16
PAY-000502,HIST-000502,2026-07-07,119751.96,28
PAY-004194,HIST-004194,2026-07-08,273028.51,17
PAY-004251,HIST-004251,2026-07-08,13121.14,17
PAY-002771,HIST-002771,2026-07-08,36310.96,43
PAY-000811,HIST-000811,2026-07-08,179769.35,20
PAY-001158,HIST-001158,2026-07-08,77327.65,7
PAY-002737,HIST-002737,2026-07-08,19338.16,14
PAY-004698,HIST-004698,2026-07-08,90558.89,34
PAY-001789,HIST-001789,2026-07-08,24572.71,19
PAY-003897,HIST-003897,2026-07-08,57296.68,12
PAY-000374,HIST-000374,2026-07-08,23852.54,52
PAY-003953,HIST-003953,2026-07-09,20903.29,9
PAY-003186,HIST-003186,2026-07-09,84729.07,32
PAY-000230,HIST-000230,2026-07-09,63552.17,8
PAY-003205,HIST-003205,2026-07-09,48791.31,22
PAY-001821,HIST-001821,2026-07-09,33522.27,4
PAY-000497,HIST-000497,2026-07-09,20968.73,18
PAY-003721,HIST-003721,2026-07-09,88338.27,33
PAY-003021,HIST-003021,2026-07-10,29332.0,23
PAY-000908,HIST-000908,2026-07-10,45979.88,43
PAY-003369,HIST-003369,2026-07-10,20642.35,13
PAY-004577,HIST-004577,2026-07-10,44734.77,35
PAY-002652,HIST-002652,2026-07-10,58707.54,12
PAY-004121,HIST-004121,2026-07-10,59148.7,-5
PAY-001570,HIST-001570,2026-07-10,98336.99,15
PAY-001223,HIST-001223,2026-07-11,70047.99,23
PAY-001865,HIST-001865,2026-07-11,28577.74,30
PAY-000274,HIST-000274,2026-07-11,142876.62,13
PAY-002196,HIST-002196,2026-07-11,71110.84,21
PAY-003661,HIST-003661,2026-07-11,125901.86,10
PAY-001587,HIST-001587,2026-07-11,69086.98,-1
PAY-004400,HIST-004400,2026-07-11,105317.1,16
PAY-000770,HIST-000770,2026-07-11,48161.75,17
PAY-002190,HIST-002190,2026-07-11,95889.54,21
PAY-002617,HIST-002617,2026-07-11,123229.66,15
PAY-004570,HIST-004570,2026-07-12,42575.85,35
PAY-000632,HIST-000632,2026-07-12,122947.82,19
PAY-000040,HIST-000040,2026-07-12,26070.24,16
PAY-001221,HIST-001221,2026-07-12,22482.58,24
PAY-002474,HIST-002474,2026-07-12,208884.22,40
PAY-004344,HIST-004344,2026-07-12,50920.13,50
PAY-002770,HIST-002770,2026-07-12,36472.34,45
PAY-003455,HIST-003455,2026-07-12,30202.08,27
PAY-003635,HIST-003635,2026-07-13,38778.7,29
PAY-002051,HIST-002051,2026-07-13,145286.24,20
PAY-003644,HIST-003644,2026-07-13,47020.13,28
PAY-004189,HIST-004189,2026-07-13,76945.61,1
PAY-000796,HIST-000796,2026-07-13,17959.5,13
PAY-001618,HIST-001618,2026-07-13,39997.89,38
PAY-001088,HIST-001088,2026-07-13,76912.47,13
PAY-002304,HIST-002304,2026-07-13,38109.42,14
PAY-002616,HIST-002616,2026-07-13,36764.04,15
PAY-001555,HIST-001555,2026-07-14,45832.71,22
PAY-003631,HIST-003631,2026-07-14,30473.21,49
PAY-004316,HIST-004316,2026-07-14,25059.09,-2
PAY-003182,HIST-003182,2026-07-14,37552.88,26
PAY-002908,HIST-002908,2026-07-14,13236.6,33
PAY-004774,HIST-004774,2026-07-14,165080.79,21
PAY-001723,HIST-001723,2026-07-14,36764.78,23
PAY-004790,HIST-004790,2026-07-15,45656.16,27
PAY-002202,HIST-002202,2026-07-15,16134.23,15
PAY-003527,HIST-003527,2026-07-15,13058.57,24
PAY-001072,HIST-001072,2026-07-15,17005.45,52
PAY-001266,HIST-001266,2026-07-15,39375.73,19
PAY-004139,HIST-004139,2026-07-15,144439.19,24
PAY-000121,HIST-000121,2026-07-15,131008.57,26
PAY-002162,HIST-002162,2026-07-15,52647.79,26
PAY-000319,HIST-000319,2026-07-15,124621.52,37
PAY-001694,HIST-001694,2026-07-15,21682.78,34
PAY-002368,HIST-002368,2026-07-15,21470.79,12
PAY-003112,HIST-003112,2026-07-15,33256.84,31
PAY-003286,HIST-003286,2026-07-15,49244.15,17
PAY-002632,HIST-002632,2026-07-16,140397.94,41
PAY-003826,HIST-003826,2026-07-16,43696.17,18
PAY-002465,HIST-002465,2026-07-16,70283.7,18
PAY-002399,HIST-002399,2026-07-16,47361.33,31
PAY-001413,HIST-001413,2026-07-16,90214.58,23
PAY-000226,HIST-000226,2026-07-16,45615.88,26
PAY-000849,HIST-000849,2026-07-16,23670.04,43
PAY-002155,HIST-002155,2026-07-16,19686.42,17
PAY-000751,HIST-000751,2026-07-16,18409.48,26
PAY-004646,HIST-004646,2026-07-16,78222.16,21
PAY-003164,HIST-003164,2026-07-16,28215.63,27
PAY-002762,HIST-002762,2026-07-16,33072.54,18
PAY-000790,HIST-000790,2026-07-16,52672.88,24
PAY-003610,HIST-003610,2026-07-17,18483.62,41
PAY-002746,HIST-002746,2026-07-17,46519.63,36
PAY-001421,HIST-001421,2026-07-17,43030.9,15
PAY-004353,HIST-004353,2026-07-17,16500.47,11
PAY-002539,HIST-002539,2026-07-17,53622.67,10
PAY-001108,HIST-001108,2026-07-17,49908.01,52
PAY-000802,HIST-000802,2026-07-17,32135.58,18
PAY-003172,HIST-003172,2026-07-17,58886.2,37
PAY-002043,HIST-002043,2026-07-18,28353.25,39
PAY-004172,HIST-004172,2026-07-18,259436.31,25
PAY-000762,HIST-000762,2026-07-18,50955.71,49
PAY-003803,HIST-003803,2026-07-18,17069.01,27
PAY-002275,HIST-002275,2026-07-18,18413.8,28
PAY-002674,HIST-002674,2026-07-18,23378.84,40
PAY-001322,HIST-001322,2026-07-18,13637.36,17
PAY-002148,HIST-002148,2026-07-18,57543.17,47
PAY-002228,HIST-002228,2026-07-18,24748.31,29
PAY-003546,HIST-003546,2026-07-18,58611.53,44
PAY-000285,HIST-000285,2026-07-18,99628.15,35
PAY-002158,HIST-002158,2026-07-18,36575.22,21
PAY-004785,HIST-004785,2026-07-18,16584.6,30
PAY-004006,HIST-004006,2026-07-18,115552.43,41
PAY-004545,HIST-004545,2026-07-19,40866.96,35
PAY-002694,HIST-002694,2026-07-19,41327.57,37
PAY-002075,HIST-002075,2026-07-19,77228.4,39
PAY-003940,HIST-003940,2026-07-19,13025.99,17
PAY-002387,HIST-002387,2026-07-19,34821.44,18
PAY-001702,HIST-001702,2026-07-19,27847.46,40
PAY-001490,HIST-001490,2026-07-19,67670.21,56
PAY-004315,HIST-004315,2026-07-19,53469.71,29
PAY-000680,HIST-000680,2026-07-19,17670.75,47
PAY-002342,HIST-002342,2026-07-19,74540.54,28
PAY-004493,HIST-004493,2026-07-19,19395.68,22
PAY-003018,HIST-003018,2026-07-19,76987.09,31
PAY-003087,HIST-003087,2026-07-19,12649.55,25
PAY-004097,HIST-004097,2026-07-20,22706.93,17
PAY-004552,HIST-004552,2026-07-20,41246.94,29
PAY-001593,HIST-001593,2026-07-20,56041.44,34
PAY-001814,HIST-001814,2026-07-20,13856.29,35
PAY-002362,HIST-002362,2026-07-20,50805.3,20
PAY-000877,HIST-000877,2026-07-20,13806.71,23
PAY-001881,HIST-001881,2026-07-20,73450.8,42
PAY-002641,HIST-002641,2026-07-20,79104.3,33
PAY-001664,HIST-001664,2026-07-20,19748.16,6
PAY-002797,HIST-002797,2026-07-21,53807.09,45
PAY-004143,HIST-004143,2026-07-21,94667.0,36
PAY-000840,HIST-000840,2026-07-21,68004.4,49
PAY-001475,HIST-001475,2026-07-21,20256.81,44
PAY-004627,HIST-004627,2026-07-21,18016.28,7
PAY-000490,HIST-000490,2026-07-22,127687.11,51
PAY-003050,HIST-003050,2026-07-22,55456.5,37
PAY-004312,HIST-004312,2026-07-22,32975.13,48
PAY-004791,HIST-004791,2026-07-22,97857.12,27
PAY-001254,HIST-001254,2026-07-22,53299.01,35
PAY-003773,HIST-003773,2026-07-22,30205.1,27
PAY-001006,HIST-001006,2026-07-22,38480.72,47
PAY-002112,HIST-002112,2026-07-22,129097.35,32
PAY-003660,HIST-003660,2026-07-22,51477.67,23
PAY-002378,HIST-002378,2026-07-22,24632.18,44
PAY-001143,HIST-001143,2026-07-22,68515.54,23
PAY-003342,HIST-003342,2026-07-23,38785.1,53
PAY-003961,HIST-003961,2026-07-23,29288.92,19
PAY-003759,HIST-003759,2026-07-23,16682.18,27
PAY-002668,HIST-002668,2026-07-23,11348.09,25
PAY-001984,HIST-001984,2026-07-23,102481.89,11
PAY-004736,HIST-004736,2026-07-23,159202.05,48
PAY-000283,HIST-000283,2026-07-23,30086.84,18
PAY-001055,HIST-001055,2026-07-23,38270.24,28
PAY-002333,HIST-002333,2026-07-23,157860.12,21
PAY-000800,HIST-000800,2026-07-23,9544.76,33
PAY-000407,HIST-000407,2026-07-23,17657.76,38
PAY-004697,HIST-004697,2026-07-23,9261.13,31
PAY-002541,HIST-002541,2026-07-24,11742.59,29
PAY-003366,HIST-003366,2026-07-24,34725.26,29
PAY-001533,HIST-001533,2026-07-24,75767.54,30
PAY-002582,HIST-002582,2026-07-24,62494.74,48
PAY-001153,HIST-001153,2026-07-24,9664.06,40
PAY-003861,HIST-003861,2026-07-24,28601.57,10
PAY-004592,HIST-004592,2026-07-24,91005.12,16
PAY-001174,HIST-001174,2026-07-24,23244.2,50
PAY-002848,HIST-002848,2026-07-24,51591.28,27
PAY-002739,HIST-002739,2026-07-25,18226.57,34
PAY-004314,HIST-004314,2026-07-25,23866.9,33
PAY-002479,HIST-002479,2026-07-25,24209.52,30
PAY-001179,HIST-001179,2026-07-25,36328.27,18
PAY-000743,HIST-000743,2026-07-25,54746.95,29
PAY-001031,HIST-001031,2026-07-25,117644.01,22
PAY-003041,HIST-003041,2026-07-26,88247.51,14
PAY-002998,HIST-002998,2026-07-26,91789.06,21
PAY-004587,HIST-004587,2026-07-26,11399.56,27
PAY-002876,HIST-002876,2026-07-26,20863.04,32
PAY-000590,HIST-000590,2026-07-26,61126.5,10
PAY-001172,HIST-001172,2026-07-27,22638.74,43
PAY-002022,HIST-002022,2026-07-27,74088.64,33
PAY-002798,HIST-002798,2026-07-27,21380.93,33
PAY-004452,HIST-004452,2026-07-27,24752.8,27
PAY-000600,HIST-000600,2026-07-28,44403.61,33
PAY-003760,HIST-003760,2026-07-28,24823.51,27
PAY-001402,HIST-001402,2026-07-28,44257.49,50
PAY-001164,HIST-001164,2026-07-28,54824.14,27
PAY-001314,HIST-001314,2026-07-29,40133.03,20
PAY-003245,HIST-003245,2026-07-29,24659.87,21
PAY-004228,HIST-004228,2026-07-29,19657.6,51
PAY-003522,HIST-003522,2026-07-29,14385.64,18
PAY-000749,HIST-000749,2026-07-30,35902.27,25
PAY-004105,HIST-004105,2026-07-30,30812.5,19
PAY-001041,HIST-001041,2026-07-31,22052.11,31
PAY-002907,HIST-002907,2026-07-31,82158.39,40
PAY-001280,HIST-001280,2026-07-31,98387.86,36
PAY-000573,HIST-000573,2026-07-31,22072.88,13
PAY-003474,HIST-003474,2026-07-31,121327.74,40
PAY-002395,HIST-002395,2026-07-31,61997.83,19
PAY-002875,HIST-002875,2026-07-31,30270.84,30
PAY-004369,HIST-004369,2026-07-31,45824.73,19
PAY-004704,HIST-004704,2026-08-01,47265.84,30
PAY-003079,HIST-003079,2026-08-02,42074.34,23
PAY-002257,HIST-002257,2026-08-02,31049.35,25
PAY-004681,HIST-004681,2026-08-02,103981.69,35
PAY-001740,HIST-001740,2026-08-02,64831.87,35
PAY-000356,HIST-000356,2026-08-02,26626.82,16
PAY-001660,HIST-001660,2026-08-02,57610.96,33
PAY-000952,HIST-000952,2026-08-03,80373.78,7
PAY-004135,HIST-004135,2026-08-03,29059.6,19
PAY-001271,HIST-001271,2026-08-03,13776.68,37
PAY-004184,HIST-004184,2026-08-03,59147.98,38
PAY-002923,HIST-002923,2026-08-03,24998.34,17
PAY-001877,HIST-001877,2026-08-03,27691.18,31
PAY-000023,HIST-000023,2026-08-04,22509.58,17
PAY-004506,HIST-004506,2026-08-04,53408.33,30
PAY-000965,HIST-000965,2026-08-04,74462.14,38
PAY-001200,HIST-001200,2026-08-04,40240.7,28
PAY-000688,HIST-000688,2026-08-04,21487.96,57
PAY-000568,HIST-000568,2026-08-04,10072.25,20
PAY-002800,HIST-002800,2026-08-05,22035.11,37
PAY-004059,HIST-004059,2026-08-05,47287.01,54
PAY-003092,HIST-003092,2026-08-05,65868.34,58
PAY-003367,HIST-003367,2026-08-05,48043.39,43
PAY-003869,HIST-003869,2026-08-05,97624.03,35
PAY-001784,HIST-001784,2026-08-05,19375.54,28
PAY-003215,HIST-003215,2026-08-05,12986.42,21
PAY-000526,HIST-000526,2026-08-05,19670.4,35
PAY-001848,HIST-001848,2026-08-05,71021.64,4
PAY-002492,HIST-002492,2026-08-05,113939.64,44
PAY-003656,HIST-003656,2026-08-05,13255.77,56
PAY-001616,HIST-001616,2026-08-06,43350.08,43
PAY-000276,HIST-000276,2026-08-06,104061.92,58
PAY-002495,HIST-002495,2026-08-06,57522.86,34
PAY-003637,HIST-003637,2026-08-06,14433.39,54
PAY-000158,HIST-000158,2026-08-07,26373.19,46
PAY-004758,HIST-004758,2026-08-07,7392.29,36
PAY-002866,HIST-002866,2026-08-07,52457.95,25
PAY-003857,HIST-003857,2026-08-07,24585.68,27
PAY-001117,HIST-001117,2026-08-08,385417.81,36
PAY-001693,HIST-001693,2026-08-08,66516.95,35
PAY-000643,HIST-000643,2026-08-08,28294.2,43
PAY-000505,HIST-000505,2026-08-08,29161.76,46
PAY-000621,HIST-000621,2026-08-08,54922.8,42
PAY-004007,HIST-004007,2026-08-08,58979.59,43
PAY-002757,HIST-002757,2026-08-09,103649.24,46
PAY-003475,HIST-003475,2026-08-09,17778.89,18
PAY-004501,HIST-004501,2026-08-09,207207.5,34
PAY-003755,HIST-003755,2026-08-09,32012.34,51
PAY-003158,HIST-003158,2026-08-09,27782.08,48
PAY-002032,HIST-002032,2026-08-10,22025.04,47
PAY-003500,HIST-003500,2026-08-10,20993.57,52
PAY-004579,HIST-004579,2026-08-11,26956.88,10
PAY-002114,HIST-002114,2026-08-11,45701.73,18
PAY-001311,HIST-001311,2026-08-11,14738.92,27
PAY-003059,HIST-003059,2026-08-11,32156.3,39
PAY-000631,HIST-000631,2026-08-11,57121.3,45
PAY-004037,HIST-004037,2026-08-11,25386.67,28
PAY-002418,HIST-002418,2026-08-11,45540.71,34
PAY-000037,HIST-000037,2026-08-12,57379.22,38
PAY-003925,HIST-003925,2026-08-12,41028.04,34
PAY-003446,HIST-003446,2026-08-12,40841.59,45
PAY-000148,HIST-000148,2026-08-12,151244.73,35
PAY-004526,HIST-004526,2026-08-13,18220.7,30
PAY-003488,HIST-003488,2026-08-13,20775.62,39
PAY-002149,HIST-002149,2026-08-13,29093.48,11
PAY-001445,HIST-001445,2026-08-13,187551.1,42
PAY-000429,HIST-000429,2026-08-15,94261.86,45
PAY-000737,HIST-000737,2026-08-15,180285.29,45
PAY-003231,HIST-003231,2026-08-17,163808.23,51
PAY-004262,HIST-004262,2026-08-17,115700.63,30
PAY-001288,HIST-001288,2026-08-17,70873.74,41
PAY-003403,HIST-003403,2026-08-17,34680.92,30
PAY-004196,HIST-004196,2026-08-18,55288.14,54
PAY-002862,HIST-002862,2026-08-18,134116.79,40
PAY-003482,HIST-003482,2026-08-19,129398.23,32
PAY-003608,HIST-003608,2026-08-20,122846.91,30
PAY-001028,HIST-001028,2026-08-20,50756.2,39
PAY-001859,HIST-001859,2026-08-20,27907.78,49
PAY-004116,HIST-004116,2026-08-21,30078.24,55
PAY-002982,HIST-002982,2026-08-21,44710.57,52
PAY-003424,HIST-003424,2026-08-22,91041.15,36
PAY-004438,HIST-004438,2026-08-24,19419.05,46
PAY-003096,HIST-003096,2026-08-27,36517.99,32
PAY-000149,HIST-000149,2026-08-27,90371.17,44
PAY-001412,HIST-001412,2026-08-29,19778.48,32
PAY-001040,HIST-001040,2026-08-29,42540.75,42
PAY-000684,HIST-000684,2026-08-30,57411.5,48
PAY-001477,HIST-001477,2026-08-31,72654.35,37
PAY-003235,HIST-003235,2026-09-02,22533.54,55
PAY-000172,HIST-000172,2026-09-03,70731.07,38
PAY-001347,HIST-001347,2026-09-04,81232.32,35
PAY-001823,HIST-001823,2026-09-13,99838.35,45
PAY-001583,HIST-001583,2026-09-19,23658.46,50
